Command line invocation:
    /Applications/Xcode.app/Contents/Developer/usr/bin/xcodebuild -workspace ios/Vybe.xcworkspace -scheme Vybe -configuration Debug -sdk iphonesimulator -destination "platform=iOS Simulator,name=iPhone 17 Pro"

Build settings from command line:
    SDKROOT = iphonesimulator26.4

ComputePackagePrebuildTargetDependencyGraph

Prepare packages

CreateBuildRequest

SendProjectDescription

CreateBuildOperation

ComputeTargetDependencyGraph
note: Building targets in dependency order
note: Target dependency graph (154 targets)
    Target 'Vybe' in project 'Vybe'
        ➜ Implicit dependency on target 'Pods-Vybe' in project 'Pods' via file 'libPods-Vybe.a' in build phase 'Link Binary'
        ➜ Implicit dependency on target 'EXAV' in project 'Pods' via options '-lEXAV' in build setting 'OTHER_LDFLAGS'
        ➜ Implicit dependency on target 'EXApplication' in project 'Pods' via options '-lEXApplication' in build setting 'OTHER_LDFLAGS'
        ➜ Implicit dependency on target 'EXConstants' in project 'Pods' via options '-lEXConstants' in build setting 'OTHER_LDFLAGS'
        ➜ Implicit dependency on target 'Expo' in project 'Pods' via options '-lExpo' in build setting 'OTHER_LDFLAGS'
        ➜ Implicit dependency on target 'ExpoAsset' in project 'Pods' via options '-lExpoAsset' in build setting 'OTHER_LDFLAGS'
        ➜ Implicit dependency on target 'ExpoBlur' in project 'Pods' via options '-lExpoBlur' in build setting 'OTHER_LDFLAGS'
        ➜ Implicit dependency on target 'ExpoCamera' in project 'Pods' via options '-lExpoCamera' in build setting 'OTHER_LDFLAGS'
        ➜ Implicit dependency on target 'ExpoCameraBarcodeScanning' in project 'Pods' via options '-lExpoCameraBarcodeScanning' in build setting 'OTHER_LDFLAGS'
        ➜ Implicit dependency on target 'ExpoDomWebView' in project 'Pods' via options '-lExpoDomWebView' in build setting 'OTHER_LDFLAGS'
        ➜ Implicit dependency on target 'ExpoFileSystem' in project 'Pods' via options '-lExpoFileSystem' in build setting 'OTHER_LDFLAGS'
        ➜ Implicit dependency on target 'ExpoFont' in project 'Pods' via options '-lExpoFont' in build setting 'OTHER_LDFLAGS'
        ➜ Implicit dependency on target 'ExpoGlassEffect' in project 'Pods' via options '-lExpoGlassEffect' in build setting 'OTHER_LDFLAGS'
        ➜ Implicit dependency on target 'ExpoHaptics' in project 'Pods' via options '-lExpoHaptics' in build setting 'OTHER_LDFLAGS'
        ➜ Implicit dependency on target 'ExpoImage' in project 'Pods' via options '-lExpoImage' in build setting 'OTHER_LDFLAGS'
        ➜ Implicit dependency on target 'ExpoImagePicker' in project 'Pods' via options '-lExpoImagePicker' in build setting 'OTHER_LDFLAGS'
        ➜ Implicit dependency on target 'ExpoKeepAwake' in project 'Pods' via options '-lExpoKeepAwake' in build setting 'OTHER_LDFLAGS'
        ➜ Implicit dependency on target 'ExpoLinearGradient' in project 'Pods' via options '-lExpoLinearGradient' in build setting 'OTHER_LDFLAGS'
        ➜ Implicit dependency on target 'ExpoLinking' in project 'Pods' via options '-lExpoLinking' in build setting 'OTHER_LDFLAGS'
        ➜ Implicit dependency on target 'ExpoLocalization' in project 'Pods' via options '-lExpoLocalization' in build setting 'OTHER_LDFLAGS'
        ➜ Implicit dependency on target 'ExpoLogBox' in project 'Pods' via options '-lExpoLogBox' in build setting 'OTHER_LDFLAGS'
        ➜ Implicit dependency on target 'ExpoMediaLibrary' in project 'Pods' via options '-lExpoMediaLibrary' in build setting 'OTHER_LDFLAGS'
        ➜ Implicit dependency on target 'ExpoModulesCore' in project 'Pods' via options '-lExpoModulesCore' in build setting 'OTHER_LDFLAGS'
        ➜ Implicit dependency on target 'ExpoModulesJSI' in project 'Pods' via options '-lExpoModulesJSI' in build setting 'OTHER_LDFLAGS'
        ➜ Implicit dependency on target 'ExpoNotifications' in project 'Pods' via options '-lExpoNotifications' in build setting 'OTHER_LDFLAGS'
        ➜ Implicit dependency on target 'ExpoRouter' in project 'Pods' via options '-lExpoRouter' in build setting 'OTHER_LDFLAGS'
        ➜ Implicit dependency on target 'ExpoSecureStore' in project 'Pods' via options '-lExpoSecureStore' in build setting 'OTHER_LDFLAGS'
        ➜ Implicit dependency on target 'ExpoSplashScreen' in project 'Pods' via options '-lExpoSplashScreen' in build setting 'OTHER_LDFLAGS'
        ➜ Implicit dependency on target 'ExpoSymbols' in project 'Pods' via options '-lExpoSymbols' in build setting 'OTHER_LDFLAGS'
        ➜ Implicit dependency on target 'ExpoWebBrowser' in project 'Pods' via options '-lExpoWebBrowser' in build setting 'OTHER_LDFLAGS'
        ➜ Implicit dependency on target 'MMKVCore' in project 'Pods' via options '-lMMKVCore' in build setting 'OTHER_LDFLAGS'
        ➜ Implicit dependency on target 'NitroImage' in project 'Pods' via options '-lNitroImage' in build setting 'OTHER_LDFLAGS'
        ➜ Implicit dependency on target 'NitroMmkv' in project 'Pods' via options '-lNitroMmkv' in build setting 'OTHER_LDFLAGS'
        ➜ Implicit dependency on target 'NitroModules' in project 'Pods' via options '-lNitroModules' in build setting 'OTHER_LDFLAGS'
        ➜ Implicit dependency on target 'PurchasesHybridCommon' in project 'Pods' via options '-lPurchasesHybridCommon' in build setting 'OTHER_LDFLAGS'
        ➜ Implicit dependency on target 'PurchasesHybridCommonUI' in project 'Pods' via options '-lPurchasesHybridCommonUI' in build setting 'OTHER_LDFLAGS'
        ➜ Implicit dependency on target 'RCTSwiftUI' in project 'Pods' via options '-lRCTSwiftUI' in build setting 'OTHER_LDFLAGS'
        ➜ Implicit dependency on target 'RCTSwiftUIWrapper' in project 'Pods' via options '-lRCTSwiftUIWrapper' in build setting 'OTHER_LDFLAGS'
        ➜ Implicit dependency on target 'RNCAsyncStorage' in project 'Pods' via options '-lRNCAsyncStorage' in build setting 'OTHER_LDFLAGS'
        ➜ Implicit dependency on target 'RNGestureHandler' in project 'Pods' via options '-lRNGestureHandler' in build setting 'OTHER_LDFLAGS'
        ➜ Implicit dependency on target 'RNPaywalls' in project 'Pods' via options '-lRNPaywalls' in build setting 'OTHER_LDFLAGS'
        ➜ Implicit dependency on target 'RNPurchases' in project 'Pods' via options '-lRNPurchases' in build setting 'OTHER_LDFLAGS'
        ➜ Implicit dependency on target 'RNReanimated' in project 'Pods' via options '-lRNReanimated' in build setting 'OTHER_LDFLAGS'
        ➜ Implicit dependency on target 'RNSVG' in project 'Pods' via options '-lRNSVG' in build setting 'OTHER_LDFLAGS'
        ➜ Implicit dependency on target 'RNScreens' in project 'Pods' via options '-lRNScreens' in build setting 'OTHER_LDFLAGS'
        ➜ Implicit dependency on target 'RNSentry' in project 'Pods' via options '-lRNSentry' in build setting 'OTHER_LDFLAGS'
        ➜ Implicit dependency on target 'RNWorklets' in project 'Pods' via options '-lRNWorklets' in build setting 'OTHER_LDFLAGS'
        ➜ Implicit dependency on target 'ReactAppDependencyProvider' in project 'Pods' via options '-lReactAppDependencyProvider' in build setting 'OTHER_LDFLAGS'
        ➜ Implicit dependency on target 'ReactCodegen' in project 'Pods' via options '-lReactCodegen' in build setting 'OTHER_LDFLAGS'
        ➜ Implicit dependency on target 'RevenueCat' in project 'Pods' via options '-lRevenueCat' in build setting 'OTHER_LDFLAGS'
        ➜ Implicit dependency on target 'RevenueCatUI' in project 'Pods' via options '-lRevenueCatUI' in build setting 'OTHER_LDFLAGS'
        ➜ Implicit dependency on target 'SDWebImage' in project 'Pods' via options '-lSDWebImage' in build setting 'OTHER_LDFLAGS'
        ➜ Implicit dependency on target 'SDWebImageAVIFCoder' in project 'Pods' via options '-lSDWebImageAVIFCoder' in build setting 'OTHER_LDFLAGS'
        ➜ Implicit dependency on target 'SDWebImageSVGCoder' in project 'Pods' via options '-lSDWebImageSVGCoder' in build setting 'OTHER_LDFLAGS'
        ➜ Implicit dependency on target 'SDWebImageWebPCoder' in project 'Pods' via options '-lSDWebImageWebPCoder' in build setting 'OTHER_LDFLAGS'
        ➜ Implicit dependency on target 'Sentry' in project 'Pods' via options '-lSentry' in build setting 'OTHER_LDFLAGS'
        ➜ Implicit dependency on target 'VisionCamera' in project 'Pods' via options '-lVisionCamera' in build setting 'OTHER_LDFLAGS'
        ➜ Implicit dependency on target 'ZXingObjC' in project 'Pods' via options '-lZXingObjC' in build setting 'OTHER_LDFLAGS'
        ➜ Implicit dependency on target 'libavif' in project 'Pods' via options '-llibavif' in build setting 'OTHER_LDFLAGS'
        ➜ Implicit dependency on target 'libdav1d' in project 'Pods' via options '-llibdav1d' in build setting 'OTHER_LDFLAGS'
        ➜ Implicit dependency on target 'libwebp' in project 'Pods' via options '-llibwebp' in build setting 'OTHER_LDFLAGS'
        ➜ Implicit dependency on target 'lottie-ios' in project 'Pods' via options '-llottie-ios' in build setting 'OTHER_LDFLAGS'
        ➜ Implicit dependency on target 'lottie-react-native' in project 'Pods' via options '-llottie-react-native' in build setting 'OTHER_LDFLAGS'
        ➜ Implicit dependency on target 'react-native-netinfo' in project 'Pods' via options '-lreact-native-netinfo' in build setting 'OTHER_LDFLAGS'
        ➜ Implicit dependency on target 'react-native-safe-area-context' in project 'Pods' via options '-lreact-native-safe-area-context' in build setting 'OTHER_LDFLAGS'
        ➜ Implicit dependency on target 'react-native-video' in project 'Pods' via options '-lreact-native-video' in build setting 'OTHER_LDFLAGS'
    Target 'Pods-Vybe' in project 'Pods'
        ➜ Explicit dependency on target 'EXAV' in project 'Pods'
        ➜ Explicit dependency on target 'EXApplication' in project 'Pods'
        ➜ Explicit dependency on target 'EXConstants' in project 'Pods'
        ➜ Explicit dependency on target 'Expo' in project 'Pods'
        ➜ Explicit dependency on target 'ExpoAsset' in project 'Pods'
        ➜ Explicit dependency on target 'ExpoBlur' in project 'Pods'
        ➜ Explicit dependency on target 'ExpoCamera' in project 'Pods'
        ➜ Explicit dependency on target 'ExpoCameraBarcodeScanning' in project 'Pods'
        ➜ Explicit dependency on target 'ExpoDomWebView' in project 'Pods'
        ➜ Explicit dependency on target 'ExpoFileSystem' in project 'Pods'
        ➜ Explicit dependency on target 'ExpoFont' in project 'Pods'
        ➜ Explicit dependency on target 'ExpoGlassEffect' in project 'Pods'
        ➜ Explicit dependency on target 'ExpoHaptics' in project 'Pods'
        ➜ Explicit dependency on target 'ExpoImage' in project 'Pods'
        ➜ Explicit dependency on target 'ExpoImagePicker' in project 'Pods'
        ➜ Explicit dependency on target 'ExpoKeepAwake' in project 'Pods'
        ➜ Explicit dependency on target 'ExpoLinearGradient' in project 'Pods'
        ➜ Explicit dependency on target 'ExpoLinking' in project 'Pods'
        ➜ Explicit dependency on target 'ExpoLocalization' in project 'Pods'
        ➜ Explicit dependency on target 'ExpoLogBox' in project 'Pods'
        ➜ Explicit dependency on target 'ExpoMediaLibrary' in project 'Pods'
        ➜ Explicit dependency on target 'ExpoModulesCore' in project 'Pods'
        ➜ Explicit dependency on target 'ExpoModulesJSI' in project 'Pods'
        ➜ Explicit dependency on target 'ExpoNotifications' in project 'Pods'
        ➜ Explicit dependency on target 'ExpoRouter' in project 'Pods'
        ➜ Explicit dependency on target 'ExpoSecureStore' in project 'Pods'
        ➜ Explicit dependency on target 'ExpoSplashScreen' in project 'Pods'
        ➜ Explicit dependency on target 'ExpoSymbols' in project 'Pods'
        ➜ Explicit dependency on target 'ExpoWebBrowser' in project 'Pods'
        ➜ Explicit dependency on target 'FBLazyVector' in project 'Pods'
        ➜ Explicit dependency on target 'MMKVCore' in project 'Pods'
        ➜ Explicit dependency on target 'NitroImage' in project 'Pods'
        ➜ Explicit dependency on target 'NitroMmkv' in project 'Pods'
        ➜ Explicit dependency on target 'NitroModules' in project 'Pods'
        ➜ Explicit dependency on target 'PurchasesHybridCommon' in project 'Pods'
        ➜ Explicit dependency on target 'PurchasesHybridCommonUI' in project 'Pods'
        ➜ Explicit dependency on target 'RCTDeprecation' in project 'Pods'
        ➜ Explicit dependency on target 'RCTRequired' in project 'Pods'
        ➜ Explicit dependency on target 'RCTSwiftUI' in project 'Pods'
        ➜ Explicit dependency on target 'RCTSwiftUIWrapper' in project 'Pods'
        ➜ Explicit dependency on target 'RCTTypeSafety' in project 'Pods'
        ➜ Explicit dependency on target 'RNCAsyncStorage' in project 'Pods'
        ➜ Explicit dependency on target 'RNGestureHandler' in project 'Pods'
        ➜ Explicit dependency on target 'RNPaywalls' in project 'Pods'
        ➜ Explicit dependency on target 'RNPurchases' in project 'Pods'
        ➜ Explicit dependency on target 'RNReanimated' in project 'Pods'
        ➜ Explicit dependency on target 'RNSVG' in project 'Pods'
        ➜ Explicit dependency on target 'RNScreens' in project 'Pods'
        ➜ Explicit dependency on target 'RNSentry' in project 'Pods'
        ➜ Explicit dependency on target 'RNWorklets' in project 'Pods'
        ➜ Explicit dependency on target 'React' in project 'Pods'
        ➜ Explicit dependency on target 'React-Core' in project 'Pods'
        ➜ Explicit dependency on target 'React-Core-prebuilt' in project 'Pods'
        ➜ Explicit dependency on target 'React-CoreModules' in project 'Pods'
        ➜ Explicit dependency on target 'React-Fabric' in project 'Pods'
        ➜ Explicit dependency on target 'React-FabricComponents' in project 'Pods'
        ➜ Explicit dependency on target 'React-FabricImage' in project 'Pods'
        ➜ Explicit dependency on target 'React-ImageManager' in project 'Pods'
        ➜ Explicit dependency on target 'React-Mapbuffer' in project 'Pods'
        ➜ Explicit dependency on target 'React-NativeModulesApple' in project 'Pods'
        ➜ Explicit dependency on target 'React-RCTActionSheet' in project 'Pods'
        ➜ Explicit dependency on target 'React-RCTAnimation' in project 'Pods'
        ➜ Explicit dependency on target 'React-RCTAppDelegate' in project 'Pods'
        ➜ Explicit dependency on target 'React-RCTBlob' in project 'Pods'
        ➜ Explicit dependency on target 'React-RCTFBReactNativeSpec' in project 'Pods'
        ➜ Explicit dependency on target 'React-RCTFabric' in project 'Pods'
        ➜ Explicit dependency on target 'React-RCTImage' in project 'Pods'
        ➜ Explicit dependency on target 'React-RCTLinking' in project 'Pods'
        ➜ Explicit dependency on target 'React-RCTNetwork' in project 'Pods'
        ➜ Explicit dependency on target 'React-RCTRuntime' in project 'Pods'
        ➜ Explicit dependency on target 'React-RCTSettings' in project 'Pods'
        ➜ Explicit dependency on target 'React-RCTText' in project 'Pods'
        ➜ Explicit dependency on target 'React-RCTVibration' in project 'Pods'
        ➜ Explicit dependency on target 'React-RuntimeApple' in project 'Pods'
        ➜ Explicit dependency on target 'React-RuntimeCore' in project 'Pods'
        ➜ Explicit dependency on target 'React-RuntimeHermes' in project 'Pods'
        ➜ Explicit dependency on target 'React-callinvoker' in project 'Pods'
        ➜ Explicit dependency on target 'React-cxxreact' in project 'Pods'
        ➜ Explicit dependency on target 'React-debug' in project 'Pods'
        ➜ Explicit dependency on target 'React-defaultsnativemodule' in project 'Pods'
        ➜ Explicit dependency on target 'React-domnativemodule' in project 'Pods'
        ➜ Explicit dependency on target 'React-featureflags' in project 'Pods'
        ➜ Explicit dependency on target 'React-featureflagsnativemodule' in project 'Pods'
        ➜ Explicit dependency on target 'React-graphics' in project 'Pods'
        ➜ Explicit dependency on target 'React-hermes' in project 'Pods'
        ➜ Explicit dependency on target 'React-idlecallbacksnativemodule' in project 'Pods'
        ➜ Explicit dependency on target 'React-intersectionobservernativemodule' in project 'Pods'
        ➜ Explicit dependency on target 'React-jserrorhandler' in project 'Pods'
        ➜ Explicit dependency on target 'React-jsi' in project 'Pods'
        ➜ Explicit dependency on target 'React-jsiexecutor' in project 'Pods'
        ➜ Explicit dependency on target 'React-jsinspector' in project 'Pods'
        ➜ Explicit dependency on target 'React-jsinspectorcdp' in project 'Pods'
        ➜ Explicit dependency on target 'React-jsinspectornetwork' in project 'Pods'
        ➜ Explicit dependency on target 'React-jsinspectortracing' in project 'Pods'
        ➜ Explicit dependency on target 'React-jsitooling' in project 'Pods'
        ➜ Explicit dependency on target 'React-jsitracing' in project 'Pods'
        ➜ Explicit dependency on target 'React-logger' in project 'Pods'
        ➜ Explicit dependency on target 'React-microtasksnativemodule' in project 'Pods'
        ➜ Explicit dependency on target 'React-networking' in project 'Pods'
        ➜ Explicit dependency on target 'React-oscompat' in project 'Pods'
        ➜ Explicit dependency on target 'React-perflogger' in project 'Pods'
        ➜ Explicit dependency on target 'React-performancecdpmetrics' in project 'Pods'
        ➜ Explicit dependency on target 'React-performancetimeline' in project 'Pods'
        ➜ Explicit dependency on target 'React-rendererconsistency' in project 'Pods'
        ➜ Explicit dependency on target 'React-renderercss' in project 'Pods'
        ➜ Explicit dependency on target 'React-rendererdebug' in project 'Pods'
        ➜ Explicit dependency on target 'React-runtimeexecutor' in project 'Pods'
        ➜ Explicit dependency on target 'React-runtimescheduler' in project 'Pods'
        ➜ Explicit dependency on target 'React-timing' in project 'Pods'
        ➜ Explicit dependency on target 'React-utils' in project 'Pods'
        ➜ Explicit dependency on target 'React-webperformancenativemodule' in project 'Pods'
        ➜ Explicit dependency on target 'ReactAppDependencyProvider' in project 'Pods'
        ➜ Explicit dependency on target 'ReactCodegen' in project 'Pods'
        ➜ Explicit dependency on target 'ReactCommon' in project 'Pods'
        ➜ Explicit dependency on target 'ReactNativeDependencies' in project 'Pods'
        ➜ Explicit dependency on target 'RevenueCat' in project 'Pods'
        ➜ Explicit dependency on target 'RevenueCatUI' in project 'Pods'
        ➜ Explicit dependency on target 'SDWebImage' in project 'Pods'
        ➜ Explicit dependency on target 'SDWebImageAVIFCoder' in project 'Pods'
        ➜ Explicit dependency on target 'SDWebImageSVGCoder' in project 'Pods'
        ➜ Explicit dependency on target 'SDWebImageWebPCoder' in project 'Pods'
        ➜ Explicit dependency on target 'Sentry' in project 'Pods'
        ➜ Explicit dependency on target 'VisionCamera' in project 'Pods'
        ➜ Explicit dependency on target 'Yoga' in project 'Pods'
        ➜ Explicit dependency on target 'ZXingObjC' in project 'Pods'
        ➜ Explicit dependency on target 'hermes-engine' in project 'Pods'
        ➜ Explicit dependency on target 'libavif' in project 'Pods'
        ➜ Explicit dependency on target 'libdav1d' in project 'Pods'
        ➜ Explicit dependency on target 'libwebp' in project 'Pods'
        ➜ Explicit dependency on target 'lottie-ios' in project 'Pods'
        ➜ Explicit dependency on target 'lottie-react-native' in project 'Pods'
        ➜ Explicit dependency on target 'react-native-netinfo' in project 'Pods'
        ➜ Explicit dependency on target 'react-native-safe-area-context' in project 'Pods'
        ➜ Explicit dependency on target 'react-native-video' in project 'Pods'
    Target 'react-native-video' in project 'Pods'
        ➜ Explicit dependency on target 'RCTRequired' in project 'Pods'
        ➜ Explicit dependency on target 'RCTTypeSafety' in project 'Pods'
        ➜ Explicit dependency on target 'React-Core' in project 'Pods'
        ➜ Explicit dependency on target 'React-Core-prebuilt' in project 'Pods'
        ➜ Explicit dependency on target 'React-Fabric' in project 'Pods'
        ➜ Explicit dependency on target 'React-ImageManager' in project 'Pods'
        ➜ Explicit dependency on target 'React-NativeModulesApple' in project 'Pods'
        ➜ Explicit dependency on target 'React-RCTFabric' in project 'Pods'
        ➜ Explicit dependency on target 'React-debug' in project 'Pods'
        ➜ Explicit dependency on target 'React-featureflags' in project 'Pods'
        ➜ Explicit dependency on target 'React-graphics' in project 'Pods'
        ➜ Explicit dependency on target 'React-jsi' in project 'Pods'
        ➜ Explicit dependency on target 'React-renderercss' in project 'Pods'
        ➜ Explicit dependency on target 'React-rendererdebug' in project 'Pods'
        ➜ Explicit dependency on target 'React-utils' in project 'Pods'
        ➜ Explicit dependency on target 'ReactCodegen' in project 'Pods'
        ➜ Explicit dependency on target 'ReactCommon' in project 'Pods'
        ➜ Explicit dependency on target 'ReactNativeDependencies' in project 'Pods'
        ➜ Explicit dependency on target 'Yoga' in project 'Pods'
        ➜ Explicit dependency on target 'hermes-engine' in project 'Pods'
    Target 'react-native-safe-area-context' in project 'Pods'
        ➜ Explicit dependency on target 'RCTRequired' in project 'Pods'
        ➜ Explicit dependency on target 'RCTTypeSafety' in project 'Pods'
        ➜ Explicit dependency on target 'React-Core' in project 'Pods'
        ➜ Explicit dependency on target 'React-Core-prebuilt' in project 'Pods'
        ➜ Explicit dependency on target 'React-Fabric' in project 'Pods'
        ➜ Explicit dependency on target 'React-ImageManager' in project 'Pods'
        ➜ Explicit dependency on target 'React-NativeModulesApple' in project 'Pods'
        ➜ Explicit dependency on target 'React-RCTFabric' in project 'Pods'
        ➜ Explicit dependency on target 'React-debug' in project 'Pods'
        ➜ Explicit dependency on target 'React-featureflags' in project 'Pods'
        ➜ Explicit dependency on target 'React-graphics' in project 'Pods'
        ➜ Explicit dependency on target 'React-jsi' in project 'Pods'
        ➜ Explicit dependency on target 'React-renderercss' in project 'Pods'
        ➜ Explicit dependency on target 'React-rendererdebug' in project 'Pods'
        ➜ Explicit dependency on target 'React-utils' in project 'Pods'
        ➜ Explicit dependency on target 'ReactCodegen' in project 'Pods'
        ➜ Explicit dependency on target 'ReactCommon' in project 'Pods'
        ➜ Explicit dependency on target 'ReactNativeDependencies' in project 'Pods'
        ➜ Explicit dependency on target 'Yoga' in project 'Pods'
        ➜ Explicit dependency on target 'hermes-engine' in project 'Pods'
    Target 'react-native-netinfo' in project 'Pods'
        ➜ Explicit dependency on target 'RCTRequired' in project 'Pods'
        ➜ Explicit dependency on target 'RCTTypeSafety' in project 'Pods'
        ➜ Explicit dependency on target 'React-Core' in project 'Pods'
        ➜ Explicit dependency on target 'React-Core-prebuilt' in project 'Pods'
        ➜ Explicit dependency on target 'React-Fabric' in project 'Pods'
        ➜ Explicit dependency on target 'React-ImageManager' in project 'Pods'
        ➜ Explicit dependency on target 'React-NativeModulesApple' in project 'Pods'
        ➜ Explicit dependency on target 'React-RCTFabric' in project 'Pods'
        ➜ Explicit dependency on target 'React-debug' in project 'Pods'
        ➜ Explicit dependency on target 'React-featureflags' in project 'Pods'
        ➜ Explicit dependency on target 'React-graphics' in project 'Pods'
        ➜ Explicit dependency on target 'React-jsi' in project 'Pods'
        ➜ Explicit dependency on target 'React-renderercss' in project 'Pods'
        ➜ Explicit dependency on target 'React-rendererdebug' in project 'Pods'
        ➜ Explicit dependency on target 'React-utils' in project 'Pods'
        ➜ Explicit dependency on target 'ReactCodegen' in project 'Pods'
        ➜ Explicit dependency on target 'ReactCommon' in project 'Pods'
        ➜ Explicit dependency on target 'ReactNativeDependencies' in project 'Pods'
        ➜ Explicit dependency on target 'Yoga' in project 'Pods'
        ➜ Explicit dependency on target 'hermes-engine' in project 'Pods'
    Target 'lottie-react-native' in project 'Pods'
        ➜ Explicit dependency on target 'RCTRequired' in project 'Pods'
        ➜ Explicit dependency on target 'RCTTypeSafety' in project 'Pods'
        ➜ Explicit dependency on target 'React-Core' in project 'Pods'
        ➜ Explicit dependency on target 'React-Core-prebuilt' in project 'Pods'
        ➜ Explicit dependency on target 'React-Fabric' in project 'Pods'
        ➜ Explicit dependency on target 'React-ImageManager' in project 'Pods'
        ➜ Explicit dependency on target 'React-NativeModulesApple' in project 'Pods'
        ➜ Explicit dependency on target 'React-RCTFabric' in project 'Pods'
        ➜ Explicit dependency on target 'React-debug' in project 'Pods'
        ➜ Explicit dependency on target 'React-featureflags' in project 'Pods'
        ➜ Explicit dependency on target 'React-graphics' in project 'Pods'
        ➜ Explicit dependency on target 'React-jsi' in project 'Pods'
        ➜ Explicit dependency on target 'React-renderercss' in project 'Pods'
        ➜ Explicit dependency on target 'React-rendererdebug' in project 'Pods'
        ➜ Explicit dependency on target 'React-utils' in project 'Pods'
        ➜ Explicit dependency on target 'ReactCodegen' in project 'Pods'
        ➜ Explicit dependency on target 'ReactCommon' in project 'Pods'
        ➜ Explicit dependency on target 'ReactNativeDependencies' in project 'Pods'
        ➜ Explicit dependency on target 'Yoga' in project 'Pods'
        ➜ Explicit dependency on target 'hermes-engine' in project 'Pods'
        ➜ Explicit dependency on target 'lottie-ios' in project 'Pods'
        ➜ Explicit dependency on target 'lottie-react-native-Lottie_React_Native_Privacy' in project 'Pods'
    Target 'lottie-react-native-Lottie_React_Native_Privacy' in project 'Pods' (no dependencies)
    Target 'lottie-ios' in project 'Pods'
        ➜ Explicit dependency on target 'lottie-ios-LottiePrivacyInfo' in project 'Pods'
    Target 'lottie-ios-LottiePrivacyInfo' in project 'Pods' (no dependencies)
    Target 'VisionCamera' in project 'Pods'
        ➜ Explicit dependency on target 'NitroImage' in project 'Pods'
        ➜ Explicit dependency on target 'NitroModules' in project 'Pods'
        ➜ Explicit dependency on target 'RCTRequired' in project 'Pods'
        ➜ Explicit dependency on target 'RCTTypeSafety' in project 'Pods'
        ➜ Explicit dependency on target 'React-Core' in project 'Pods'
        ➜ Explicit dependency on target 'React-Core-prebuilt' in project 'Pods'
        ➜ Explicit dependency on target 'React-Fabric' in project 'Pods'
        ➜ Explicit dependency on target 'React-ImageManager' in project 'Pods'
        ➜ Explicit dependency on target 'React-NativeModulesApple' in project 'Pods'
        ➜ Explicit dependency on target 'React-RCTFabric' in project 'Pods'
        ➜ Explicit dependency on target 'React-callinvoker' in project 'Pods'
        ➜ Explicit dependency on target 'React-debug' in project 'Pods'
        ➜ Explicit dependency on target 'React-featureflags' in project 'Pods'
        ➜ Explicit dependency on target 'React-graphics' in project 'Pods'
        ➜ Explicit dependency on target 'React-jsi' in project 'Pods'
        ➜ Explicit dependency on target 'React-renderercss' in project 'Pods'
        ➜ Explicit dependency on target 'React-rendererdebug' in project 'Pods'
        ➜ Explicit dependency on target 'React-utils' in project 'Pods'
        ➜ Explicit dependency on target 'ReactCodegen' in project 'Pods'
        ➜ Explicit dependency on target 'ReactCommon' in project 'Pods'
        ➜ Explicit dependency on target 'ReactNativeDependencies' in project 'Pods'
        ➜ Explicit dependency on target 'Yoga' in project 'Pods'
        ➜ Explicit dependency on target 'hermes-engine' in project 'Pods'
    Target 'React' in project 'Pods'
        ➜ Explicit dependency on target 'React-Core' in project 'Pods'
        ➜ Explicit dependency on target 'React-RCTActionSheet' in project 'Pods'
        ➜ Explicit dependency on target 'React-RCTAnimation' in project 'Pods'
        ➜ Explicit dependency on target 'React-RCTBlob' in project 'Pods'
        ➜ Explicit dependency on target 'React-RCTImage' in project 'Pods'
        ➜ Explicit dependency on target 'React-RCTLinking' in project 'Pods'
        ➜ Explicit dependency on target 'React-RCTNetwork' in project 'Pods'
        ➜ Explicit dependency on target 'React-RCTSettings' in project 'Pods'
        ➜ Explicit dependency on target 'React-RCTText' in project 'Pods'
        ➜ Explicit dependency on target 'React-RCTVibration' in project 'Pods'
    Target 'React-RCTVibration' in project 'Pods'
        ➜ Explicit dependency on target 'React-Core' in project 'Pods'
        ➜ Explicit dependency on target 'React-Core-prebuilt' in project 'Pods'
        ➜ Explicit dependency on target 'React-jsi' in project 'Pods'
        ➜ Explicit dependency on target 'React-NativeModulesApple' in project 'Pods'
        ➜ Explicit dependency on target 'React-RCTFBReactNativeSpec' in project 'Pods'
        ➜ Explicit dependency on target 'ReactCommon' in project 'Pods'
        ➜ Explicit dependency on target 'ReactNativeDependencies' in project 'Pods'
    Target 'React-RCTSettings' in project 'Pods'
        ➜ Explicit dependency on target 'RCTTypeSafety' in project 'Pods'
        ➜ Explicit dependency on target 'React-Core' in project 'Pods'
        ➜ Explicit dependency on target 'React-Core-prebuilt' in project 'Pods'
        ➜ Explicit dependency on target 'React-jsi' in project 'Pods'
        ➜ Explicit dependency on target 'React-NativeModulesApple' in project 'Pods'
        ➜ Explicit dependency on target 'React-RCTFBReactNativeSpec' in project 'Pods'
        ➜ Explicit dependency on target 'ReactCommon' in project 'Pods'
        ➜ Explicit dependency on target 'ReactNativeDependencies' in project 'Pods'
    Target 'React-RCTLinking' in project 'Pods'
        ➜ Explicit dependency on target 'React-Core' in project 'Pods'
        ➜ Explicit dependency on target 'React-jsi' in project 'Pods'
        ➜ Explicit dependency on target 'React-NativeModulesApple' in project 'Pods'
        ➜ Explicit dependency on target 'React-RCTFBReactNativeSpec' in project 'Pods'
        ➜ Explicit dependency on target 'ReactCommon' in project 'Pods'
    Target 'React-RCTActionSheet' in project 'Pods'
        ➜ Explicit dependency on target 'React-Core' in project 'Pods'
    Target 'RNSentry' in project 'Pods'
        ➜ Explicit dependency on target 'RCTRequired' in project 'Pods'
        ➜ Explicit dependency on target 'RCTTypeSafety' in project 'Pods'
        ➜ Explicit dependency on target 'React-Core' in project 'Pods'
        ➜ Explicit dependency on target 'React-Core-prebuilt' in project 'Pods'
        ➜ Explicit dependency on target 'React-Fabric' in project 'Pods'
        ➜ Explicit dependency on target 'React-ImageManager' in project 'Pods'
        ➜ Explicit dependency on target 'React-NativeModulesApple' in project 'Pods'
        ➜ Explicit dependency on target 'React-RCTFabric' in project 'Pods'
        ➜ Explicit dependency on target 'React-debug' in project 'Pods'
        ➜ Explicit dependency on target 'React-featureflags' in project 'Pods'
        ➜ Explicit dependency on target 'React-graphics' in project 'Pods'
        ➜ Explicit dependency on target 'React-hermes' in project 'Pods'
        ➜ Explicit dependency on target 'React-jsi' in project 'Pods'
        ➜ Explicit dependency on target 'React-renderercss' in project 'Pods'
        ➜ Explicit dependency on target 'React-rendererdebug' in project 'Pods'
        ➜ Explicit dependency on target 'React-utils' in project 'Pods'
        ➜ Explicit dependency on target 'ReactCodegen' in project 'Pods'
        ➜ Explicit dependency on target 'ReactCommon' in project 'Pods'
        ➜ Explicit dependency on target 'ReactNativeDependencies' in project 'Pods'
        ➜ Explicit dependency on target 'Sentry' in project 'Pods'
        ➜ Explicit dependency on target 'Yoga' in project 'Pods'
        ➜ Explicit dependency on target 'hermes-engine' in project 'Pods'
    Target 'Sentry' in project 'Pods'
        ➜ Explicit dependency on target 'Sentry-Sentry' in project 'Pods'
    Target 'Sentry-Sentry' in project 'Pods' (no dependencies)
    Target 'RNSVG' in project 'Pods'
        ➜ Explicit dependency on target 'RCTRequired' in project 'Pods'
        ➜ Explicit dependency on target 'RCTTypeSafety' in project 'Pods'
        ➜ Explicit dependency on target 'RNSVG-RNSVGFilters' in project 'Pods'
        ➜ Explicit dependency on target 'React-Core' in project 'Pods'
        ➜ Explicit dependency on target 'React-Core-prebuilt' in project 'Pods'
        ➜ Explicit dependency on target 'React-Fabric' in project 'Pods'
        ➜ Explicit dependency on target 'React-ImageManager' in project 'Pods'
        ➜ Explicit dependency on target 'React-NativeModulesApple' in project 'Pods'
        ➜ Explicit dependency on target 'React-RCTFabric' in project 'Pods'
        ➜ Explicit dependency on target 'React-debug' in project 'Pods'
        ➜ Explicit dependency on target 'React-featureflags' in project 'Pods'
        ➜ Explicit dependency on target 'React-graphics' in project 'Pods'
        ➜ Explicit dependency on target 'React-jsi' in project 'Pods'
        ➜ Explicit dependency on target 'React-renderercss' in project 'Pods'
        ➜ Explicit dependency on target 'React-rendererdebug' in project 'Pods'
        ➜ Explicit dependency on target 'React-utils' in project 'Pods'
        ➜ Explicit dependency on target 'ReactCodegen' in project 'Pods'
        ➜ Explicit dependency on target 'ReactCommon' in project 'Pods'
        ➜ Explicit dependency on target 'ReactNativeDependencies' in project 'Pods'
        ➜ Explicit dependency on target 'Yoga' in project 'Pods'
        ➜ Explicit dependency on target 'hermes-engine' in project 'Pods'
    Target 'RNSVG-RNSVGFilters' in project 'Pods' (no dependencies)
    Target 'RNReanimated' in project 'Pods'
        ➜ Explicit dependency on target 'RCTRequired' in project 'Pods'
        ➜ Explicit dependency on target 'RCTTypeSafety' in project 'Pods'
        ➜ Explicit dependency on target 'RNWorklets' in project 'Pods'
        ➜ Explicit dependency on target 'React-Core' in project 'Pods'
        ➜ Explicit dependency on target 'React-Core-prebuilt' in project 'Pods'
        ➜ Explicit dependency on target 'React-Fabric' in project 'Pods'
        ➜ Explicit dependency on target 'React-ImageManager' in project 'Pods'
        ➜ Explicit dependency on target 'React-NativeModulesApple' in project 'Pods'
        ➜ Explicit dependency on target 'React-RCTFabric' in project 'Pods'
        ➜ Explicit dependency on target 'React-debug' in project 'Pods'
        ➜ Explicit dependency on target 'React-featureflags' in project 'Pods'
        ➜ Explicit dependency on target 'React-graphics' in project 'Pods'
        ➜ Explicit dependency on target 'React-hermes' in project 'Pods'
        ➜ Explicit dependency on target 'React-jsi' in project 'Pods'
        ➜ Explicit dependency on target 'React-renderercss' in project 'Pods'
        ➜ Explicit dependency on target 'React-rendererdebug' in project 'Pods'
        ➜ Explicit dependency on target 'React-utils' in project 'Pods'
        ➜ Explicit dependency on target 'ReactCodegen' in project 'Pods'
        ➜ Explicit dependency on target 'ReactCommon' in project 'Pods'
        ➜ Explicit dependency on target 'ReactNativeDependencies' in project 'Pods'
        ➜ Explicit dependency on target 'Yoga' in project 'Pods'
        ➜ Explicit dependency on target 'hermes-engine' in project 'Pods'
    Target 'RNPurchases' in project 'Pods'
        ➜ Explicit dependency on target 'PurchasesHybridCommon' in project 'Pods'
        ➜ Explicit dependency on target 'React-Core' in project 'Pods'
    Target 'RNPaywalls' in project 'Pods'
        ➜ Explicit dependency on target 'PurchasesHybridCommonUI' in project 'Pods'
        ➜ Explicit dependency on target 'React-Core' in project 'Pods'
    Target 'RNGestureHandler' in project 'Pods'
        ➜ Explicit dependency on target 'RCTRequired' in project 'Pods'
        ➜ Explicit dependency on target 'RCTTypeSafety' in project 'Pods'
        ➜ Explicit dependency on target 'React-Core' in project 'Pods'
        ➜ Explicit dependency on target 'React-Core-prebuilt' in project 'Pods'
        ➜ Explicit dependency on target 'React-Fabric' in project 'Pods'
        ➜ Explicit dependency on target 'React-ImageManager' in project 'Pods'
        ➜ Explicit dependency on target 'React-NativeModulesApple' in project 'Pods'
        ➜ Explicit dependency on target 'React-RCTFabric' in project 'Pods'
        ➜ Explicit dependency on target 'React-debug' in project 'Pods'
        ➜ Explicit dependency on target 'React-featureflags' in project 'Pods'
        ➜ Explicit dependency on target 'React-graphics' in project 'Pods'
        ➜ Explicit dependency on target 'React-jsi' in project 'Pods'
        ➜ Explicit dependency on target 'React-renderercss' in project 'Pods'
        ➜ Explicit dependency on target 'React-rendererdebug' in project 'Pods'
        ➜ Explicit dependency on target 'React-utils' in project 'Pods'
        ➜ Explicit dependency on target 'ReactCodegen' in project 'Pods'
        ➜ Explicit dependency on target 'ReactCommon' in project 'Pods'
        ➜ Explicit dependency on target 'ReactNativeDependencies' in project 'Pods'
        ➜ Explicit dependency on target 'Yoga' in project 'Pods'
        ➜ Explicit dependency on target 'hermes-engine' in project 'Pods'
    Target 'RNCAsyncStorage' in project 'Pods'
        ➜ Explicit dependency on target 'RCTRequired' in project 'Pods'
        ➜ Explicit dependency on target 'RCTTypeSafety' in project 'Pods'
        ➜ Explicit dependency on target 'RNCAsyncStorage-RNCAsyncStorage_resources' in project 'Pods'
        ➜ Explicit dependency on target 'React-Core' in project 'Pods'
        ➜ Explicit dependency on target 'React-Core-prebuilt' in project 'Pods'
        ➜ Explicit dependency on target 'React-Fabric' in project 'Pods'
        ➜ Explicit dependency on target 'React-ImageManager' in project 'Pods'
        ➜ Explicit dependency on target 'React-NativeModulesApple' in project 'Pods'
        ➜ Explicit dependency on target 'React-RCTFabric' in project 'Pods'
        ➜ Explicit dependency on target 'React-debug' in project 'Pods'
        ➜ Explicit dependency on target 'React-featureflags' in project 'Pods'
        ➜ Explicit dependency on target 'React-graphics' in project 'Pods'
        ➜ Explicit dependency on target 'React-jsi' in project 'Pods'
        ➜ Explicit dependency on target 'React-renderercss' in project 'Pods'
        ➜ Explicit dependency on target 'React-rendererdebug' in project 'Pods'
        ➜ Explicit dependency on target 'React-utils' in project 'Pods'
        ➜ Explicit dependency on target 'ReactCodegen' in project 'Pods'
        ➜ Explicit dependency on target 'ReactCommon' in project 'Pods'
        ➜ Explicit dependency on target 'ReactNativeDependencies' in project 'Pods'
        ➜ Explicit dependency on target 'Yoga' in project 'Pods'
        ➜ Explicit dependency on target 'hermes-engine' in project 'Pods'
    Target 'RNCAsyncStorage-RNCAsyncStorage_resources' in project 'Pods' (no dependencies)
    Target 'PurchasesHybridCommonUI' in project 'Pods'
        ➜ Explicit dependency on target 'PurchasesHybridCommon' in project 'Pods'
        ➜ Explicit dependency on target 'RevenueCatUI' in project 'Pods'
    Target 'RevenueCatUI' in project 'Pods'
        ➜ Explicit dependency on target 'RevenueCat' in project 'Pods'
        ➜ Explicit dependency on target 'RevenueCatUI-RevenueCat_RevenueCatUI' in project 'Pods'
    Target 'RevenueCatUI-RevenueCat_RevenueCatUI' in project 'Pods' (no dependencies)
    Target 'PurchasesHybridCommon' in project 'Pods'
        ➜ Explicit dependency on target 'PurchasesHybridCommon-PurchasesHybridCommon' in project 'Pods'
        ➜ Explicit dependency on target 'RevenueCat' in project 'Pods'
    Target 'RevenueCat' in project 'Pods'
        ➜ Explicit dependency on target 'RevenueCat-RevenueCat' in project 'Pods'
    Target 'RevenueCat-RevenueCat' in project 'Pods' (no dependencies)
    Target 'PurchasesHybridCommon-PurchasesHybridCommon' in project 'Pods' (no dependencies)
    Target 'NitroMmkv' in project 'Pods'
        ➜ Explicit dependency on target 'MMKVCore' in project 'Pods'
        ➜ Explicit dependency on target 'NitroModules' in project 'Pods'
        ➜ Explicit dependency on target 'RCTRequired' in project 'Pods'
        ➜ Explicit dependency on target 'RCTTypeSafety' in project 'Pods'
        ➜ Explicit dependency on target 'React-Core' in project 'Pods'
        ➜ Explicit dependency on target 'React-Core-prebuilt' in project 'Pods'
        ➜ Explicit dependency on target 'React-Fabric' in project 'Pods'
        ➜ Explicit dependency on target 'React-ImageManager' in project 'Pods'
        ➜ Explicit dependency on target 'React-NativeModulesApple' in project 'Pods'
        ➜ Explicit dependency on target 'React-RCTFabric' in project 'Pods'
        ➜ Explicit dependency on target 'React-callinvoker' in project 'Pods'
        ➜ Explicit dependency on target 'React-debug' in project 'Pods'
        ➜ Explicit dependency on target 'React-featureflags' in project 'Pods'
        ➜ Explicit dependency on target 'React-graphics' in project 'Pods'
        ➜ Explicit dependency on target 'React-jsi' in project 'Pods'
        ➜ Explicit dependency on target 'React-renderercss' in project 'Pods'
        ➜ Explicit dependency on target 'React-rendererdebug' in project 'Pods'
        ➜ Explicit dependency on target 'React-utils' in project 'Pods'
        ➜ Explicit dependency on target 'ReactCodegen' in project 'Pods'
        ➜ Explicit dependency on target 'ReactCommon' in project 'Pods'
        ➜ Explicit dependency on target 'ReactNativeDependencies' in project 'Pods'
        ➜ Explicit dependency on target 'Yoga' in project 'Pods'
        ➜ Explicit dependency on target 'hermes-engine' in project 'Pods'
    Target 'NitroImage' in project 'Pods'
        ➜ Explicit dependency on target 'NitroModules' in project 'Pods'
        ➜ Explicit dependency on target 'RCTRequired' in project 'Pods'
        ➜ Explicit dependency on target 'RCTTypeSafety' in project 'Pods'
        ➜ Explicit dependency on target 'React-Core' in project 'Pods'
        ➜ Explicit dependency on target 'React-Core-prebuilt' in project 'Pods'
        ➜ Explicit dependency on target 'React-Fabric' in project 'Pods'
        ➜ Explicit dependency on target 'React-ImageManager' in project 'Pods'
        ➜ Explicit dependency on target 'React-NativeModulesApple' in project 'Pods'
        ➜ Explicit dependency on target 'React-RCTFabric' in project 'Pods'
        ➜ Explicit dependency on target 'React-callinvoker' in project 'Pods'
        ➜ Explicit dependency on target 'React-debug' in project 'Pods'
        ➜ Explicit dependency on target 'React-featureflags' in project 'Pods'
        ➜ Explicit dependency on target 'React-graphics' in project 'Pods'
        ➜ Explicit dependency on target 'React-jsi' in project 'Pods'
        ➜ Explicit dependency on target 'React-renderercss' in project 'Pods'
        ➜ Explicit dependency on target 'React-rendererdebug' in project 'Pods'
        ➜ Explicit dependency on target 'React-utils' in project 'Pods'
        ➜ Explicit dependency on target 'ReactCodegen' in project 'Pods'
        ➜ Explicit dependency on target 'ReactCommon' in project 'Pods'
        ➜ Explicit dependency on target 'ReactNativeDependencies' in project 'Pods'
        ➜ Explicit dependency on target 'Yoga' in project 'Pods'
        ➜ Explicit dependency on target 'hermes-engine' in project 'Pods'
    Target 'NitroModules' in project 'Pods'
        ➜ Explicit dependency on target 'RCTRequired' in project 'Pods'
        ➜ Explicit dependency on target 'RCTTypeSafety' in project 'Pods'
        ➜ Explicit dependency on target 'React-Core' in project 'Pods'
        ➜ Explicit dependency on target 'React-Core-prebuilt' in project 'Pods'
        ➜ Explicit dependency on target 'React-Fabric' in project 'Pods'
        ➜ Explicit dependency on target 'React-ImageManager' in project 'Pods'
        ➜ Explicit dependency on target 'React-NativeModulesApple' in project 'Pods'
        ➜ Explicit dependency on target 'React-RCTFabric' in project 'Pods'
        ➜ Explicit dependency on target 'React-callinvoker' in project 'Pods'
        ➜ Explicit dependency on target 'React-debug' in project 'Pods'
        ➜ Explicit dependency on target 'React-featureflags' in project 'Pods'
        ➜ Explicit dependency on target 'React-graphics' in project 'Pods'
        ➜ Explicit dependency on target 'React-jsi' in project 'Pods'
        ➜ Explicit dependency on target 'React-renderercss' in project 'Pods'
        ➜ Explicit dependency on target 'React-rendererdebug' in project 'Pods'
        ➜ Explicit dependency on target 'React-utils' in project 'Pods'
        ➜ Explicit dependency on target 'ReactCodegen' in project 'Pods'
        ➜ Explicit dependency on target 'ReactCommon' in project 'Pods'
        ➜ Explicit dependency on target 'ReactNativeDependencies' in project 'Pods'
        ➜ Explicit dependency on target 'Yoga' in project 'Pods'
        ➜ Explicit dependency on target 'hermes-engine' in project 'Pods'
    Target 'MMKVCore' in project 'Pods' (no dependencies)
    Target 'ExpoWebBrowser' in project 'Pods'
        ➜ Explicit dependency on target 'ExpoModulesCore' in project 'Pods'
    Target 'ExpoSymbols' in project 'Pods'
        ➜ Explicit dependency on target 'ExpoModulesCore' in project 'Pods'
    Target 'ExpoSplashScreen' in project 'Pods'
        ➜ Explicit dependency on target 'ExpoModulesCore' in project 'Pods'
    Target 'ExpoSecureStore' in project 'Pods'
        ➜ Explicit dependency on target 'ExpoModulesCore' in project 'Pods'
    Target 'ExpoRouter' in project 'Pods'
        ➜ Explicit dependency on target 'ExpoModulesCore' in project 'Pods'
        ➜ Explicit dependency on target 'RNScreens' in project 'Pods'
    Target 'RNScreens' in project 'Pods'
        ➜ Explicit dependency on target 'RCTRequired' in project 'Pods'
        ➜ Explicit dependency on target 'RCTTypeSafety' in project 'Pods'
        ➜ Explicit dependency on target 'React-Core' in project 'Pods'
        ➜ Explicit dependency on target 'React-Core-prebuilt' in project 'Pods'
        ➜ Explicit dependency on target 'React-Fabric' in project 'Pods'
        ➜ Explicit dependency on target 'React-ImageManager' in project 'Pods'
        ➜ Explicit dependency on target 'React-NativeModulesApple' in project 'Pods'
        ➜ Explicit dependency on target 'React-RCTFabric' in project 'Pods'
        ➜ Explicit dependency on target 'React-RCTImage' in project 'Pods'
        ➜ Explicit dependency on target 'React-debug' in project 'Pods'
        ➜ Explicit dependency on target 'React-featureflags' in project 'Pods'
        ➜ Explicit dependency on target 'React-graphics' in project 'Pods'
        ➜ Explicit dependency on target 'React-jsi' in project 'Pods'
        ➜ Explicit dependency on target 'React-renderercss' in project 'Pods'
        ➜ Explicit dependency on target 'React-rendererdebug' in project 'Pods'
        ➜ Explicit dependency on target 'React-utils' in project 'Pods'
        ➜ Explicit dependency on target 'ReactCodegen' in project 'Pods'
        ➜ Explicit dependency on target 'ReactCommon' in project 'Pods'
        ➜ Explicit dependency on target 'ReactNativeDependencies' in project 'Pods'
        ➜ Explicit dependency on target 'Yoga' in project 'Pods'
        ➜ Explicit dependency on target 'hermes-engine' in project 'Pods'
    Target 'ExpoNotifications' in project 'Pods'
        ➜ Explicit dependency on target 'ExpoModulesCore' in project 'Pods'
        ➜ Explicit dependency on target 'ExpoNotifications-ExpoNotifications_privacy' in project 'Pods'
    Target 'ExpoNotifications-ExpoNotifications_privacy' in project 'Pods' (no dependencies)
    Target 'ExpoMediaLibrary' in project 'Pods'
        ➜ Explicit dependency on target 'ExpoMediaLibrary-ExpoMediaLibrary_privacy' in project 'Pods'
        ➜ Explicit dependency on target 'ExpoModulesCore' in project 'Pods'
        ➜ Explicit dependency on target 'React-Core' in project 'Pods'
    Target 'ExpoMediaLibrary-ExpoMediaLibrary_privacy' in project 'Pods' (no dependencies)
    Target 'ExpoLogBox' in project 'Pods'
        ➜ Explicit dependency on target 'React-Core' in project 'Pods'
    Target 'ExpoLocalization' in project 'Pods'
        ➜ Explicit dependency on target 'ExpoLocalization-ExpoLocalization_privacy' in project 'Pods'
        ➜ Explicit dependency on target 'ExpoModulesCore' in project 'Pods'
    Target 'ExpoLocalization-ExpoLocalization_privacy' in project 'Pods' (no dependencies)
    Target 'ExpoLinking' in project 'Pods'
        ➜ Explicit dependency on target 'ExpoModulesCore' in project 'Pods'
    Target 'ExpoLinearGradient' in project 'Pods'
        ➜ Explicit dependency on target 'ExpoModulesCore' in project 'Pods'
    Target 'ExpoKeepAwake' in project 'Pods'
        ➜ Explicit dependency on target 'ExpoModulesCore' in project 'Pods'
    Target 'ExpoImagePicker' in project 'Pods'
        ➜ Explicit dependency on target 'ExpoModulesCore' in project 'Pods'
    Target 'ExpoImage' in project 'Pods'
        ➜ Explicit dependency on target 'ExpoModulesCore' in project 'Pods'
        ➜ Explicit dependency on target 'SDWebImage' in project 'Pods'
        ➜ Explicit dependency on target 'SDWebImageAVIFCoder' in project 'Pods'
        ➜ Explicit dependency on target 'SDWebImageSVGCoder' in project 'Pods'
        ➜ Explicit dependency on target 'SDWebImageWebPCoder' in project 'Pods'
        ➜ Explicit dependency on target 'libavif' in project 'Pods'
    Target 'SDWebImageWebPCoder' in project 'Pods'
        ➜ Explicit dependency on target 'SDWebImage' in project 'Pods'
        ➜ Explicit dependency on target 'libwebp' in project 'Pods'
    Target 'libwebp' in project 'Pods' (no dependencies)
    Target 'SDWebImageSVGCoder' in project 'Pods'
        ➜ Explicit dependency on target 'SDWebImage' in project 'Pods'
    Target 'SDWebImageAVIFCoder' in project 'Pods'
        ➜ Explicit dependency on target 'SDWebImage' in project 'Pods'
        ➜ Explicit dependency on target 'libavif' in project 'Pods'
    Target 'libavif' in project 'Pods'
        ➜ Explicit dependency on target 'libdav1d' in project 'Pods'
    Target 'libdav1d' in project 'Pods' (no dependencies)
    Target 'SDWebImage' in project 'Pods'
        ➜ Explicit dependency on target 'SDWebImage-SDWebImage' in project 'Pods'
    Target 'SDWebImage-SDWebImage' in project 'Pods' (no dependencies)
    Target 'ExpoHaptics' in project 'Pods'
        ➜ Explicit dependency on target 'ExpoModulesCore' in project 'Pods'
    Target 'ExpoGlassEffect' in project 'Pods'
        ➜ Explicit dependency on target 'ExpoModulesCore' in project 'Pods'
    Target 'ExpoFont' in project 'Pods'
        ➜ Explicit dependency on target 'ExpoModulesCore' in project 'Pods'
    Target 'ExpoFileSystem' in project 'Pods'
        ➜ Explicit dependency on target 'ExpoFileSystem-ExpoFileSystem_privacy' in project 'Pods'
        ➜ Explicit dependency on target 'ExpoModulesCore' in project 'Pods'
    Target 'ExpoFileSystem-ExpoFileSystem_privacy' in project 'Pods' (no dependencies)
    Target 'ExpoDomWebView' in project 'Pods'
        ➜ Explicit dependency on target 'ExpoModulesCore' in project 'Pods'
    Target 'ExpoCameraBarcodeScanning' in project 'Pods'
        ➜ Explicit dependency on target 'ExpoCamera' in project 'Pods'
        ➜ Explicit dependency on target 'ZXingObjC' in project 'Pods'
    Target 'ZXingObjC' in project 'Pods' (no dependencies)
    Target 'ExpoCamera' in project 'Pods'
        ➜ Explicit dependency on target 'ExpoModulesCore' in project 'Pods'
    Target 'ExpoBlur' in project 'Pods'
        ➜ Explicit dependency on target 'ExpoModulesCore' in project 'Pods'
    Target 'ExpoAsset' in project 'Pods'
        ➜ Explicit dependency on target 'ExpoModulesCore' in project 'Pods'
    Target 'Expo' in project 'Pods'
        ➜ Explicit dependency on target 'ExpoModulesCore' in project 'Pods'
        ➜ Explicit dependency on target 'RCTRequired' in project 'Pods'
        ➜ Explicit dependency on target 'RCTTypeSafety' in project 'Pods'
        ➜ Explicit dependency on target 'React-Core' in project 'Pods'
        ➜ Explicit dependency on target 'React-Core-prebuilt' in project 'Pods'
        ➜ Explicit dependency on target 'React-Fabric' in project 'Pods'
        ➜ Explicit dependency on target 'React-ImageManager' in project 'Pods'
        ➜ Explicit dependency on target 'React-NativeModulesApple' in project 'Pods'
        ➜ Explicit dependency on target 'React-RCTAppDelegate' in project 'Pods'
        ➜ Explicit dependency on target 'React-RCTFabric' in project 'Pods'
        ➜ Explicit dependency on target 'React-debug' in project 'Pods'
        ➜ Explicit dependency on target 'React-featureflags' in project 'Pods'
        ➜ Explicit dependency on target 'React-graphics' in project 'Pods'
        ➜ Explicit dependency on target 'React-jsi' in project 'Pods'
        ➜ Explicit dependency on target 'React-renderercss' in project 'Pods'
        ➜ Explicit dependency on target 'React-rendererdebug' in project 'Pods'
        ➜ Explicit dependency on target 'React-utils' in project 'Pods'
        ➜ Explicit dependency on target 'ReactAppDependencyProvider' in project 'Pods'
        ➜ Explicit dependency on target 'ReactCodegen' in project 'Pods'
        ➜ Explicit dependency on target 'ReactCommon' in project 'Pods'
        ➜ Explicit dependency on target 'ReactNativeDependencies' in project 'Pods'
        ➜ Explicit dependency on target 'Yoga' in project 'Pods'
        ➜ Explicit dependency on target 'hermes-engine' in project 'Pods'
    Target 'ReactAppDependencyProvider' in project 'Pods'
        ➜ Explicit dependency on target 'ReactCodegen' in project 'Pods'
    Target 'EXConstants' in project 'Pods'
        ➜ Explicit dependency on target 'EXConstants-EXConstants' in project 'Pods'
        ➜ Explicit dependency on target 'EXConstants-ExpoConstants_privacy' in project 'Pods'
        ➜ Explicit dependency on target 'ExpoModulesCore' in project 'Pods'
    Target 'EXConstants-ExpoConstants_privacy' in project 'Pods' (no dependencies)
    Target 'EXConstants-EXConstants' in project 'Pods' (no dependencies)
    Target 'EXApplication' in project 'Pods'
        ➜ Explicit dependency on target 'EXApplication-ExpoApplication_privacy' in project 'Pods'
        ➜ Explicit dependency on target 'ExpoModulesCore' in project 'Pods'
    Target 'EXApplication-ExpoApplication_privacy' in project 'Pods' (no dependencies)
    Target 'EXAV' in project 'Pods'
        ➜ Explicit dependency on target 'ExpoModulesCore' in project 'Pods'
        ➜ Explicit dependency on target 'ReactCommon' in project 'Pods'
    Target 'ExpoModulesCore' in project 'Pods'
        ➜ Explicit dependency on target 'ExpoModulesJSI' in project 'Pods'
        ➜ Explicit dependency on target 'RCTRequired' in project 'Pods'
        ➜ Explicit dependency on target 'RCTTypeSafety' in project 'Pods'
        ➜ Explicit dependency on target 'RNWorklets' in project 'Pods'
        ➜ Explicit dependency on target 'React-Core' in project 'Pods'
        ➜ Explicit dependency on target 'React-Core-prebuilt' in project 'Pods'
        ➜ Explicit dependency on target 'React-Fabric' in project 'Pods'
        ➜ Explicit dependency on target 'React-ImageManager' in project 'Pods'
        ➜ Explicit dependency on target 'React-NativeModulesApple' in project 'Pods'
        ➜ Explicit dependency on target 'React-RCTFabric' in project 'Pods'
        ➜ Explicit dependency on target 'React-debug' in project 'Pods'
        ➜ Explicit dependency on target 'React-featureflags' in project 'Pods'
        ➜ Explicit dependency on target 'React-graphics' in project 'Pods'
        ➜ Explicit dependency on target 'React-jsi' in project 'Pods'
        ➜ Explicit dependency on target 'React-jsinspector' in project 'Pods'
        ➜ Explicit dependency on target 'React-renderercss' in project 'Pods'
        ➜ Explicit dependency on target 'React-rendererdebug' in project 'Pods'
        ➜ Explicit dependency on target 'React-utils' in project 'Pods'
        ➜ Explicit dependency on target 'ReactCodegen' in project 'Pods'
        ➜ Explicit dependency on target 'ReactCommon' in project 'Pods'
        ➜ Explicit dependency on target 'ReactNativeDependencies' in project 'Pods'
        ➜ Explicit dependency on target 'Yoga' in project 'Pods'
        ➜ Explicit dependency on target 'hermes-engine' in project 'Pods'
    Target 'RNWorklets' in project 'Pods'
        ➜ Explicit dependency on target 'RCTRequired' in project 'Pods'
        ➜ Explicit dependency on target 'RCTTypeSafety' in project 'Pods'
        ➜ Explicit dependency on target 'React-Core' in project 'Pods'
        ➜ Explicit dependency on target 'React-Core-prebuilt' in project 'Pods'
        ➜ Explicit dependency on target 'React-Fabric' in project 'Pods'
        ➜ Explicit dependency on target 'React-ImageManager' in project 'Pods'
        ➜ Explicit dependency on target 'React-NativeModulesApple' in project 'Pods'
        ➜ Explicit dependency on target 'React-RCTFabric' in project 'Pods'
        ➜ Explicit dependency on target 'React-debug' in project 'Pods'
        ➜ Explicit dependency on target 'React-featureflags' in project 'Pods'
        ➜ Explicit dependency on target 'React-graphics' in project 'Pods'
        ➜ Explicit dependency on target 'React-hermes' in project 'Pods'
        ➜ Explicit dependency on target 'React-jsi' in project 'Pods'
        ➜ Explicit dependency on target 'React-renderercss' in project 'Pods'
        ➜ Explicit dependency on target 'React-rendererdebug' in project 'Pods'
        ➜ Explicit dependency on target 'React-utils' in project 'Pods'
        ➜ Explicit dependency on target 'ReactCodegen' in project 'Pods'
        ➜ Explicit dependency on target 'ReactCommon' in project 'Pods'
        ➜ Explicit dependency on target 'ReactNativeDependencies' in project 'Pods'
        ➜ Explicit dependency on target 'Yoga' in project 'Pods'
        ➜ Explicit dependency on target 'hermes-engine' in project 'Pods'
    Target 'ReactCodegen' in project 'Pods'
        ➜ Explicit dependency on target 'RCTRequired' in project 'Pods'
        ➜ Explicit dependency on target 'RCTTypeSafety' in project 'Pods'
        ➜ Explicit dependency on target 'React-Core' in project 'Pods'
        ➜ Explicit dependency on target 'React-Core-prebuilt' in project 'Pods'
        ➜ Explicit dependency on target 'React-Fabric' in project 'Pods'
        ➜ Explicit dependency on target 'React-FabricImage' in project 'Pods'
        ➜ Explicit dependency on target 'React-NativeModulesApple' in project 'Pods'
        ➜ Explicit dependency on target 'React-RCTAppDelegate' in project 'Pods'
        ➜ Explicit dependency on target 'React-debug' in project 'Pods'
        ➜ Explicit dependency on target 'React-featureflags' in project 'Pods'
        ➜ Explicit dependency on target 'React-graphics' in project 'Pods'
        ➜ Explicit dependency on target 'React-jsi' in project 'Pods'
        ➜ Explicit dependency on target 'React-jsiexecutor' in project 'Pods'
        ➜ Explicit dependency on target 'React-rendererdebug' in project 'Pods'
        ➜ Explicit dependency on target 'React-utils' in project 'Pods'
        ➜ Explicit dependency on target 'ReactCommon' in project 'Pods'
        ➜ Explicit dependency on target 'ReactNativeDependencies' in project 'Pods'
        ➜ Explicit dependency on target 'hermes-engine' in project 'Pods'
    Target 'React-RCTAppDelegate' in project 'Pods'
        ➜ Explicit dependency on target 'hermes-engine' in project 'Pods'
        ➜ Explicit dependency on target 'RCTRequired' in project 'Pods'
        ➜ Explicit dependency on target 'RCTTypeSafety' in project 'Pods'
        ➜ Explicit dependency on target 'React-Core' in project 'Pods'
        ➜ Explicit dependency on target 'React-Core-prebuilt' in project 'Pods'
        ➜ Explicit dependency on target 'React-CoreModules' in project 'Pods'
        ➜ Explicit dependency on target 'React-debug' in project 'Pods'
        ➜ Explicit dependency on target 'React-defaultsnativemodule' in project 'Pods'
        ➜ Explicit dependency on target 'React-Fabric' in project 'Pods'
        ➜ Explicit dependency on target 'React-featureflags' in project 'Pods'
        ➜ Explicit dependency on target 'React-graphics' in project 'Pods'
        ➜ Explicit dependency on target 'React-hermes' in project 'Pods'
        ➜ Explicit dependency on target 'React-jsitooling' in project 'Pods'
        ➜ Explicit dependency on target 'React-NativeModulesApple' in project 'Pods'
        ➜ Explicit dependency on target 'React-RCTFabric' in project 'Pods'
        ➜ Explicit dependency on target 'React-RCTFBReactNativeSpec' in project 'Pods'
        ➜ Explicit dependency on target 'React-RCTImage' in project 'Pods'
        ➜ Explicit dependency on target 'React-RCTNetwork' in project 'Pods'
        ➜ Explicit dependency on target 'React-RCTRuntime' in project 'Pods'
        ➜ Explicit dependency on target 'React-rendererdebug' in project 'Pods'
        ➜ Explicit dependency on target 'React-RuntimeApple' in project 'Pods'
        ➜ Explicit dependency on target 'React-RuntimeCore' in project 'Pods'
        ➜ Explicit dependency on target 'React-runtimeexecutor' in project 'Pods'
        ➜ Explicit dependency on target 'React-runtimescheduler' in project 'Pods'
        ➜ Explicit dependency on target 'React-utils' in project 'Pods'
        ➜ Explicit dependency on target 'ReactCommon' in project 'Pods'
        ➜ Explicit dependency on target 'ReactNativeDependencies' in project 'Pods'
    Target 'React-RCTRuntime' in project 'Pods'
        ➜ Explicit dependency on target 'hermes-engine' in project 'Pods'
        ➜ Explicit dependency on target 'React-Core' in project 'Pods'
        ➜ Explicit dependency on target 'React-Core-prebuilt' in project 'Pods'
        ➜ Explicit dependency on target 'React-debug' in project 'Pods'
        ➜ Explicit dependency on target 'React-jsi' in project 'Pods'
        ➜ Explicit dependency on target 'React-jsinspector' in project 'Pods'
        ➜ Explicit dependency on target 'React-jsinspectorcdp' in project 'Pods'
        ➜ Explicit dependency on target 'React-jsinspectortracing' in project 'Pods'
        ➜ Explicit dependency on target 'React-jsitooling' in project 'Pods'
        ➜ Explicit dependency on target 'React-RuntimeApple' in project 'Pods'
        ➜ Explicit dependency on target 'React-RuntimeCore' in project 'Pods'
        ➜ Explicit dependency on target 'React-runtimeexecutor' in project 'Pods'
        ➜ Explicit dependency on target 'React-RuntimeHermes' in project 'Pods'
        ➜ Explicit dependency on target 'React-utils' in project 'Pods'
        ➜ Explicit dependency on target 'ReactNativeDependencies' in project 'Pods'
    Target 'React-RuntimeApple' in project 'Pods'
        ➜ Explicit dependency on target 'hermes-engine' in project 'Pods'
        ➜ Explicit dependency on target 'React-callinvoker' in project 'Pods'
        ➜ Explicit dependency on target 'React-Core' in project 'Pods'
        ➜ Explicit dependency on target 'React-Core-prebuilt' in project 'Pods'
        ➜ Explicit dependency on target 'React-CoreModules' in project 'Pods'
        ➜ Explicit dependency on target 'React-cxxreact' in project 'Pods'
        ➜ Explicit dependency on target 'React-featureflags' in project 'Pods'
        ➜ Explicit dependency on target 'React-jserrorhandler' in project 'Pods'
        ➜ Explicit dependency on target 'React-jsi' in project 'Pods'
        ➜ Explicit dependency on target 'React-jsiexecutor' in project 'Pods'
        ➜ Explicit dependency on target 'React-jsinspector' in project 'Pods'
        ➜ Explicit dependency on target 'React-jsitooling' in project 'Pods'
        ➜ Explicit dependency on target 'React-Mapbuffer' in project 'Pods'
        ➜ Explicit dependency on target 'React-NativeModulesApple' in project 'Pods'
        ➜ Explicit dependency on target 'React-RCTFabric' in project 'Pods'
        ➜ Explicit dependency on target 'React-RCTFBReactNativeSpec' in project 'Pods'
        ➜ Explicit dependency on target 'React-RuntimeCore' in project 'Pods'
        ➜ Explicit dependency on target 'React-runtimeexecutor' in project 'Pods'
        ➜ Explicit dependency on target 'React-RuntimeHermes' in project 'Pods'
        ➜ Explicit dependency on target 'React-runtimescheduler' in project 'Pods'
        ➜ Explicit dependency on target 'React-utils' in project 'Pods'
        ➜ Explicit dependency on target 'ReactNativeDependencies' in project 'Pods'
    Target 'React-RuntimeHermes' in project 'Pods'
        ➜ Explicit dependency on target 'hermes-engine' in project 'Pods'
        ➜ Explicit dependency on target 'React-Core-prebuilt' in project 'Pods'
        ➜ Explicit dependency on target 'React-featureflags' in project 'Pods'
        ➜ Explicit dependency on target 'React-hermes' in project 'Pods'
        ➜ Explicit dependency on target 'React-jsi' in project 'Pods'
        ➜ Explicit dependency on target 'React-jsinspector' in project 'Pods'
        ➜ Explicit dependency on target 'React-jsinspectorcdp' in project 'Pods'
        ➜ Explicit dependency on target 'React-jsinspectortracing' in project 'Pods'
        ➜ Explicit dependency on target 'React-jsitooling' in project 'Pods'
        ➜ Explicit dependency on target 'React-jsitracing' in project 'Pods'
        ➜ Explicit dependency on target 'React-RuntimeCore' in project 'Pods'
        ➜ Explicit dependency on target 'React-runtimeexecutor' in project 'Pods'
        ➜ Explicit dependency on target 'React-utils' in project 'Pods'
        ➜ Explicit dependency on target 'ReactNativeDependencies' in project 'Pods'
    Target 'React-jsitracing' in project 'Pods'
        ➜ Explicit dependency on target 'React-jsi' in project 'Pods'
    Target 'React-RuntimeCore' in project 'Pods'
        ➜ Explicit dependency on target 'hermes-engine' in project 'Pods'
        ➜ Explicit dependency on target 'React-Core-prebuilt' in project 'Pods'
        ➜ Explicit dependency on target 'React-cxxreact' in project 'Pods'
        ➜ Explicit dependency on target 'React-Fabric' in project 'Pods'
        ➜ Explicit dependency on target 'React-featureflags' in project 'Pods'
        ➜ Explicit dependency on target 'React-jserrorhandler' in project 'Pods'
        ➜ Explicit dependency on target 'React-jsi' in project 'Pods'
        ➜ Explicit dependency on target 'React-jsiexecutor' in project 'Pods'
        ➜ Explicit dependency on target 'React-jsinspector' in project 'Pods'
        ➜ Explicit dependency on target 'React-jsitooling' in project 'Pods'
        ➜ Explicit dependency on target 'React-performancetimeline' in project 'Pods'
        ➜ Explicit dependency on target 'React-runtimeexecutor' in project 'Pods'
        ➜ Explicit dependency on target 'React-runtimescheduler' in project 'Pods'
        ➜ Explicit dependency on target 'React-utils' in project 'Pods'
        ➜ Explicit dependency on target 'ReactNativeDependencies' in project 'Pods'
    Target 'React-Mapbuffer' in project 'Pods'
        ➜ Explicit dependency on target 'React-Core-prebuilt' in project 'Pods'
        ➜ Explicit dependency on target 'React-debug' in project 'Pods'
        ➜ Explicit dependency on target 'ReactNativeDependencies' in project 'Pods'
    Target 'React-jserrorhandler' in project 'Pods'
        ➜ Explicit dependency on target 'hermes-engine' in project 'Pods'
        ➜ Explicit dependency on target 'React-Core-prebuilt' in project 'Pods'
        ➜ Explicit dependency on target 'React-cxxreact' in project 'Pods'
        ➜ Explicit dependency on target 'React-debug' in project 'Pods'
        ➜ Explicit dependency on target 'React-featureflags' in project 'Pods'
        ➜ Explicit dependency on target 'React-jsi' in project 'Pods'
        ➜ Explicit dependency on target 'ReactCommon' in project 'Pods'
        ➜ Explicit dependency on target 'ReactNativeDependencies' in project 'Pods'
    Target 'React-defaultsnativemodule' in project 'Pods'
        ➜ Explicit dependency on target 'hermes-engine' in project 'Pods'
        ➜ Explicit dependency on target 'React-Core-prebuilt' in project 'Pods'
        ➜ Explicit dependency on target 'React-domnativemodule' in project 'Pods'
        ➜ Explicit dependency on target 'React-featureflags' in project 'Pods'
        ➜ Explicit dependency on target 'React-featureflagsnativemodule' in project 'Pods'
        ➜ Explicit dependency on target 'React-idlecallbacksnativemodule' in project 'Pods'
        ➜ Explicit dependency on target 'React-intersectionobservernativemodule' in project 'Pods'
        ➜ Explicit dependency on target 'React-jsi' in project 'Pods'
        ➜ Explicit dependency on target 'React-jsiexecutor' in project 'Pods'
        ➜ Explicit dependency on target 'React-microtasksnativemodule' in project 'Pods'
        ➜ Explicit dependency on target 'React-RCTFBReactNativeSpec' in project 'Pods'
        ➜ Explicit dependency on target 'React-webperformancenativemodule' in project 'Pods'
        ➜ Explicit dependency on target 'ReactNativeDependencies' in project 'Pods'
        ➜ Explicit dependency on target 'Yoga' in project 'Pods'
    Target 'React-webperformancenativemodule' in project 'Pods'
        ➜ Explicit dependency on target 'hermes-engine' in project 'Pods'
        ➜ Explicit dependency on target 'React-Core-prebuilt' in project 'Pods'
        ➜ Explicit dependency on target 'React-cxxreact' in project 'Pods'
        ➜ Explicit dependency on target 'React-jsi' in project 'Pods'
        ➜ Explicit dependency on target 'React-jsiexecutor' in project 'Pods'
        ➜ Explicit dependency on target 'React-performancetimeline' in project 'Pods'
        ➜ Explicit dependency on target 'React-RCTFBReactNativeSpec' in project 'Pods'
        ➜ Explicit dependency on target 'React-runtimeexecutor' in project 'Pods'
        ➜ Explicit dependency on target 'ReactCommon' in project 'Pods'
        ➜ Explicit dependency on target 'ReactNativeDependencies' in project 'Pods'
    Target 'React-microtasksnativemodule' in project 'Pods'
        ➜ Explicit dependency on target 'hermes-engine' in project 'Pods'
        ➜ Explicit dependency on target 'React-Core-prebuilt' in project 'Pods'
        ➜ Explicit dependency on target 'React-jsi' in project 'Pods'
        ➜ Explicit dependency on target 'React-jsiexecutor' in project 'Pods'
        ➜ Explicit dependency on target 'React-RCTFBReactNativeSpec' in project 'Pods'
        ➜ Explicit dependency on target 'ReactCommon' in project 'Pods'
        ➜ Explicit dependency on target 'ReactNativeDependencies' in project 'Pods'
    Target 'React-intersectionobservernativemodule' in project 'Pods'
        ➜ Explicit dependency on target 'hermes-engine' in project 'Pods'
        ➜ Explicit dependency on target 'React-Core-prebuilt' in project 'Pods'
        ➜ Explicit dependency on target 'React-cxxreact' in project 'Pods'
        ➜ Explicit dependency on target 'React-Fabric' in project 'Pods'
        ➜ Explicit dependency on target 'React-graphics' in project 'Pods'
        ➜ Explicit dependency on target 'React-jsi' in project 'Pods'
        ➜ Explicit dependency on target 'React-jsiexecutor' in project 'Pods'
        ➜ Explicit dependency on target 'React-RCTFBReactNativeSpec' in project 'Pods'
        ➜ Explicit dependency on target 'React-runtimeexecutor' in project 'Pods'
        ➜ Explicit dependency on target 'React-runtimescheduler' in project 'Pods'
        ➜ Explicit dependency on target 'ReactCommon' in project 'Pods'
        ➜ Explicit dependency on target 'ReactNativeDependencies' in project 'Pods'
        ➜ Explicit dependency on target 'Yoga' in project 'Pods'
    Target 'React-idlecallbacksnativemodule' in project 'Pods'
        ➜ Explicit dependency on target 'hermes-engine' in project 'Pods'
        ➜ Explicit dependency on target 'React-Core-prebuilt' in project 'Pods'
        ➜ Explicit dependency on target 'React-jsi' in project 'Pods'
        ➜ Explicit dependency on target 'React-jsiexecutor' in project 'Pods'
        ➜ Explicit dependency on target 'React-RCTFBReactNativeSpec' in project 'Pods'
        ➜ Explicit dependency on target 'React-runtimeexecutor' in project 'Pods'
        ➜ Explicit dependency on target 'React-runtimescheduler' in project 'Pods'
        ➜ Explicit dependency on target 'ReactCommon' in project 'Pods'
        ➜ Explicit dependency on target 'ReactNativeDependencies' in project 'Pods'
    Target 'React-featureflagsnativemodule' in project 'Pods'
        ➜ Explicit dependency on target 'hermes-engine' in project 'Pods'
        ➜ Explicit dependency on target 'React-Core-prebuilt' in project 'Pods'
        ➜ Explicit dependency on target 'React-featureflags' in project 'Pods'
        ➜ Explicit dependency on target 'React-jsi' in project 'Pods'
        ➜ Explicit dependency on target 'React-jsiexecutor' in project 'Pods'
        ➜ Explicit dependency on target 'React-RCTFBReactNativeSpec' in project 'Pods'
        ➜ Explicit dependency on target 'ReactCommon' in project 'Pods'
        ➜ Explicit dependency on target 'ReactNativeDependencies' in project 'Pods'
    Target 'React-domnativemodule' in project 'Pods'
        ➜ Explicit dependency on target 'hermes-engine' in project 'Pods'
        ➜ Explicit dependency on target 'React-Core-prebuilt' in project 'Pods'
        ➜ Explicit dependency on target 'React-Fabric' in project 'Pods'
        ➜ Explicit dependency on target 'React-FabricComponents' in project 'Pods'
        ➜ Explicit dependency on target 'React-graphics' in project 'Pods'
        ➜ Explicit dependency on target 'React-jsi' in project 'Pods'
        ➜ Explicit dependency on target 'React-jsiexecutor' in project 'Pods'
        ➜ Explicit dependency on target 'React-RCTFBReactNativeSpec' in project 'Pods'
        ➜ Explicit dependency on target 'React-runtimeexecutor' in project 'Pods'
        ➜ Explicit dependency on target 'ReactCommon' in project 'Pods'
        ➜ Explicit dependency on target 'ReactNativeDependencies' in project 'Pods'
        ➜ Explicit dependency on target 'Yoga' in project 'Pods'
    Target 'React-CoreModules' in project 'Pods'
        ➜ Explicit dependency on target 'RCTTypeSafety' in project 'Pods'
        ➜ Explicit dependency on target 'React-Core' in project 'Pods'
        ➜ Explicit dependency on target 'React-Core-prebuilt' in project 'Pods'
        ➜ Explicit dependency on target 'React-debug' in project 'Pods'
        ➜ Explicit dependency on target 'React-jsi' in project 'Pods'
        ➜ Explicit dependency on target 'React-jsinspector' in project 'Pods'
        ➜ Explicit dependency on target 'React-jsinspectorcdp' in project 'Pods'
        ➜ Explicit dependency on target 'React-jsinspectortracing' in project 'Pods'
        ➜ Explicit dependency on target 'React-NativeModulesApple' in project 'Pods'
        ➜ Explicit dependency on target 'React-RCTBlob' in project 'Pods'
        ➜ Explicit dependency on target 'React-RCTFBReactNativeSpec' in project 'Pods'
        ➜ Explicit dependency on target 'React-RCTImage' in project 'Pods'
        ➜ Explicit dependency on target 'React-runtimeexecutor' in project 'Pods'
        ➜ Explicit dependency on target 'React-utils' in project 'Pods'
        ➜ Explicit dependency on target 'ReactCommon' in project 'Pods'
        ➜ Explicit dependency on target 'ReactNativeDependencies' in project 'Pods'
    Target 'React-RCTBlob' in project 'Pods'
        ➜ Explicit dependency on target 'hermes-engine' in project 'Pods'
        ➜ Explicit dependency on target 'React-Core' in project 'Pods'
        ➜ Explicit dependency on target 'React-Core-prebuilt' in project 'Pods'
        ➜ Explicit dependency on target 'React-jsi' in project 'Pods'
        ➜ Explicit dependency on target 'React-jsinspector' in project 'Pods'
        ➜ Explicit dependency on target 'React-jsinspectorcdp' in project 'Pods'
        ➜ Explicit dependency on target 'React-NativeModulesApple' in project 'Pods'
        ➜ Explicit dependency on target 'React-RCTFBReactNativeSpec' in project 'Pods'
        ➜ Explicit dependency on target 'React-RCTNetwork' in project 'Pods'
        ➜ Explicit dependency on target 'ReactCommon' in project 'Pods'
        ➜ Explicit dependency on target 'ReactNativeDependencies' in project 'Pods'
    Target 'React-RCTFabric' in project 'Pods'
        ➜ Explicit dependency on target 'hermes-engine' in project 'Pods'
        ➜ Explicit dependency on target 'RCTSwiftUIWrapper' in project 'Pods'
        ➜ Explicit dependency on target 'React-Core' in project 'Pods'
        ➜ Explicit dependency on target 'React-Core-prebuilt' in project 'Pods'
        ➜ Explicit dependency on target 'React-debug' in project 'Pods'
        ➜ Explicit dependency on target 'React-Fabric' in project 'Pods'
        ➜ Explicit dependency on target 'React-FabricComponents' in project 'Pods'
        ➜ Explicit dependency on target 'React-FabricImage' in project 'Pods'
        ➜ Explicit dependency on target 'React-featureflags' in project 'Pods'
        ➜ Explicit dependency on target 'React-graphics' in project 'Pods'
        ➜ Explicit dependency on target 'React-ImageManager' in project 'Pods'
        ➜ Explicit dependency on target 'React-jsi' in project 'Pods'
        ➜ Explicit dependency on target 'React-jsinspector' in project 'Pods'
        ➜ Explicit dependency on target 'React-jsinspectorcdp' in project 'Pods'
        ➜ Explicit dependency on target 'React-jsinspectortracing' in project 'Pods'
        ➜ Explicit dependency on target 'React-networking' in project 'Pods'
        ➜ Explicit dependency on target 'React-performancecdpmetrics' in project 'Pods'
        ➜ Explicit dependency on target 'React-performancetimeline' in project 'Pods'
        ➜ Explicit dependency on target 'React-RCTAnimation' in project 'Pods'
        ➜ Explicit dependency on target 'React-RCTFBReactNativeSpec' in project 'Pods'
        ➜ Explicit dependency on target 'React-RCTImage' in project 'Pods'
        ➜ Explicit dependency on target 'React-RCTText' in project 'Pods'
        ➜ Explicit dependency on target 'React-rendererconsistency' in project 'Pods'
        ➜ Explicit dependency on target 'React-renderercss' in project 'Pods'
        ➜ Explicit dependency on target 'React-rendererdebug' in project 'Pods'
        ➜ Explicit dependency on target 'React-runtimeexecutor' in project 'Pods'
        ➜ Explicit dependency on target 'React-runtimescheduler' in project 'Pods'
        ➜ Explicit dependency on target 'React-utils' in project 'Pods'
        ➜ Explicit dependency on target 'ReactNativeDependencies' in project 'Pods'
        ➜ Explicit dependency on target 'Yoga' in project 'Pods'
    Target 'React-RCTText' in project 'Pods'
        ➜ Explicit dependency on target 'React-Core' in project 'Pods'
        ➜ Explicit dependency on target 'Yoga' in project 'Pods'
    Target 'React-RCTImage' in project 'Pods'
        ➜ Explicit dependency on target 'RCTTypeSafety' in project 'Pods'
        ➜ Explicit dependency on target 'React-Core' in project 'Pods'
        ➜ Explicit dependency on target 'React-Core-prebuilt' in project 'Pods'
        ➜ Explicit dependency on target 'React-jsi' in project 'Pods'
        ➜ Explicit dependency on target 'React-NativeModulesApple' in project 'Pods'
        ➜ Explicit dependency on target 'React-RCTFBReactNativeSpec' in project 'Pods'
        ➜ Explicit dependency on target 'React-RCTNetwork' in project 'Pods'
        ➜ Explicit dependency on target 'ReactCommon' in project 'Pods'
        ➜ Explicit dependency on target 'ReactNativeDependencies' in project 'Pods'
    Target 'React-RCTNetwork' in project 'Pods'
        ➜ Explicit dependency on target 'RCTTypeSafety' in project 'Pods'
        ➜ Explicit dependency on target 'React-Core' in project 'Pods'
        ➜ Explicit dependency on target 'React-Core-prebuilt' in project 'Pods'
        ➜ Explicit dependency on target 'React-debug' in project 'Pods'
        ➜ Explicit dependency on target 'React-featureflags' in project 'Pods'
        ➜ Explicit dependency on target 'React-jsi' in project 'Pods'
        ➜ Explicit dependency on target 'React-jsinspectorcdp' in project 'Pods'
        ➜ Explicit dependency on target 'React-jsinspectornetwork' in project 'Pods'
        ➜ Explicit dependency on target 'React-NativeModulesApple' in project 'Pods'
        ➜ Explicit dependency on target 'React-networking' in project 'Pods'
        ➜ Explicit dependency on target 'React-RCTFBReactNativeSpec' in project 'Pods'
        ➜ Explicit dependency on target 'ReactCommon' in project 'Pods'
        ➜ Explicit dependency on target 'ReactNativeDependencies' in project 'Pods'
    Target 'React-RCTAnimation' in project 'Pods'
        ➜ Explicit dependency on target 'RCTTypeSafety' in project 'Pods'
        ➜ Explicit dependency on target 'React-Core' in project 'Pods'
        ➜ Explicit dependency on target 'React-Core-prebuilt' in project 'Pods'
        ➜ Explicit dependency on target 'React-featureflags' in project 'Pods'
        ➜ Explicit dependency on target 'React-jsi' in project 'Pods'
        ➜ Explicit dependency on target 'React-NativeModulesApple' in project 'Pods'
        ➜ Explicit dependency on target 'React-RCTFBReactNativeSpec' in project 'Pods'
        ➜ Explicit dependency on target 'ReactCommon' in project 'Pods'
        ➜ Explicit dependency on target 'ReactNativeDependencies' in project 'Pods'
    Target 'React-networking' in project 'Pods'
        ➜ Explicit dependency on target 'React-Core-prebuilt' in project 'Pods'
        ➜ Explicit dependency on target 'React-featureflags' in project 'Pods'
        ➜ Explicit dependency on target 'React-jsinspectornetwork' in project 'Pods'
        ➜ Explicit dependency on target 'React-jsinspectortracing' in project 'Pods'
        ➜ Explicit dependency on target 'React-performancetimeline' in project 'Pods'
        ➜ Explicit dependency on target 'React-timing' in project 'Pods'
        ➜ Explicit dependency on target 'ReactNativeDependencies' in project 'Pods'
    Target 'React-FabricImage' in project 'Pods'
        ➜ Explicit dependency on target 'hermes-engine' in project 'Pods'
        ➜ Explicit dependency on target 'RCTRequired' in project 'Pods'
        ➜ Explicit dependency on target 'RCTTypeSafety' in project 'Pods'
        ➜ Explicit dependency on target 'React-Core-prebuilt' in project 'Pods'
        ➜ Explicit dependency on target 'React-Fabric' in project 'Pods'
        ➜ Explicit dependency on target 'React-featureflags' in project 'Pods'
        ➜ Explicit dependency on target 'React-graphics' in project 'Pods'
        ➜ Explicit dependency on target 'React-ImageManager' in project 'Pods'
        ➜ Explicit dependency on target 'React-jsi' in project 'Pods'
        ➜ Explicit dependency on target 'React-jsiexecutor' in project 'Pods'
        ➜ Explicit dependency on target 'React-logger' in project 'Pods'
        ➜ Explicit dependency on target 'React-rendererdebug' in project 'Pods'
        ➜ Explicit dependency on target 'React-utils' in project 'Pods'
        ➜ Explicit dependency on target 'ReactCommon' in project 'Pods'
        ➜ Explicit dependency on target 'ReactNativeDependencies' in project 'Pods'
        ➜ Explicit dependency on target 'Yoga' in project 'Pods'
    Target 'React-FabricComponents' in project 'Pods'
        ➜ Explicit dependency on target 'hermes-engine' in project 'Pods'
        ➜ Explicit dependency on target 'RCTRequired' in project 'Pods'
        ➜ Explicit dependency on target 'RCTTypeSafety' in project 'Pods'
        ➜ Explicit dependency on target 'React-Core' in project 'Pods'
        ➜ Explicit dependency on target 'React-Core-prebuilt' in project 'Pods'
        ➜ Explicit dependency on target 'React-cxxreact' in project 'Pods'
        ➜ Explicit dependency on target 'React-debug' in project 'Pods'
        ➜ Explicit dependency on target 'React-Fabric' in project 'Pods'
        ➜ Explicit dependency on target 'React-featureflags' in project 'Pods'
        ➜ Explicit dependency on target 'React-graphics' in project 'Pods'
        ➜ Explicit dependency on target 'React-jsi' in project 'Pods'
        ➜ Explicit dependency on target 'React-jsiexecutor' in project 'Pods'
        ➜ Explicit dependency on target 'React-logger' in project 'Pods'
        ➜ Explicit dependency on target 'React-RCTFBReactNativeSpec' in project 'Pods'
        ➜ Explicit dependency on target 'React-rendererdebug' in project 'Pods'
        ➜ Explicit dependency on target 'React-runtimescheduler' in project 'Pods'
        ➜ Explicit dependency on target 'React-utils' in project 'Pods'
        ➜ Explicit dependency on target 'ReactCommon' in project 'Pods'
        ➜ Explicit dependency on target 'ReactNativeDependencies' in project 'Pods'
        ➜ Explicit dependency on target 'Yoga' in project 'Pods'
    Target 'React-RCTFBReactNativeSpec' in project 'Pods'
        ➜ Explicit dependency on target 'hermes-engine' in project 'Pods'
        ➜ Explicit dependency on target 'RCTRequired' in project 'Pods'
        ➜ Explicit dependency on target 'RCTTypeSafety' in project 'Pods'
        ➜ Explicit dependency on target 'React-Core' in project 'Pods'
        ➜ Explicit dependency on target 'React-Core-prebuilt' in project 'Pods'
        ➜ Explicit dependency on target 'React-debug' in project 'Pods'
        ➜ Explicit dependency on target 'React-Fabric' in project 'Pods'
        ➜ Explicit dependency on target 'React-featureflags' in project 'Pods'
        ➜ Explicit dependency on target 'React-graphics' in project 'Pods'
        ➜ Explicit dependency on target 'React-jsi' in project 'Pods'
        ➜ Explicit dependency on target 'React-NativeModulesApple' in project 'Pods'
        ➜ Explicit dependency on target 'React-rendererdebug' in project 'Pods'
        ➜ Explicit dependency on target 'React-utils' in project 'Pods'
        ➜ Explicit dependency on target 'ReactCommon' in project 'Pods'
        ➜ Explicit dependency on target 'ReactNativeDependencies' in project 'Pods'
        ➜ Explicit dependency on target 'Yoga' in project 'Pods'
    Target 'RCTSwiftUIWrapper' in project 'Pods'
        ➜ Explicit dependency on target 'RCTSwiftUI' in project 'Pods'
    Target 'RCTSwiftUI' in project 'Pods' (no dependencies)
    Target 'React-NativeModulesApple' in project 'Pods'
        ➜ Explicit dependency on target 'hermes-engine' in project 'Pods'
        ➜ Explicit dependency on target 'React-callinvoker' in project 'Pods'
        ➜ Explicit dependency on target 'React-Core' in project 'Pods'
        ➜ Explicit dependency on target 'React-Core-prebuilt' in project 'Pods'
        ➜ Explicit dependency on target 'React-cxxreact' in project 'Pods'
        ➜ Explicit dependency on target 'React-debug' in project 'Pods'
        ➜ Explicit dependency on target 'React-featureflags' in project 'Pods'
        ➜ Explicit dependency on target 'React-jsi' in project 'Pods'
        ➜ Explicit dependency on target 'React-jsinspector' in project 'Pods'
        ➜ Explicit dependency on target 'React-jsinspectorcdp' in project 'Pods'
        ➜ Explicit dependency on target 'React-runtimeexecutor' in project 'Pods'
        ➜ Explicit dependency on target 'ReactCommon' in project 'Pods'
        ➜ Explicit dependency on target 'ReactNativeDependencies' in project 'Pods'
    Target 'React-ImageManager' in project 'Pods'
        ➜ Explicit dependency on target 'React-Core' in project 'Pods'
        ➜ Explicit dependency on target 'React-Core-prebuilt' in project 'Pods'
        ➜ Explicit dependency on target 'React-debug' in project 'Pods'
        ➜ Explicit dependency on target 'React-Fabric' in project 'Pods'
        ➜ Explicit dependency on target 'React-graphics' in project 'Pods'
        ➜ Explicit dependency on target 'React-rendererdebug' in project 'Pods'
        ➜ Explicit dependency on target 'React-utils' in project 'Pods'
        ➜ Explicit dependency on target 'ReactNativeDependencies' in project 'Pods'
    Target 'React-Fabric' in project 'Pods'
        ➜ Explicit dependency on target 'hermes-engine' in project 'Pods'
        ➜ Explicit dependency on target 'RCTRequired' in project 'Pods'
        ➜ Explicit dependency on target 'RCTTypeSafety' in project 'Pods'
        ➜ Explicit dependency on target 'React-Core' in project 'Pods'
        ➜ Explicit dependency on target 'React-Core-prebuilt' in project 'Pods'
        ➜ Explicit dependency on target 'React-cxxreact' in project 'Pods'
        ➜ Explicit dependency on target 'React-debug' in project 'Pods'
        ➜ Explicit dependency on target 'React-featureflags' in project 'Pods'
        ➜ Explicit dependency on target 'React-graphics' in project 'Pods'
        ➜ Explicit dependency on target 'React-jsi' in project 'Pods'
        ➜ Explicit dependency on target 'React-jsiexecutor' in project 'Pods'
        ➜ Explicit dependency on target 'React-logger' in project 'Pods'
        ➜ Explicit dependency on target 'React-performancecdpmetrics' in project 'Pods'
        ➜ Explicit dependency on target 'React-performancetimeline' in project 'Pods'
        ➜ Explicit dependency on target 'React-rendererconsistency' in project 'Pods'
        ➜ Explicit dependency on target 'React-renderercss' in project 'Pods'
        ➜ Explicit dependency on target 'React-rendererdebug' in project 'Pods'
        ➜ Explicit dependency on target 'React-runtimeexecutor' in project 'Pods'
        ➜ Explicit dependency on target 'React-runtimescheduler' in project 'Pods'
        ➜ Explicit dependency on target 'React-utils' in project 'Pods'
        ➜ Explicit dependency on target 'ReactCommon' in project 'Pods'
        ➜ Explicit dependency on target 'ReactNativeDependencies' in project 'Pods'
        ➜ Explicit dependency on target 'Yoga' in project 'Pods'
    Target 'React-renderercss' in project 'Pods'
        ➜ Explicit dependency on target 'React-debug' in project 'Pods'
        ➜ Explicit dependency on target 'React-utils' in project 'Pods'
    Target 'React-performancecdpmetrics' in project 'Pods'
        ➜ Explicit dependency on target 'hermes-engine' in project 'Pods'
        ➜ Explicit dependency on target 'React-Core-prebuilt' in project 'Pods'
        ➜ Explicit dependency on target 'React-jsi' in project 'Pods'
        ➜ Explicit dependency on target 'React-performancetimeline' in project 'Pods'
        ➜ Explicit dependency on target 'React-runtimeexecutor' in project 'Pods'
        ➜ Explicit dependency on target 'React-timing' in project 'Pods'
        ➜ Explicit dependency on target 'ReactNativeDependencies' in project 'Pods'
    Target 'React-graphics' in project 'Pods'
        ➜ Explicit dependency on target 'hermes-engine' in project 'Pods'
        ➜ Explicit dependency on target 'React-Core-prebuilt' in project 'Pods'
        ➜ Explicit dependency on target 'React-jsi' in project 'Pods'
        ➜ Explicit dependency on target 'React-jsiexecutor' in project 'Pods'
        ➜ Explicit dependency on target 'React-utils' in project 'Pods'
        ➜ Explicit dependency on target 'ReactNativeDependencies' in project 'Pods'
    Target 'RCTTypeSafety' in project 'Pods'
        ➜ Explicit dependency on target 'FBLazyVector' in project 'Pods'
        ➜ Explicit dependency on target 'RCTRequired' in project 'Pods'
        ➜ Explicit dependency on target 'React-Core' in project 'Pods'
    Target 'FBLazyVector' in project 'Pods' (no dependencies)
    Target 'RCTRequired' in project 'Pods' (no dependencies)
    Target 'ExpoModulesJSI' in project 'Pods'
        ➜ Explicit dependency on target 'React-Core' in project 'Pods'
        ➜ Explicit dependency on target 'React-runtimescheduler' in project 'Pods'
        ➜ Explicit dependency on target 'ReactCommon' in project 'Pods'
        ➜ Explicit dependency on target 'hermes-engine' in project 'Pods'
    Target 'ReactCommon' in project 'Pods'
        ➜ Explicit dependency on target 'hermes-engine' in project 'Pods'
        ➜ Explicit dependency on target 'React-callinvoker' in project 'Pods'
        ➜ Explicit dependency on target 'React-Core-prebuilt' in project 'Pods'
        ➜ Explicit dependency on target 'React-cxxreact' in project 'Pods'
        ➜ Explicit dependency on target 'React-debug' in project 'Pods'
        ➜ Explicit dependency on target 'React-featureflags' in project 'Pods'
        ➜ Explicit dependency on target 'React-jsi' in project 'Pods'
        ➜ Explicit dependency on target 'React-logger' in project 'Pods'
        ➜ Explicit dependency on target 'React-perflogger' in project 'Pods'
        ➜ Explicit dependency on target 'React-utils' in project 'Pods'
        ➜ Explicit dependency on target 'ReactNativeDependencies' in project 'Pods'
    Target 'React-Core' in project 'Pods'
        ➜ Explicit dependency on target 'hermes-engine' in project 'Pods'
        ➜ Explicit dependency on target 'RCTDeprecation' in project 'Pods'
        ➜ Explicit dependency on target 'React-Core-prebuilt' in project 'Pods'
        ➜ Explicit dependency on target 'React-Core-React-Core_privacy' in project 'Pods'
        ➜ Explicit dependency on target 'React-cxxreact' in project 'Pods'
        ➜ Explicit dependency on target 'React-featureflags' in project 'Pods'
        ➜ Explicit dependency on target 'React-hermes' in project 'Pods'
        ➜ Explicit dependency on target 'React-jsi' in project 'Pods'
        ➜ Explicit dependency on target 'React-jsiexecutor' in project 'Pods'
        ➜ Explicit dependency on target 'React-jsinspector' in project 'Pods'
        ➜ Explicit dependency on target 'React-jsinspectorcdp' in project 'Pods'
        ➜ Explicit dependency on target 'React-jsitooling' in project 'Pods'
        ➜ Explicit dependency on target 'React-perflogger' in project 'Pods'
        ➜ Explicit dependency on target 'React-runtimeexecutor' in project 'Pods'
        ➜ Explicit dependency on target 'React-runtimescheduler' in project 'Pods'
        ➜ Explicit dependency on target 'React-utils' in project 'Pods'
        ➜ Explicit dependency on target 'ReactNativeDependencies' in project 'Pods'
        ➜ Explicit dependency on target 'Yoga' in project 'Pods'
    Target 'Yoga' in project 'Pods' (no dependencies)
    Target 'React-runtimescheduler' in project 'Pods'
        ➜ Explicit dependency on target 'hermes-engine' in project 'Pods'
        ➜ Explicit dependency on target 'React-callinvoker' in project 'Pods'
        ➜ Explicit dependency on target 'React-Core-prebuilt' in project 'Pods'
        ➜ Explicit dependency on target 'React-cxxreact' in project 'Pods'
        ➜ Explicit dependency on target 'React-debug' in project 'Pods'
        ➜ Explicit dependency on target 'React-featureflags' in project 'Pods'
        ➜ Explicit dependency on target 'React-jsi' in project 'Pods'
        ➜ Explicit dependency on target 'React-jsinspectortracing' in project 'Pods'
        ➜ Explicit dependency on target 'React-performancetimeline' in project 'Pods'
        ➜ Explicit dependency on target 'React-rendererconsistency' in project 'Pods'
        ➜ Explicit dependency on target 'React-rendererdebug' in project 'Pods'
        ➜ Explicit dependency on target 'React-runtimeexecutor' in project 'Pods'
        ➜ Explicit dependency on target 'React-timing' in project 'Pods'
        ➜ Explicit dependency on target 'React-utils' in project 'Pods'
        ➜ Explicit dependency on target 'ReactNativeDependencies' in project 'Pods'
    Target 'React-rendererdebug' in project 'Pods'
        ➜ Explicit dependency on target 'React-Core-prebuilt' in project 'Pods'
        ➜ Explicit dependency on target 'React-debug' in project 'Pods'
        ➜ Explicit dependency on target 'ReactNativeDependencies' in project 'Pods'
    Target 'React-rendererconsistency' in project 'Pods' (no dependencies)
    Target 'React-performancetimeline' in project 'Pods'
        ➜ Explicit dependency on target 'React-Core-prebuilt' in project 'Pods'
        ➜ Explicit dependency on target 'React-featureflags' in project 'Pods'
        ➜ Explicit dependency on target 'React-jsinspectortracing' in project 'Pods'
        ➜ Explicit dependency on target 'React-perflogger' in project 'Pods'
        ➜ Explicit dependency on target 'React-timing' in project 'Pods'
        ➜ Explicit dependency on target 'ReactNativeDependencies' in project 'Pods'
    Target 'React-jsitooling' in project 'Pods'
        ➜ Explicit dependency on target 'React-Core-prebuilt' in project 'Pods'
        ➜ Explicit dependency on target 'React-cxxreact' in project 'Pods'
        ➜ Explicit dependency on target 'React-debug' in project 'Pods'
        ➜ Explicit dependency on target 'React-jsi' in project 'Pods'
        ➜ Explicit dependency on target 'React-jsinspector' in project 'Pods'
        ➜ Explicit dependency on target 'React-jsinspectorcdp' in project 'Pods'
        ➜ Explicit dependency on target 'React-jsinspectortracing' in project 'Pods'
        ➜ Explicit dependency on target 'React-runtimeexecutor' in project 'Pods'
        ➜ Explicit dependency on target 'React-utils' in project 'Pods'
        ➜ Explicit dependency on target 'ReactNativeDependencies' in project 'Pods'
    Target 'React-hermes' in project 'Pods'
        ➜ Explicit dependency on target 'hermes-engine' in project 'Pods'
        ➜ Explicit dependency on target 'React-Core-prebuilt' in project 'Pods'
        ➜ Explicit dependency on target 'React-cxxreact' in project 'Pods'
        ➜ Explicit dependency on target 'React-jsi' in project 'Pods'
        ➜ Explicit dependency on target 'React-jsiexecutor' in project 'Pods'
        ➜ Explicit dependency on target 'React-jsinspector' in project 'Pods'
        ➜ Explicit dependency on target 'React-jsinspectorcdp' in project 'Pods'
        ➜ Explicit dependency on target 'React-jsinspectortracing' in project 'Pods'
        ➜ Explicit dependency on target 'React-oscompat' in project 'Pods'
        ➜ Explicit dependency on target 'React-perflogger' in project 'Pods'
        ➜ Explicit dependency on target 'React-runtimeexecutor' in project 'Pods'
        ➜ Explicit dependency on target 'ReactNativeDependencies' in project 'Pods'
    Target 'React-jsiexecutor' in project 'Pods'
        ➜ Explicit dependency on target 'hermes-engine' in project 'Pods'
        ➜ Explicit dependency on target 'React-Core-prebuilt' in project 'Pods'
        ➜ Explicit dependency on target 'React-cxxreact' in project 'Pods'
        ➜ Explicit dependency on target 'React-debug' in project 'Pods'
        ➜ Explicit dependency on target 'React-jsi' in project 'Pods'
        ➜ Explicit dependency on target 'React-jsinspector' in project 'Pods'
        ➜ Explicit dependency on target 'React-jsinspectorcdp' in project 'Pods'
        ➜ Explicit dependency on target 'React-jsinspectortracing' in project 'Pods'
        ➜ Explicit dependency on target 'React-perflogger' in project 'Pods'
        ➜ Explicit dependency on target 'React-runtimeexecutor' in project 'Pods'
        ➜ Explicit dependency on target 'React-utils' in project 'Pods'
        ➜ Explicit dependency on target 'ReactNativeDependencies' in project 'Pods'
    Target 'React-cxxreact' in project 'Pods'
        ➜ Explicit dependency on target 'hermes-engine' in project 'Pods'
        ➜ Explicit dependency on target 'React-callinvoker' in project 'Pods'
        ➜ Explicit dependency on target 'React-Core-prebuilt' in project 'Pods'
        ➜ Explicit dependency on target 'React-cxxreact-React-cxxreact_privacy' in project 'Pods'
        ➜ Explicit dependency on target 'React-debug' in project 'Pods'
        ➜ Explicit dependency on target 'React-jsi' in project 'Pods'
        ➜ Explicit dependency on target 'React-jsinspector' in project 'Pods'
        ➜ Explicit dependency on target 'React-jsinspectorcdp' in project 'Pods'
        ➜ Explicit dependency on target 'React-jsinspectortracing' in project 'Pods'
        ➜ Explicit dependency on target 'React-logger' in project 'Pods'
        ➜ Explicit dependency on target 'React-perflogger' in project 'Pods'
        ➜ Explicit dependency on target 'React-runtimeexecutor' in project 'Pods'
        ➜ Explicit dependency on target 'React-timing' in project 'Pods'
        ➜ Explicit dependency on target 'React-utils' in project 'Pods'
        ➜ Explicit dependency on target 'ReactNativeDependencies' in project 'Pods'
    Target 'React-logger' in project 'Pods'
        ➜ Explicit dependency on target 'React-Core-prebuilt' in project 'Pods'
        ➜ Explicit dependency on target 'ReactNativeDependencies' in project 'Pods'
    Target 'React-jsinspector' in project 'Pods'
        ➜ Explicit dependency on target 'hermes-engine' in project 'Pods'
        ➜ Explicit dependency on target 'React-Core-prebuilt' in project 'Pods'
        ➜ Explicit dependency on target 'React-featureflags' in project 'Pods'
        ➜ Explicit dependency on target 'React-jsi' in project 'Pods'
        ➜ Explicit dependency on target 'React-jsinspectorcdp' in project 'Pods'
        ➜ Explicit dependency on target 'React-jsinspectornetwork' in project 'Pods'
        ➜ Explicit dependency on target 'React-jsinspectortracing' in project 'Pods'
        ➜ Explicit dependency on target 'React-oscompat' in project 'Pods'
        ➜ Explicit dependency on target 'React-perflogger' in project 'Pods'
        ➜ Explicit dependency on target 'React-runtimeexecutor' in project 'Pods'
        ➜ Explicit dependency on target 'React-utils' in project 'Pods'
        ➜ Explicit dependency on target 'ReactNativeDependencies' in project 'Pods'
    Target 'React-runtimeexecutor' in project 'Pods'
        ➜ Explicit dependency on target 'React-Core-prebuilt' in project 'Pods'
        ➜ Explicit dependency on target 'React-debug' in project 'Pods'
        ➜ Explicit dependency on target 'React-featureflags' in project 'Pods'
        ➜ Explicit dependency on target 'React-jsi' in project 'Pods'
        ➜ Explicit dependency on target 'React-utils' in project 'Pods'
        ➜ Explicit dependency on target 'ReactNativeDependencies' in project 'Pods'
    Target 'React-perflogger' in project 'Pods'
        ➜ Explicit dependency on target 'React-Core-prebuilt' in project 'Pods'
        ➜ Explicit dependency on target 'ReactNativeDependencies' in project 'Pods'
    Target 'React-jsinspectortracing' in project 'Pods'
        ➜ Explicit dependency on target 'hermes-engine' in project 'Pods'
        ➜ Explicit dependency on target 'React-Core-prebuilt' in project 'Pods'
        ➜ Explicit dependency on target 'React-jsi' in project 'Pods'
        ➜ Explicit dependency on target 'React-jsinspectornetwork' in project 'Pods'
        ➜ Explicit dependency on target 'React-oscompat' in project 'Pods'
        ➜ Explicit dependency on target 'React-timing' in project 'Pods'
        ➜ Explicit dependency on target 'React-utils' in project 'Pods'
        ➜ Explicit dependency on target 'ReactNativeDependencies' in project 'Pods'
    Target 'React-utils' in project 'Pods'
        ➜ Explicit dependency on target 'hermes-engine' in project 'Pods'
        ➜ Explicit dependency on target 'React-Core-prebuilt' in project 'Pods'
        ➜ Explicit dependency on target 'React-debug' in project 'Pods'
        ➜ Explicit dependency on target 'React-jsi' in project 'Pods'
        ➜ Explicit dependency on target 'ReactNativeDependencies' in project 'Pods'
    Target 'React-timing' in project 'Pods'
        ➜ Explicit dependency on target 'React-debug' in project 'Pods'
    Target 'React-oscompat' in project 'Pods' (no dependencies)
    Target 'React-jsinspectornetwork' in project 'Pods'
        ➜ Explicit dependency on target 'React-Core-prebuilt' in project 'Pods'
        ➜ Explicit dependency on target 'React-jsinspectorcdp' in project 'Pods'
        ➜ Explicit dependency on target 'ReactNativeDependencies' in project 'Pods'
    Target 'React-jsinspectorcdp' in project 'Pods'
        ➜ Explicit dependency on target 'React-Core-prebuilt' in project 'Pods'
        ➜ Explicit dependency on target 'ReactNativeDependencies' in project 'Pods'
    Target 'React-featureflags' in project 'Pods'
        ➜ Explicit dependency on target 'React-Core-prebuilt' in project 'Pods'
        ➜ Explicit dependency on target 'ReactNativeDependencies' in project 'Pods'
    Target 'React-jsi' in project 'Pods'
        ➜ Explicit dependency on target 'hermes-engine' in project 'Pods'
        ➜ Explicit dependency on target 'React-Core-prebuilt' in project 'Pods'
        ➜ Explicit dependency on target 'ReactNativeDependencies' in project 'Pods'
    Target 'React-debug' in project 'Pods' (no dependencies)
    Target 'React-cxxreact-React-cxxreact_privacy' in project 'Pods' (no dependencies)
    Target 'React-callinvoker' in project 'Pods' (no dependencies)
    Target 'React-Core-React-Core_privacy' in project 'Pods' (no dependencies)
    Target 'React-Core-prebuilt' in project 'Pods'
        ➜ Explicit dependency on target 'ReactNativeDependencies' in project 'Pods'
    Target 'ReactNativeDependencies' in project 'Pods' (no dependencies)
    Target 'RCTDeprecation' in project 'Pods' (no dependencies)
    Target 'hermes-engine' in project 'Pods' (no dependencies)

GatherProvisioningInputs

CreateBuildDescription

ExecuteExternalTool /Applications/Xcode.app/Contents/Developer/Toolchains/XcodeDefault.xctoolchain/usr/bin/clang -v -E -dM -isysroot /Applications/Xcode.app/Contents/Developer/Platforms/iPhoneSimulator.platform/Developer/SDKs/iPhoneSimulator26.4.sdk -x c -c /dev/null

ExecuteExternalTool /Applications/Xcode.app/Contents/Developer/Toolchains/XcodeDefault.xctoolchain/usr/bin/clang -v -E -dM -arch arm64 -isysroot /Applications/Xcode.app/Contents/Developer/Platforms/iPhoneSimulator.platform/Developer/SDKs/iPhoneSimulator26.4.sdk -x objective-c -c /dev/null

ExecuteExternalTool /Applications/Xcode.app/Contents/Developer/Toolchains/XcodeDefault.xctoolchain/usr/bin/clang -v -E -dM -arch arm64 -isysroot /Applications/Xcode.app/Contents/Developer/Platforms/iPhoneSimulator.platform/Developer/SDKs/iPhoneSimulator26.4.sdk -x objective-c++ -c /dev/null

ExecuteExternalTool /Applications/Xcode.app/Contents/Developer/Toolchains/XcodeDefault.xctoolchain/usr/bin/clang -v -E -dM -arch arm64 -isysroot /Applications/Xcode.app/Contents/Developer/Platforms/iPhoneSimulator.platform/Developer/SDKs/iPhoneSimulator26.4.sdk -x c++ -c /dev/null

ExecuteExternalTool /Applications/Xcode.app/Contents/Developer/Toolchains/XcodeDefault.xctoolchain/usr/bin/clang -v -E -dM -arch arm64 -isysroot /Applications/Xcode.app/Contents/Developer/Platforms/iPhoneSimulator.platform/Developer/SDKs/iPhoneSimulator26.4.sdk -x assembler-with-cpp -c /dev/null

ExecuteExternalTool /Applications/Xcode.app/Contents/Developer/Toolchains/XcodeDefault.xctoolchain/usr/bin/clang -v -E -dM -arch arm64 -isysroot /Applications/Xcode.app/Contents/Developer/Platforms/iPhoneSimulator.platform/Developer/SDKs/iPhoneSimulator26.4.sdk -x c -c /dev/null

ExecuteExternalTool /Applications/Xcode.app/Contents/Developer/Toolchains/XcodeDefault.xctoolchain/usr/bin/swiftc --version

ExecuteExternalTool /Applications/Xcode.app/Contents/Developer/usr/bin/actool --version --output-format xml1

ExecuteExternalTool /Applications/Xcode.app/Contents/Developer/Toolchains/XcodeDefault.xctoolchain/usr/bin/libtool -V

ExecuteExternalTool /Applications/Xcode.app/Contents/Developer/usr/bin/ibtool --version --output-format xml1

ExecuteExternalTool /Applications/Xcode.app/Contents/Developer/usr/bin/actool --print-asset-tag-combinations --output-format xml1 /Users/tavishagarwal/Desktop/Vybe/ios/Vybe/Images.xcassets

ExecuteExternalTool /Applications/Xcode.app/Contents/Developer/Toolchains/XcodeDefault.xctoolchain/usr/bin/ld -version_details

Build description signature: ce63a7d75ef38131499242612066f883
Build description path: /Users/tavishagarwal/Library/Developer/Xcode/DerivedData/Vybe-eypqtupuvqzwmybaqlzhbqpdfpou/Build/Intermediates.noindex/XCBuildData/ce63a7d75ef38131499242612066f883.xcbuilddata
ClangStatCache /Applications/Xcode.app/Contents/Developer/Toolchains/XcodeDefault.xctoolchain/usr/bin/clang-stat-cache /Applications/Xcode.app/Contents/Developer/Platforms/iPhoneSimulator.platform/Developer/SDKs/iPhoneSimulator26.4.sdk /Users/tavishagarwal/Library/Developer/Xcode/DerivedData/SDKStatCaches.noindex/iphonesimulator26.4-23E252-686eebb5dc1d8ecb277353a59184f4aa.sdkstatcache
    cd /Users/tavishagarwal/Desktop/Vybe/ios
    /Applications/Xcode.app/Contents/Developer/Toolchains/XcodeDefault.xctoolchain/usr/bin/clang-stat-cache /Applications/Xcode.app/Contents/Developer/Platforms/iPhoneSimulator.platform/Developer/SDKs/iPhoneSimulator26.4.sdk -o /Users/tavishagarwal/Library/Developer/Xcode/DerivedData/SDKStatCaches.noindex/iphonesimulator26.4-23E252-686eebb5dc1d8ecb277353a59184f4aa.sdkstatcache

ProcessInfoPlistFile /Users/tavishagarwal/Library/Developer/Xcode/DerivedData/Vybe-eypqtupuvqzwmybaqlzhbqpdfpou/Build/Products/Debug-iphonesimulator/RevenueCat/RevenueCat.bundle/Info.plist /Users/tavishagarwal/Desktop/Vybe/ios/Pods/Target\ Support\ Files/RevenueCat/ResourceBundle-RevenueCat-RevenueCat-Info.plist (in target 'RevenueCat-RevenueCat' from project 'Pods')
    cd /Users/tavishagarwal/Desktop/Vybe/ios/Pods
    builtin-infoPlistUtility /Users/tavishagarwal/Desktop/Vybe/ios/Pods/Target\ Support\ Files/RevenueCat/ResourceBundle-RevenueCat-RevenueCat-Info.plist -producttype com.apple.product-type.bundle -expandbuildsettings -format binary -platform iphonesimulator -o /Users/tavishagarwal/Library/Developer/Xcode/DerivedData/Vybe-eypqtupuvqzwmybaqlzhbqpdfpou/Build/Products/Debug-iphonesimulator/RevenueCat/RevenueCat.bundle/Info.plist

ProcessInfoPlistFile /Users/tavishagarwal/Library/Developer/Xcode/DerivedData/Vybe-eypqtupuvqzwmybaqlzhbqpdfpou/Build/Products/Debug-iphonesimulator/React-Core/React-Core_privacy.bundle/Info.plist /Users/tavishagarwal/Desktop/Vybe/ios/Pods/Target\ Support\ Files/React-Core/ResourceBundle-React-Core_privacy-React-Core-Info.plist (in target 'React-Core-React-Core_privacy' from project 'Pods')
    cd /Users/tavishagarwal/Desktop/Vybe/ios/Pods
    builtin-infoPlistUtility /Users/tavishagarwal/Desktop/Vybe/ios/Pods/Target\ Support\ Files/React-Core/ResourceBundle-React-Core_privacy-React-Core-Info.plist -producttype com.apple.product-type.bundle -expandbuildsettings -format binary -platform iphonesimulator -o /Users/tavishagarwal/Library/Developer/Xcode/DerivedData/Vybe-eypqtupuvqzwmybaqlzhbqpdfpou/Build/Products/Debug-iphonesimulator/React-Core/React-Core_privacy.bundle/Info.plist

ProcessInfoPlistFile /Users/tavishagarwal/Library/Developer/Xcode/DerivedData/Vybe-eypqtupuvqzwmybaqlzhbqpdfpou/Build/Products/Debug-iphonesimulator/ExpoMediaLibrary/ExpoMediaLibrary_privacy.bundle/Info.plist /Users/tavishagarwal/Desktop/Vybe/ios/Pods/Target\ Support\ Files/ExpoMediaLibrary/ResourceBundle-ExpoMediaLibrary_privacy-ExpoMediaLibrary-Info.plist (in target 'ExpoMediaLibrary-ExpoMediaLibrary_privacy' from project 'Pods')
    cd /Users/tavishagarwal/Desktop/Vybe/ios/Pods
    builtin-infoPlistUtility /Users/tavishagarwal/Desktop/Vybe/ios/Pods/Target\ Support\ Files/ExpoMediaLibrary/ResourceBundle-ExpoMediaLibrary_privacy-ExpoMediaLibrary-Info.plist -producttype com.apple.product-type.bundle -expandbuildsettings -format binary -platform iphonesimulator -o /Users/tavishagarwal/Library/Developer/Xcode/DerivedData/Vybe-eypqtupuvqzwmybaqlzhbqpdfpou/Build/Products/Debug-iphonesimulator/ExpoMediaLibrary/ExpoMediaLibrary_privacy.bundle/Info.plist

ProcessInfoPlistFile /Users/tavishagarwal/Library/Developer/Xcode/DerivedData/Vybe-eypqtupuvqzwmybaqlzhbqpdfpou/Build/Products/Debug-iphonesimulator/RNSVG/RNSVGFilters.bundle/Info.plist /Users/tavishagarwal/Desktop/Vybe/ios/Pods/Target\ Support\ Files/RNSVG/ResourceBundle-RNSVGFilters-RNSVG-Info.plist (in target 'RNSVG-RNSVGFilters' from project 'Pods')
    cd /Users/tavishagarwal/Desktop/Vybe/ios/Pods
    builtin-infoPlistUtility /Users/tavishagarwal/Desktop/Vybe/ios/Pods/Target\ Support\ Files/RNSVG/ResourceBundle-RNSVGFilters-RNSVG-Info.plist -producttype com.apple.product-type.bundle -expandbuildsettings -format binary -platform iphonesimulator -o /Users/tavishagarwal/Library/Developer/Xcode/DerivedData/Vybe-eypqtupuvqzwmybaqlzhbqpdfpou/Build/Products/Debug-iphonesimulator/RNSVG/RNSVGFilters.bundle/Info.plist

ProcessInfoPlistFile /Users/tavishagarwal/Library/Developer/Xcode/DerivedData/Vybe-eypqtupuvqzwmybaqlzhbqpdfpou/Build/Products/Debug-iphonesimulator/ExpoFileSystem/ExpoFileSystem_privacy.bundle/Info.plist /Users/tavishagarwal/Desktop/Vybe/ios/Pods/Target\ Support\ Files/ExpoFileSystem/ResourceBundle-ExpoFileSystem_privacy-ExpoFileSystem-Info.plist (in target 'ExpoFileSystem-ExpoFileSystem_privacy' from project 'Pods')
    cd /Users/tavishagarwal/Desktop/Vybe/ios/Pods
    builtin-infoPlistUtility /Users/tavishagarwal/Desktop/Vybe/ios/Pods/Target\ Support\ Files/ExpoFileSystem/ResourceBundle-ExpoFileSystem_privacy-ExpoFileSystem-Info.plist -producttype com.apple.product-type.bundle -expandbuildsettings -format binary -platform iphonesimulator -o /Users/tavishagarwal/Library/Developer/Xcode/DerivedData/Vybe-eypqtupuvqzwmybaqlzhbqpdfpou/Build/Products/Debug-iphonesimulator/ExpoFileSystem/ExpoFileSystem_privacy.bundle/Info.plist

ProcessInfoPlistFile /Users/tavishagarwal/Library/Developer/Xcode/DerivedData/Vybe-eypqtupuvqzwmybaqlzhbqpdfpou/Build/Products/Debug-iphonesimulator/EXApplication/ExpoApplication_privacy.bundle/Info.plist /Users/tavishagarwal/Desktop/Vybe/ios/Pods/Target\ Support\ Files/EXApplication/ResourceBundle-ExpoApplication_privacy-EXApplication-Info.plist (in target 'EXApplication-ExpoApplication_privacy' from project 'Pods')
    cd /Users/tavishagarwal/Desktop/Vybe/ios/Pods
    builtin-infoPlistUtility /Users/tavishagarwal/Desktop/Vybe/ios/Pods/Target\ Support\ Files/EXApplication/ResourceBundle-ExpoApplication_privacy-EXApplication-Info.plist -producttype com.apple.product-type.bundle -expandbuildsettings -format binary -platform iphonesimulator -o /Users/tavishagarwal/Library/Developer/Xcode/DerivedData/Vybe-eypqtupuvqzwmybaqlzhbqpdfpou/Build/Products/Debug-iphonesimulator/EXApplication/ExpoApplication_privacy.bundle/Info.plist

ProcessInfoPlistFile /Users/tavishagarwal/Library/Developer/Xcode/DerivedData/Vybe-eypqtupuvqzwmybaqlzhbqpdfpou/Build/Products/Debug-iphonesimulator/lottie-react-native/Lottie_React_Native_Privacy.bundle/Info.plist /Users/tavishagarwal/Desktop/Vybe/ios/Pods/Target\ Support\ Files/lottie-react-native/ResourceBundle-Lottie_React_Native_Privacy-lottie-react-native-Info.plist (in target 'lottie-react-native-Lottie_React_Native_Privacy' from project 'Pods')
    cd /Users/tavishagarwal/Desktop/Vybe/ios/Pods
    builtin-infoPlistUtility /Users/tavishagarwal/Desktop/Vybe/ios/Pods/Target\ Support\ Files/lottie-react-native/ResourceBundle-Lottie_React_Native_Privacy-lottie-react-native-Info.plist -producttype com.apple.product-type.bundle -expandbuildsettings -format binary -platform iphonesimulator -o /Users/tavishagarwal/Library/Developer/Xcode/DerivedData/Vybe-eypqtupuvqzwmybaqlzhbqpdfpou/Build/Products/Debug-iphonesimulator/lottie-react-native/Lottie_React_Native_Privacy.bundle/Info.plist

ProcessInfoPlistFile /Users/tavishagarwal/Library/Developer/Xcode/DerivedData/Vybe-eypqtupuvqzwmybaqlzhbqpdfpou/Build/Products/Debug-iphonesimulator/ExpoLocalization/ExpoLocalization_privacy.bundle/Info.plist /Users/tavishagarwal/Desktop/Vybe/ios/Pods/Target\ Support\ Files/ExpoLocalization/ResourceBundle-ExpoLocalization_privacy-ExpoLocalization-Info.plist (in target 'ExpoLocalization-ExpoLocalization_privacy' from project 'Pods')
    cd /Users/tavishagarwal/Desktop/Vybe/ios/Pods
    builtin-infoPlistUtility /Users/tavishagarwal/Desktop/Vybe/ios/Pods/Target\ Support\ Files/ExpoLocalization/ResourceBundle-ExpoLocalization_privacy-ExpoLocalization-Info.plist -producttype com.apple.product-type.bundle -expandbuildsettings -format binary -platform iphonesimulator -o /Users/tavishagarwal/Library/Developer/Xcode/DerivedData/Vybe-eypqtupuvqzwmybaqlzhbqpdfpou/Build/Products/Debug-iphonesimulator/ExpoLocalization/ExpoLocalization_privacy.bundle/Info.plist

ProcessInfoPlistFile /Users/tavishagarwal/Library/Developer/Xcode/DerivedData/Vybe-eypqtupuvqzwmybaqlzhbqpdfpou/Build/Products/Debug-iphonesimulator/RNCAsyncStorage/RNCAsyncStorage_resources.bundle/Info.plist /Users/tavishagarwal/Desktop/Vybe/ios/Pods/Target\ Support\ Files/RNCAsyncStorage/ResourceBundle-RNCAsyncStorage_resources-RNCAsyncStorage-Info.plist (in target 'RNCAsyncStorage-RNCAsyncStorage_resources' from project 'Pods')
    cd /Users/tavishagarwal/Desktop/Vybe/ios/Pods
    builtin-infoPlistUtility /Users/tavishagarwal/Desktop/Vybe/ios/Pods/Target\ Support\ Files/RNCAsyncStorage/ResourceBundle-RNCAsyncStorage_resources-RNCAsyncStorage-Info.plist -producttype com.apple.product-type.bundle -expandbuildsettings -format binary -platform iphonesimulator -o /Users/tavishagarwal/Library/Developer/Xcode/DerivedData/Vybe-eypqtupuvqzwmybaqlzhbqpdfpou/Build/Products/Debug-iphonesimulator/RNCAsyncStorage/RNCAsyncStorage_resources.bundle/Info.plist

PhaseScriptExecution [CP-User]\ [Hermes]\ Replace\ Hermes\ for\ the\ right\ configuration,\ if\ needed /Users/tavishagarwal/Library/Developer/Xcode/DerivedData/Vybe-eypqtupuvqzwmybaqlzhbqpdfpou/Build/Intermediates.noindex/Pods.build/Debug-iphonesimulator/hermes-engine.build/Script-46EB2E000416C0.sh (in target 'hermes-engine' from project 'Pods')
    cd /Users/tavishagarwal/Desktop/Vybe/ios/Pods
    export ACTION\=build
    export AD_HOC_CODE_SIGNING_ALLOWED\=YES
    export ALLOW_BUILD_REQUEST_OVERRIDES\=NO
    export ALLOW_TARGET_PLATFORM_SPECIALIZATION\=NO
    export ALTERNATE_GROUP\=staff
    export ALTERNATE_MODE\=u+w,go-w,a+rX
    export ALTERNATE_OWNER\=tavishagarwal
    export ALTERNATIVE_DISTRIBUTION_WEB\=NO
    export ALWAYS_EMBED_SWIFT_STANDARD_LIBRARIES\=NO
    export ALWAYS_SEARCH_USER_PATHS\=NO
    export ALWAYS_USE_SEPARATE_HEADERMAPS\=NO
    export APPLICATION_EXTENSION_API_ONLY\=NO
    export APPLY_RULES_IN_COPY_FILES\=NO
    export APPLY_RULES_IN_COPY_HEADERS\=NO
    export APP_SHORTCUTS_ENABLE_FLEXIBLE_MATCHING\=YES
    export ARCHS\=arm64
    export ARCHS_BASE\=arm64
    export ARCHS_STANDARD\=arm64\ x86_64
    export ARCHS_STANDARD_32_64_BIT\=arm64\ x86_64
    export ARCHS_STANDARD_64_BIT\=arm64\ x86_64
    export ARCHS_STANDARD_INCLUDING_64_BIT\=arm64\ x86_64
    export ARCHS_UNIVERSAL_IPHONE_OS\=arm64\ x86_64
    export ASSETCATALOG_COMPILER_APPICON_NAME\=AppIcon
    export ASSETCATALOG_COMPILER_GLOBAL_ACCENT_COLOR_NAME\=AccentColor
    export ASSETCATALOG_FILTER_FOR_DEVICE_MODEL\=iPhone18,1
    export ASSETCATALOG_FILTER_FOR_DEVICE_OS_VERSION\=26.4.1
    export ASSETCATALOG_FILTER_FOR_THINNING_DEVICE_CONFIGURATION\=iPhone18,1
    export AUTOMATICALLY_MERGE_DEPENDENCIES\=NO
    export AUTOMATION_APPLE_EVENTS\=NO
    export AVAILABLE_PLATFORMS\=android\ appletvos\ appletvsimulator\ driverkit\ freebsd\ iphoneos\ iphonesimulator\ linux\ macosx\ none\ openbsd\ qnx\ watchos\ watchsimulator\ webassembly\ xros\ xrsimulator
    export BUILD_ACTIVE_RESOURCES_ONLY\=YES
    export BUILD_COMPONENTS\=headers\ build
    export BUILD_DIR\=/Users/tavishagarwal/Library/Developer/Xcode/DerivedData/Vybe-eypqtupuvqzwmybaqlzhbqpdfpou/Build/Products
    export BUILD_LIBRARY_FOR_DISTRIBUTION\=NO
    export BUILD_ONLY_KNOWN_LOCALIZATIONS\=NO
    export BUILD_ROOT\=/Users/tavishagarwal/Library/Developer/Xcode/DerivedData/Vybe-eypqtupuvqzwmybaqlzhbqpdfpou/Build/Products
    export BUILD_STYLE\=
    export BUILD_VARIANTS\=normal
    export BUILT_PRODUCTS_DIR\=/Users/tavishagarwal/Library/Developer/Xcode/DerivedData/Vybe-eypqtupuvqzwmybaqlzhbqpdfpou/Build/Products/Debug-iphonesimulator/hermes-engine
    export BUNDLE_CONTENTS_FOLDER_PATH_deep\=Contents/
    export BUNDLE_EXECUTABLE_FOLDER_NAME_deep\=MacOS
    export BUNDLE_EXTENSIONS_FOLDER_PATH\=Extensions
    export BUNDLE_FORMAT\=shallow
    export BUNDLE_FRAMEWORKS_FOLDER_PATH\=Frameworks
    export BUNDLE_PLUGINS_FOLDER_PATH\=PlugIns
    export BUNDLE_PRIVATE_HEADERS_FOLDER_PATH\=PrivateHeaders
    export BUNDLE_PUBLIC_HEADERS_FOLDER_PATH\=Headers
    export CACHE_ROOT\=/var/folders/_5/9b77vj2s591d31xqz29hj7fw0000gn/C/com.apple.DeveloperTools/26.4.1-17E202/Xcode
    export CCHROOT\=/var/folders/_5/9b77vj2s591d31xqz29hj7fw0000gn/C/com.apple.DeveloperTools/26.4.1-17E202/Xcode
    export CHMOD\=/bin/chmod
    export CHOWN\=chown
    export CLANG_ANALYZER_LOCALIZABILITY_NONLOCALIZED\=YES
    export CLANG_ANALYZER_NONNULL\=YES
    export CLANG_ANALYZER_NUMBER_OBJECT_CONVERSION\=YES_AGGRESSIVE
    export CLANG_CACHE_FINE_GRAINED_OUTPUTS\=YES
    export CLANG_CXX_LANGUAGE_STANDARD\=c++20
    export CLANG_CXX_LIBRARY\=compiler-default
    export CLANG_ENABLE_EXPLICIT_MODULES\=YES
    export CLANG_ENABLE_MODULES\=YES
    export CLANG_ENABLE_OBJC_ARC\=YES
    export CLANG_ENABLE_OBJC_WEAK\=NO
    export CLANG_MODULES_BUILD_SESSION_FILE\=/Users/tavishagarwal/Library/Developer/Xcode/DerivedData/ModuleCache.noindex/Session.modulevalidation
    export CLANG_WARN_BLOCK_CAPTURE_AUTORELEASING\=YES
    export CLANG_WARN_BOOL_CONVERSION\=YES
    export CLANG_WARN_COMMA\=YES
    export CLANG_WARN_CONSTANT_CONVERSION\=YES
    export CLANG_WARN_DEPRECATED_OBJC_IMPLEMENTATIONS\=YES
    export CLANG_WARN_DIRECT_OBJC_ISA_USAGE\=YES_ERROR
    export CLANG_WARN_DOCUMENTATION_COMMENTS\=YES
    export CLANG_WARN_EMPTY_BODY\=YES
    export CLANG_WARN_ENUM_CONVERSION\=YES
    export CLANG_WARN_INFINITE_RECURSION\=YES
    export CLANG_WARN_INT_CONVERSION\=YES
    export CLANG_WARN_NON_LITERAL_NULL_CONVERSION\=YES
    export CLANG_WARN_OBJC_IMPLICIT_RETAIN_SELF\=YES
    export CLANG_WARN_OBJC_LITERAL_CONVERSION\=YES
    export CLANG_WARN_OBJC_ROOT_CLASS\=YES_ERROR
    export CLANG_WARN_QUOTED_INCLUDE_IN_FRAMEWORK_HEADER\=NO
    export CLANG_WARN_RANGE_LOOP_ANALYSIS\=YES
    export CLANG_WARN_STRICT_PROTOTYPES\=YES
    export CLANG_WARN_SUSPICIOUS_MOVE\=YES
    export CLANG_WARN_UNGUARDED_AVAILABILITY\=YES_AGGRESSIVE
    export CLANG_WARN_UNREACHABLE_CODE\=YES
    export CLANG_WARN__DUPLICATE_METHOD_MATCH\=YES
    export CLASS_FILE_DIR\=/Users/tavishagarwal/Library/Developer/Xcode/DerivedData/Vybe-eypqtupuvqzwmybaqlzhbqpdfpou/Build/Intermediates.noindex/Pods.build/Debug-iphonesimulator/hermes-engine.build/JavaClasses
    export CLEAN_PRECOMPS\=YES
    export CLONE_HEADERS\=NO
    export CODESIGNING_FOLDER_PATH\=/Users/tavishagarwal/Library/Developer/Xcode/DerivedData/Vybe-eypqtupuvqzwmybaqlzhbqpdfpou/Build/Products/Debug-iphonesimulator/hermes-engine/
    export CODE_SIGNING_ALLOWED\=NO
    export CODE_SIGNING_REQUIRED\=YES
    export CODE_SIGN_CONTEXT_CLASS\=XCiPhoneSimulatorCodeSignContext
    export CODE_SIGN_IDENTITY\=-
    export CODE_SIGN_INJECT_BASE_ENTITLEMENTS\=YES
    export COLOR_DIAGNOSTICS\=NO
    export COMBINE_HIDPI_IMAGES\=NO
    export COMPILATION_CACHE_CAS_PATH\=/Users/tavishagarwal/Library/Developer/Xcode/DerivedData/CompilationCache.noindex
    export COMPILATION_CACHE_KEEP_CAS_DIRECTORY\=YES
    export COMPILER_INDEX_STORE_ENABLE\=Default
    export COMPOSITE_SDK_DIRS\=/Users/tavishagarwal/Library/Developer/Xcode/DerivedData/Vybe-eypqtupuvqzwmybaqlzhbqpdfpou/Build/Intermediates.noindex/CompositeSDKs
    export COMPRESS_PNG_FILES\=YES
    export CONFIGURATION\=Debug
    export CONFIGURATION_BUILD_DIR\=/Users/tavishagarwal/Library/Developer/Xcode/DerivedData/Vybe-eypqtupuvqzwmybaqlzhbqpdfpou/Build/Products/Debug-iphonesimulator/hermes-engine
    export CONFIGURATION_TEMP_DIR\=/Users/tavishagarwal/Library/Developer/Xcode/DerivedData/Vybe-eypqtupuvqzwmybaqlzhbqpdfpou/Build/Intermediates.noindex/Pods.build/Debug-iphonesimulator
    export COPYING_PRESERVES_HFS_DATA\=NO
    export COPY_HEADERS_RUN_UNIFDEF\=NO
    export COPY_PHASE_STRIP\=NO
    export CORRESPONDING_DEVICE_PLATFORM_DIR\=/Applications/Xcode.app/Contents/Developer/Platforms/iPhoneOS.platform
    export CORRESPONDING_DEVICE_PLATFORM_NAME\=iphoneos
    export CORRESPONDING_DEVICE_SDK_DIR\=/Applications/Xcode.app/Contents/Developer/Platforms/iPhoneOS.platform/Developer/SDKs/iPhoneOS26.4.sdk
    export CORRESPONDING_DEVICE_SDK_NAME\=iphoneos26.4
    export CP\=/bin/cp
    export CREATE_INFOPLIST_SECTION_IN_BINARY\=NO
    export CURRENT_ARCH\=undefined_arch
    export CURRENT_VARIANT\=normal
    export DEAD_CODE_STRIPPING\=YES
    export DEBUGGING_SYMBOLS\=YES
    export DEBUG_INFORMATION_FORMAT\=dwarf
    export DEBUG_INFORMATION_VERSION\=compiler-default
    export DEFAULT_COMPILER\=com.apple.compilers.llvm.clang.1_0
    export DEFAULT_DEXT_INSTALL_PATH\=/System/Library/DriverExtensions
    export DEFAULT_KEXT_INSTALL_PATH\=/System/Library/Extensions
    export DEFINES_MODULE\=NO
    export DEPLOYMENT_LOCATION\=NO
    export DEPLOYMENT_POSTPROCESSING\=NO
    export DEPLOYMENT_TARGET_SETTING_NAME\=IPHONEOS_DEPLOYMENT_TARGET
    export DEPLOYMENT_TARGET_SUGGESTED_VALUES\=12.0\ 12.1\ 12.2\ 12.3\ 12.4\ 13.0\ 13.1\ 13.2\ 13.3\ 13.4\ 13.5\ 13.6\ 14.0\ 14.1\ 14.2\ 14.3\ 14.4\ 14.5\ 14.6\ 14.7\ 15.0\ 15.1\ 15.2\ 15.3\ 15.4\ 15.5\ 15.6\ 16.0\ 16.1\ 16.2\ 16.3\ 16.4\ 16.5\ 16.6\ 17.0\ 17.1\ 17.2\ 17.3\ 17.4\ 17.5\ 17.6\ 18.0\ 18.1\ 18.2\ 18.3\ 18.4\ 18.5\ 18.6\ 26.0\ 26.2\ 26.3\ 26.4
    export DERIVED_FILES_DIR\=/Users/tavishagarwal/Library/Developer/Xcode/DerivedData/Vybe-eypqtupuvqzwmybaqlzhbqpdfpou/Build/Intermediates.noindex/Pods.build/Debug-iphonesimulator/hermes-engine.build/DerivedSources
    export DERIVED_FILE_DIR\=/Users/tavishagarwal/Library/Developer/Xcode/DerivedData/Vybe-eypqtupuvqzwmybaqlzhbqpdfpou/Build/Intermediates.noindex/Pods.build/Debug-iphonesimulator/hermes-engine.build/DerivedSources
    export DERIVED_SOURCES_DIR\=/Users/tavishagarwal/Library/Developer/Xcode/DerivedData/Vybe-eypqtupuvqzwmybaqlzhbqpdfpou/Build/Intermediates.noindex/Pods.build/Debug-iphonesimulator/hermes-engine.build/DerivedSources
    export DEVELOPER_APPLICATIONS_DIR\=/Applications/Xcode.app/Contents/Developer/Applications
    export DEVELOPER_BIN_DIR\=/Applications/Xcode.app/Contents/Developer/usr/bin
    export DEVELOPER_DIR\=/Applications/Xcode.app/Contents/Developer
    export DEVELOPER_FRAMEWORKS_DIR\=/Applications/Xcode.app/Contents/Developer/Library/Frameworks
    export DEVELOPER_FRAMEWORKS_DIR_QUOTED\=/Applications/Xcode.app/Contents/Developer/Library/Frameworks
    export DEVELOPER_LIBRARY_DIR\=/Applications/Xcode.app/Contents/Developer/Library
    export DEVELOPER_SDK_DIR\=/Applications/Xcode.app/Contents/Developer/Platforms/MacOSX.platform/Developer/SDKs
    export DEVELOPER_TOOLS_DIR\=/Applications/Xcode.app/Contents/Developer/Tools
    export DEVELOPER_USR_DIR\=/Applications/Xcode.app/Contents/Developer/usr
    export DEVELOPMENT_LANGUAGE\=en
    export DIAGNOSE_MISSING_TARGET_DEPENDENCIES\=YES
    export DIFF\=/usr/bin/diff
    export DONT_GENERATE_INFOPLIST_FILE\=NO
    export DSTROOT\=/tmp/Pods.dst
    export DT_TOOLCHAIN_DIR\=/Applications/Xcode.app/Contents/Developer/Toolchains/XcodeDefault.xctoolchain
    export DUMP_DEPENDENCIES\=NO
    export DUMP_DEPENDENCIES_OUTPUT_PATH\=/Users/tavishagarwal/Library/Developer/Xcode/DerivedData/Vybe-eypqtupuvqzwmybaqlzhbqpdfpou/Build/Intermediates.noindex/Pods.build/Debug-iphonesimulator/hermes-engine.build/hermes-engine-BuildDependencyInfo.json
    export DWARF_DSYM_FILE_NAME\=.dSYM
    export DWARF_DSYM_FILE_SHOULD_ACCOMPANY_PRODUCT\=NO
    export DWARF_DSYM_FOLDER_PATH\=/Users/tavishagarwal/Library/Developer/Xcode/DerivedData/Vybe-eypqtupuvqzwmybaqlzhbqpdfpou/Build/Products/Debug-iphonesimulator/hermes-engine
    export DYNAMIC_LIBRARY_EXTENSION\=dylib
    export EAGER_COMPILATION_ALLOW_SCRIPTS\=NO
    export EAGER_LINKING\=NO
    export EFFECTIVE_PLATFORM_NAME\=-iphonesimulator
    export EFFECTIVE_SWIFT_VERSION\=5
    export EMBEDDED_CONTENT_CONTAINS_SWIFT\=NO
    export EMBED_ASSET_PACKS_IN_PRODUCT_BUNDLE\=NO
    export ENABLE_APP_SANDBOX\=NO
    export ENABLE_CODE_COVERAGE\=YES
    export ENABLE_COHORT_ARCHS\=NO
    export ENABLE_CPLUSPLUS_BOUNDS_SAFE_BUFFERS\=NO
    export ENABLE_C_BOUNDS_SAFETY\=NO
    export ENABLE_DEFAULT_HEADER_SEARCH_PATHS\=YES
    export ENABLE_DEFAULT_SEARCH_PATHS\=YES
    export ENABLE_ENHANCED_SECURITY\=NO
    export ENABLE_HARDENED_RUNTIME\=NO
    export ENABLE_HEADER_DEPENDENCIES\=YES
    export ENABLE_INCOMING_NETWORK_CONNECTIONS\=NO
    export ENABLE_ON_DEMAND_RESOURCES\=NO
    export ENABLE_OUTGOING_NETWORK_CONNECTIONS\=NO
    export ENABLE_POINTER_AUTHENTICATION\=NO
    export ENABLE_PREVIEWS\=NO
    export ENABLE_RESOURCE_ACCESS_AUDIO_INPUT\=NO
    export ENABLE_RESOURCE_ACCESS_BLUETOOTH\=NO
    export ENABLE_RESOURCE_ACCESS_CALENDARS\=NO
    export ENABLE_RESOURCE_ACCESS_CAMERA\=NO
    export ENABLE_RESOURCE_ACCESS_CONTACTS\=NO
    export ENABLE_RESOURCE_ACCESS_LOCATION\=NO
    export ENABLE_RESOURCE_ACCESS_PHOTO_LIBRARY\=NO
    export ENABLE_RESOURCE_ACCESS_PRINTING\=NO
    export ENABLE_RESOURCE_ACCESS_USB\=NO
    export ENABLE_SDK_IMPORTS\=NO
    export ENABLE_SECURITY_COMPILER_WARNINGS\=NO
    export ENABLE_STRICT_OBJC_MSGSEND\=YES
    export ENABLE_TESTABILITY\=YES
    export ENABLE_TESTING_SEARCH_PATHS\=NO
    export ENABLE_USER_SCRIPT_SANDBOXING\=NO
    export ENABLE_XOJIT_PREVIEWS\=YES
    export ENFORCE_VALID_ARCHS\=YES
    export ENTITLEMENTS_DESTINATION\=__entitlements
    export ENTITLEMENTS_REQUIRED\=YES
    export EXCLUDED_INSTALLSRC_SUBDIRECTORY_PATTERNS\=.DS_Store\ .svn\ .git\ .hg\ CVS
    export EXCLUDED_RECURSIVE_SEARCH_PATH_SUBDIRECTORIES\=\*.nib\ \*.lproj\ \*.framework\ \*.gch\ \*.xcode\*\ \*.xcassets\ \*.icon\ \(\*\)\ .DS_Store\ CVS\ .svn\ .git\ .hg\ \*.pbproj\ \*.pbxproj
    export FILE_LIST\=/Users/tavishagarwal/Library/Developer/Xcode/DerivedData/Vybe-eypqtupuvqzwmybaqlzhbqpdfpou/Build/Intermediates.noindex/Pods.build/Debug-iphonesimulator/hermes-engine.build/Objects/LinkFileList
    export FIXED_FILES_DIR\=/Users/tavishagarwal/Library/Developer/Xcode/DerivedData/Vybe-eypqtupuvqzwmybaqlzhbqpdfpou/Build/Intermediates.noindex/Pods.build/Debug-iphonesimulator/hermes-engine.build/FixedFiles
    export FRAMEWORK_SEARCH_PATHS\=\ \"/Users/tavishagarwal/Desktop/Vybe/ios/Pods/hermes-engine/destroot/Library/Frameworks/universal\"\ \"/Users/tavishagarwal/Library/Developer/Xcode/DerivedData/Vybe-eypqtupuvqzwmybaqlzhbqpdfpou/Build/Products/Debug-iphonesimulator/XCFrameworkIntermediates/hermes-engine/Pre-built\"
    export FRAMEWORK_VERSION\=A
    export FUSE_BUILD_PHASES\=YES
    export FUSE_BUILD_SCRIPT_PHASES\=NO
    export GCC3_VERSION\=3.3
    export GCC_C_LANGUAGE_STANDARD\=gnu11
    export GCC_DYNAMIC_NO_PIC\=NO
    export GCC_NO_COMMON_BLOCKS\=YES
    export GCC_OBJC_LEGACY_DISPATCH\=YES
    export GCC_OPTIMIZATION_LEVEL\=0
    export GCC_PFE_FILE_C_DIALECTS\=c\ objective-c\ c++\ objective-c++
    export GCC_PREPROCESSOR_DEFINITIONS\=POD_CONFIGURATION_DEBUG\=1\ DEBUG\=1\ \ COCOAPODS\=1\ HERMES_ENABLE_DEBUGGER\=1
    export GCC_TREAT_WARNINGS_AS_ERRORS\=NO
    export GCC_VERSION\=com.apple.compilers.llvm.clang.1_0
    export GCC_VERSION_IDENTIFIER\=com_apple_compilers_llvm_clang_1_0
    export GCC_WARN_64_TO_32_BIT_CONVERSION\=YES
    export GCC_WARN_ABOUT_RETURN_TYPE\=YES_ERROR
    export GCC_WARN_INHIBIT_ALL_WARNINGS\=YES
    export GCC_WARN_UNDECLARED_SELECTOR\=YES
    export GCC_WARN_UNINITIALIZED_AUTOS\=YES_AGGRESSIVE
    export GCC_WARN_UNUSED_FUNCTION\=YES
    export GCC_WARN_UNUSED_VARIABLE\=YES
    export GENERATED_MODULEMAP_DIR\=/Users/tavishagarwal/Library/Developer/Xcode/DerivedData/Vybe-eypqtupuvqzwmybaqlzhbqpdfpou/Build/Intermediates.noindex/GeneratedModuleMaps-iphonesimulator
    export GENERATE_INFOPLIST_FILE\=NO
    export GENERATE_INTERMEDIATE_TEXT_BASED_STUBS\=YES
    export GENERATE_PKGINFO_FILE\=NO
    export GENERATE_PRELINK_OBJECT_FILE\=NO
    export GENERATE_PROFILING_CODE\=NO
    export GENERATE_TEXT_BASED_STUBS\=NO
    export GID\=20
    export GROUP\=staff
    export HEADERMAP_INCLUDES_FLAT_ENTRIES_FOR_TARGET_BEING_BUILT\=YES
    export HEADERMAP_INCLUDES_FRAMEWORK_ENTRIES_FOR_ALL_PRODUCT_TYPES\=YES
    export HEADERMAP_INCLUDES_FRAMEWORK_ENTRIES_FOR_TARGETS_NOT_BEING_BUILT\=YES
    export HEADERMAP_INCLUDES_NONPUBLIC_NONPRIVATE_HEADERS\=YES
    export HEADERMAP_INCLUDES_PROJECT_HEADERS\=YES
    export HEADERMAP_USES_FRAMEWORK_PREFIX_ENTRIES\=YES
    export HEADERMAP_USES_VFS\=NO
    export HEADER_SEARCH_PATHS\=\ \"/Users/tavishagarwal/Desktop/Vybe/ios/Pods/Headers/Private\"\ \"/Users/tavishagarwal/Desktop/Vybe/ios/Pods/Headers/Private/hermes-engine\"\ \"/Users/tavishagarwal/Desktop/Vybe/ios/Pods/Headers/Public\"\ \"/Users/tavishagarwal/Desktop/Vybe/ios/Pods/Headers/Public/hermes-engine\"
    export HOME\=/Users/tavishagarwal
    export HOST_ARCH\=arm64
    export HOST_PLATFORM\=macosx
    export ICONV\=/usr/bin/iconv
    export IMPLICIT_DEPENDENCY_DOMAIN\=default
    export INDEX_STORE_COMPRESS\=NO
    export INDEX_STORE_ONLY_PROJECT_FILES\=NO
    export INFOPLIST_ENABLE_CFBUNDLEICONS_MERGE\=YES
    export INFOPLIST_EXPAND_BUILD_SETTINGS\=YES
    export INFOPLIST_OUTPUT_FORMAT\=binary
    export INFOPLIST_PREPROCESS\=NO
    export INLINE_PRIVATE_FRAMEWORKS\=NO
    export INSTALLAPI_IGNORE_SKIP_INSTALL\=YES
    export INSTALLHDRS_COPY_PHASE\=NO
    export INSTALLHDRS_SCRIPT_PHASE\=NO
    export INSTALL_DIR\=/tmp/Pods.dst
    export INSTALL_GROUP\=staff
    export INSTALL_MODE_FLAG\=u+w,go-w,a+rX
    export INSTALL_OWNER\=tavishagarwal
    export INSTALL_ROOT\=/tmp/Pods.dst
    export IPHONEOS_DEPLOYMENT_TARGET\=15.1
    export IS_UNOPTIMIZED_BUILD\=YES
    export JAVAC_DEFAULT_FLAGS\=-J-Xms64m\ -J-XX:NewSize\=4M\ -J-Dfile.encoding\=UTF8
    export JAVA_APP_STUB\=/System/Library/Frameworks/JavaVM.framework/Resources/MacOS/JavaApplicationStub
    export JAVA_ARCHIVE_CLASSES\=YES
    export JAVA_ARCHIVE_TYPE\=JAR
    export JAVA_COMPILER\=/usr/bin/javac
    export JAVA_FRAMEWORK_RESOURCES_DIRS\=Resources
    export JAVA_JAR_FLAGS\=cv
    export JAVA_SOURCE_SUBDIR\=.
    export JAVA_USE_DEPENDENCIES\=YES
    export JAVA_ZIP_FLAGS\=-urg
    export JIKES_DEFAULT_FLAGS\=+E\ +OLDCSO
    export KEEP_PRIVATE_EXTERNS\=NO
    export LD_DEPENDENCY_INFO_FILE\=/Users/tavishagarwal/Library/Developer/Xcode/DerivedData/Vybe-eypqtupuvqzwmybaqlzhbqpdfpou/Build/Intermediates.noindex/Pods.build/Debug-iphonesimulator/hermes-engine.build/Objects-normal/undefined_arch/hermes-engine_dependency_info.dat
    export LD_EXPORT_SYMBOLS\=YES
    export LD_GENERATE_MAP_FILE\=NO
    export LD_MAP_FILE_PATH\=/Users/tavishagarwal/Library/Developer/Xcode/DerivedData/Vybe-eypqtupuvqzwmybaqlzhbqpdfpou/Build/Intermediates.noindex/Pods.build/Debug-iphonesimulator/hermes-engine.build/hermes-engine-LinkMap-normal-undefined_arch.txt
    export LD_NO_PIE\=NO
    export LD_QUOTE_LINKER_ARGUMENTS_FOR_COMPILER_DRIVER\=YES
    export LD_RUNPATH_SEARCH_PATHS\=\ @executable_path/Frameworks
    export LD_SHARED_CACHE_ELIGIBLE\=Automatic
    export LD_WARN_DUPLICATE_LIBRARIES\=NO
    export LD_WARN_UNUSED_DYLIBS\=NO
    export LEGACY_DEVELOPER_DIR\=/Applications/Xcode.app/Contents/PlugIns/Xcode3Core.ideplugin/Contents/SharedSupport/Developer
    export LEX\=lex
    export LIBRARY_DEXT_INSTALL_PATH\=/Library/DriverExtensions
    export LIBRARY_FLAG_NOSPACE\=YES
    export LIBRARY_KEXT_INSTALL_PATH\=/Library/Extensions
    export LINKER_DISPLAYS_MANGLED_NAMES\=NO
    export LINK_FILE_LIST_normal_arm64\=/Users/tavishagarwal/Library/Developer/Xcode/DerivedData/Vybe-eypqtupuvqzwmybaqlzhbqpdfpou/Build/Intermediates.noindex/Pods.build/Debug-iphonesimulator/hermes-engine.build/Objects-normal/arm64/hermes-engine.LinkFileList
    export LINK_OBJC_RUNTIME\=YES
    export LINK_WITH_STANDARD_LIBRARIES\=YES
    export LLVM_TARGET_TRIPLE_OS_VERSION\=ios15.1
    export LLVM_TARGET_TRIPLE_SUFFIX\=-simulator
    export LLVM_TARGET_TRIPLE_VENDOR\=apple
    export LM_AUX_CONST_METADATA_LIST_PATH_normal_arm64\=/Users/tavishagarwal/Library/Developer/Xcode/DerivedData/Vybe-eypqtupuvqzwmybaqlzhbqpdfpou/Build/Intermediates.noindex/Pods.build/Debug-iphonesimulator/hermes-engine.build/Objects-normal/arm64/hermes-engine.SwiftConstValuesFileList
    export LOCALIZATION_EXPORT_SUPPORTED\=YES
    export LOCALIZATION_PREFERS_STRING_CATALOGS\=NO
    export LOCALIZED_STRING_CODE_COMMENTS\=NO
    export LOCALIZED_STRING_MACRO_NAMES\=NSLocalizedString\ CFCopyLocalizedString
    export LOCALIZED_STRING_SWIFTUI_SUPPORT\=YES
    export LOCAL_ADMIN_APPS_DIR\=/Applications/Utilities
    export LOCAL_APPS_DIR\=/Applications
    export LOCAL_DEVELOPER_DIR\=/Library/Developer
    export LOCAL_LIBRARY_DIR\=/Library
    export LOCROOT\=/Users/tavishagarwal/Desktop/Vybe/ios/Pods
    export LOCSYMROOT\=/Users/tavishagarwal/Desktop/Vybe/ios/Pods
    export MAC_OS_X_PRODUCT_BUILD_VERSION\=25E253
    export MAC_OS_X_VERSION_ACTUAL\=260401
    export MAC_OS_X_VERSION_MAJOR\=260000
    export MAC_OS_X_VERSION_MINOR\=260400
    export MAKE_MERGEABLE\=NO
    export MERGEABLE_LIBRARY\=NO
    export MERGED_BINARY_TYPE\=none
    export MERGE_LINKED_LIBRARIES\=NO
    export METAL_LIBRARY_FILE_BASE\=default
    export METAL_LIBRARY_OUTPUT_DIR\=/Users/tavishagarwal/Library/Developer/Xcode/DerivedData/Vybe-eypqtupuvqzwmybaqlzhbqpdfpou/Build/Products/Debug-iphonesimulator/hermes-engine/
    export MODULE_CACHE_DIR\=/Users/tavishagarwal/Library/Developer/Xcode/DerivedData/ModuleCache.noindex
    export MTL_ENABLE_DEBUG_INFO\=INCLUDE_SOURCE
    export MTL_FAST_MATH\=YES
    export NATIVE_ARCH\=arm64
    export NATIVE_ARCH_32_BIT\=arm
    export NATIVE_ARCH_64_BIT\=arm64
    export NATIVE_ARCH_ACTUAL\=arm64
    export NO_COMMON\=YES
    export OBJC_ABI_VERSION\=2
    export OBJECT_FILE_DIR\=/Users/tavishagarwal/Library/Developer/Xcode/DerivedData/Vybe-eypqtupuvqzwmybaqlzhbqpdfpou/Build/Intermediates.noindex/Pods.build/Debug-iphonesimulator/hermes-engine.build/Objects
    export OBJECT_FILE_DIR_normal\=/Users/tavishagarwal/Library/Developer/Xcode/DerivedData/Vybe-eypqtupuvqzwmybaqlzhbqpdfpou/Build/Intermediates.noindex/Pods.build/Debug-iphonesimulator/hermes-engine.build/Objects-normal
    export OBJROOT\=/Users/tavishagarwal/Library/Developer/Xcode/DerivedData/Vybe-eypqtupuvqzwmybaqlzhbqpdfpou/Build/Intermediates.noindex
    export ONLY_ACTIVE_ARCH\=YES
    export OS\=MACOS
    export OSAC\=/usr/bin/osacompile
    export PASCAL_STRINGS\=YES
    export PATH\=/Applications/Xcode.app/Contents/SharedFrameworks/SwiftBuild.framework/Versions/A/PlugIns/SWBBuildService.bundle/Contents/PlugIns/SWBUniversalPlatformPlugin.bundle/Contents/Frameworks/SWBUniversalPlatform.framework/Resources:/Applications/Xcode.app/Contents/Developer/Toolchains/XcodeDefault.xctoolchain/usr/bin:/Applications/Xcode.app/Contents/Developer/Toolchains/XcodeDefault.xctoolchain/usr/local/bin:/Applications/Xcode.app/Contents/Developer/Toolchains/XcodeDefault.xctoolchain/usr/libexec:/Applications/Xcode.app/Contents/Developer/Platforms/iPhoneSimulator.platform/usr/bin:/Applications/Xcode.app/Contents/Developer/Platforms/iPhoneSimulator.platform/usr/local/bin:/Applications/Xcode.app/Contents/Developer/Platforms/iPhoneSimulator.platform/Developer/usr/bin:/Applications/Xcode.app/Contents/Developer/Platforms/iPhoneSimulator.platform/Developer/usr/local/bin:/Applications/Xcode.app/Contents/Developer/usr/bin:/Applications/Xcode.app/Contents/Developer/usr/local/bin:/Users/tavishagarwal/.antigravity/antigravity/bin:/Users/tavishagarwal/.local/bin:/Users/tavishagarwal/.codeium/windsurf/bin:/opt/homebrew/bin:/opt/homebrew/sbin:/Library/Frameworks/Python.framework/Versions/3.14/bin:/usr/local/bin:/System/Cryptexes/App/usr/bin:/usr/bin:/bin:/usr/sbin:/sbin:/var/run/com.apple.security.cryptexd/codex.system/bootstrap/usr/local/bin:/var/run/com.apple.security.cryptexd/codex.system/bootstrap/usr/bin:/var/run/com.apple.security.cryptexd/codex.system/bootstrap/usr/appleinternal/bin:/opt/pkg/env/active/bin:/opt/pmk/env/global/bin:/Library/Apple/usr/bin:/Library/TeX/texbin:/Users/tavishagarwal/development/flutter/bin:/Users/tavishagarwal/Library/Application\ Support/Code/User/globalStorage/github.copilot-chat/debugCommand
    export PATH_PREFIXES_EXCLUDED_FROM_HEADER_DEPENDENCIES\=/usr/include\ /usr/local/include\ /System/Library/Frameworks\ /System/Library/PrivateFrameworks\ /Applications/Xcode.app/Contents/Developer/Headers\ /Applications/Xcode.app/Contents/Developer/SDKs\ /Applications/Xcode.app/Contents/Developer/Platforms
    export PER_ARCH_MODULE_FILE_DIR\=/Users/tavishagarwal/Library/Developer/Xcode/DerivedData/Vybe-eypqtupuvqzwmybaqlzhbqpdfpou/Build/Intermediates.noindex/Pods.build/Debug-iphonesimulator/hermes-engine.build/Objects-normal/undefined_arch
    export PER_ARCH_OBJECT_FILE_DIR\=/Users/tavishagarwal/Library/Developer/Xcode/DerivedData/Vybe-eypqtupuvqzwmybaqlzhbqpdfpou/Build/Intermediates.noindex/Pods.build/Debug-iphonesimulator/hermes-engine.build/Objects-normal/undefined_arch
    export PER_VARIANT_OBJECT_FILE_DIR\=/Users/tavishagarwal/Library/Developer/Xcode/DerivedData/Vybe-eypqtupuvqzwmybaqlzhbqpdfpou/Build/Intermediates.noindex/Pods.build/Debug-iphonesimulator/hermes-engine.build/Objects-normal
    export PKGINFO_FILE_PATH\=/Users/tavishagarwal/Library/Developer/Xcode/DerivedData/Vybe-eypqtupuvqzwmybaqlzhbqpdfpou/Build/Intermediates.noindex/Pods.build/Debug-iphonesimulator/hermes-engine.build/PkgInfo
    export PLATFORM_DEVELOPER_APPLICATIONS_DIR\=/Applications/Xcode.app/Contents/Developer/Platforms/iPhoneSimulator.platform/Developer/Applications
    export PLATFORM_DEVELOPER_BIN_DIR\=/Applications/Xcode.app/Contents/Developer/Platforms/iPhoneSimulator.platform/Developer/usr/bin
    export PLATFORM_DEVELOPER_LIBRARY_DIR\=/Applications/Xcode.app/Contents/Developer/Platforms/iPhoneSimulator.platform/Developer/Library
    export PLATFORM_DEVELOPER_SDK_DIR\=/Applications/Xcode.app/Contents/Developer/Platforms/iPhoneSimulator.platform/Developer/SDKs
    export PLATFORM_DEVELOPER_TOOLS_DIR\=/Applications/Xcode.app/Contents/Developer/Platforms/iPhoneSimulator.platform/Developer/Tools
    export PLATFORM_DEVELOPER_USR_DIR\=/Applications/Xcode.app/Contents/Developer/Platforms/iPhoneSimulator.platform/Developer/usr
    export PLATFORM_DIR\=/Applications/Xcode.app/Contents/Developer/Platforms/iPhoneSimulator.platform
    export PLATFORM_DISPLAY_NAME\=iOS\ Simulator
    export PLATFORM_FAMILY_NAME\=iOS
    export PLATFORM_NAME\=iphonesimulator
    export PLATFORM_PREFERRED_ARCH\=x86_64
    export PLATFORM_PRODUCT_BUILD_VERSION\=23E252
    export PLATFORM_REQUIRES_SWIFT_AUTOLINK_EXTRACT\=NO
    export PLATFORM_REQUIRES_SWIFT_MODULEWRAP\=NO
    export PLATFORM_USES_DSYMS\=YES
    export PLIST_FILE_OUTPUT_FORMAT\=binary
    export PODS_BUILD_DIR\=/Users/tavishagarwal/Library/Developer/Xcode/DerivedData/Vybe-eypqtupuvqzwmybaqlzhbqpdfpou/Build/Products
    export PODS_CONFIGURATION_BUILD_DIR\=/Users/tavishagarwal/Library/Developer/Xcode/DerivedData/Vybe-eypqtupuvqzwmybaqlzhbqpdfpou/Build/Products/Debug-iphonesimulator
    export PODS_DEVELOPMENT_LANGUAGE\=en
    export PODS_ROOT\=/Users/tavishagarwal/Desktop/Vybe/ios/Pods
    export PODS_TARGET_SRCROOT\=/Users/tavishagarwal/Desktop/Vybe/ios/Pods/hermes-engine
    export PODS_XCFRAMEWORKS_BUILD_DIR\=/Users/tavishagarwal/Library/Developer/Xcode/DerivedData/Vybe-eypqtupuvqzwmybaqlzhbqpdfpou/Build/Products/Debug-iphonesimulator/XCFrameworkIntermediates
    export PRECOMPS_INCLUDE_HEADERS_FROM_BUILT_PRODUCTS_DIR\=YES
    export PRECOMP_DESTINATION_DIR\=/Users/tavishagarwal/Library/Developer/Xcode/DerivedData/Vybe-eypqtupuvqzwmybaqlzhbqpdfpou/Build/Intermediates.noindex/Pods.build/Debug-iphonesimulator/hermes-engine.build/PrefixHeaders
    export PROCESSED_INFOPLIST_PATH\=/Users/tavishagarwal/Library/Developer/Xcode/DerivedData/Vybe-eypqtupuvqzwmybaqlzhbqpdfpou/Build/Intermediates.noindex/Pods.build/Debug-iphonesimulator/hermes-engine.build/Objects-normal/undefined_arch/Processed-Info.plist
    export PRODUCT_BUNDLE_IDENTIFIER\=org.cocoapods.hermes-engine
    export PRODUCT_MODULE_NAME\=hermes_engine
    export PRODUCT_NAME\=hermes-engine
    export PRODUCT_SETTINGS_PATH\=
    export PROFILING_CODE\=NO
    export PROJECT\=Pods
    export PROJECT_DERIVED_FILE_DIR\=/Users/tavishagarwal/Library/Developer/Xcode/DerivedData/Vybe-eypqtupuvqzwmybaqlzhbqpdfpou/Build/Intermediates.noindex/Pods.build/DerivedSources
    export PROJECT_DIR\=/Users/tavishagarwal/Desktop/Vybe/ios/Pods
    export PROJECT_FILE_PATH\=/Users/tavishagarwal/Desktop/Vybe/ios/Pods/Pods.xcodeproj
    export PROJECT_GUID\=8699adb1dd336b26511df848a716bd42
    export PROJECT_NAME\=Pods
    export PROJECT_TEMP_DIR\=/Users/tavishagarwal/Library/Developer/Xcode/DerivedData/Vybe-eypqtupuvqzwmybaqlzhbqpdfpou/Build/Intermediates.noindex/Pods.build
    export PROJECT_TEMP_ROOT\=/Users/tavishagarwal/Library/Developer/Xcode/DerivedData/Vybe-eypqtupuvqzwmybaqlzhbqpdfpou/Build/Intermediates.noindex
    export REACT_NATIVE_PATH\=/Users/tavishagarwal/Desktop/Vybe/ios/Pods/../../node_modules/react-native
    export RECOMMENDED_IPHONEOS_DEPLOYMENT_TARGET\=15.0
    export RECURSIVE_SEARCH_PATHS_FOLLOW_SYMLINKS\=YES
    export REMOVE_CVS_FROM_RESOURCES\=YES
    export REMOVE_GIT_FROM_RESOURCES\=YES
    export REMOVE_HEADERS_FROM_EMBEDDED_BUNDLES\=YES
    export REMOVE_HG_FROM_RESOURCES\=YES
    export REMOVE_STATIC_EXECUTABLES_FROM_EMBEDDED_BUNDLES\=YES
    export REMOVE_SVN_FROM_RESOURCES\=YES
    export RESCHEDULE_INDEPENDENT_HEADERS_PHASES\=YES
    export REZ_COLLECTOR_DIR\=/Users/tavishagarwal/Library/Developer/Xcode/DerivedData/Vybe-eypqtupuvqzwmybaqlzhbqpdfpou/Build/Intermediates.noindex/Pods.build/Debug-iphonesimulator/hermes-engine.build/ResourceManagerResources
    export REZ_OBJECTS_DIR\=/Users/tavishagarwal/Library/Developer/Xcode/DerivedData/Vybe-eypqtupuvqzwmybaqlzhbqpdfpou/Build/Intermediates.noindex/Pods.build/Debug-iphonesimulator/hermes-engine.build/ResourceManagerResources/Objects
    export RPATH_ORIGIN\=@loader_path
    export RUNTIME_EXCEPTION_ALLOW_DYLD_ENVIRONMENT_VARIABLES\=NO
    export RUNTIME_EXCEPTION_ALLOW_JIT\=NO
    export RUNTIME_EXCEPTION_ALLOW_UNSIGNED_EXECUTABLE_MEMORY\=NO
    export RUNTIME_EXCEPTION_DEBUGGING_TOOL\=NO
    export RUNTIME_EXCEPTION_DISABLE_EXECUTABLE_PAGE_PROTECTION\=NO
    export RUNTIME_EXCEPTION_DISABLE_LIBRARY_VALIDATION\=NO
    export SCANNING_PCM_KEEP_CACHE_DIRECTORY\=YES
    export SCAN_ALL_SOURCE_FILES_FOR_INCLUDES\=NO
    export SCRIPT_INPUT_FILE_COUNT\=0
    export SCRIPT_INPUT_FILE_LIST_COUNT\=0
    export SCRIPT_OUTPUT_FILE_COUNT\=0
    export SCRIPT_OUTPUT_FILE_LIST_COUNT\=0
    export SDKROOT\=/Applications/Xcode.app/Contents/Developer/Platforms/iPhoneSimulator.platform/Developer/SDKs/iPhoneSimulator26.4.sdk
    export SDK_DIR\=/Applications/Xcode.app/Contents/Developer/Platforms/iPhoneSimulator.platform/Developer/SDKs/iPhoneSimulator26.4.sdk
    export SDK_DIR_iphonesimulator\=/Applications/Xcode.app/Contents/Developer/Platforms/iPhoneSimulator.platform/Developer/SDKs/iPhoneSimulator26.4.sdk
    export SDK_DIR_iphonesimulator26_4\=/Applications/Xcode.app/Contents/Developer/Platforms/iPhoneSimulator.platform/Developer/SDKs/iPhoneSimulator26.4.sdk
    export SDK_NAME\=iphonesimulator26.4
    export SDK_NAMES\=iphonesimulator26.4
    export SDK_PRODUCT_BUILD_VERSION\=23E252
    export SDK_STAT_CACHE_DIR\=/Users/tavishagarwal/Library/Developer/Xcode/DerivedData
    export SDK_STAT_CACHE_ENABLE\=YES
    export SDK_STAT_CACHE_PATH\=/Users/tavishagarwal/Library/Developer/Xcode/DerivedData/SDKStatCaches.noindex/iphonesimulator26.4-23E252-686eebb5dc1d8ecb277353a59184f4aa.sdkstatcache
    export SDK_VERSION\=26.4
    export SDK_VERSION_ACTUAL\=260400
    export SDK_VERSION_MAJOR\=260000
    export SDK_VERSION_MINOR\=260400
    export SED\=/usr/bin/sed
    export SEPARATE_STRIP\=NO
    export SEPARATE_SYMBOL_EDIT\=NO
    export SET_DIR_MODE_OWNER_GROUP\=YES
    export SET_FILE_MODE_OWNER_GROUP\=NO
    export SHALLOW_BUNDLE\=NO
    export SHARED_DERIVED_FILE_DIR\=/Users/tavishagarwal/Library/Developer/Xcode/DerivedData/Vybe-eypqtupuvqzwmybaqlzhbqpdfpou/Build/Products/Debug-iphonesimulator/hermes-engine/DerivedSources
    export SHARED_PRECOMPS_DIR\=/Users/tavishagarwal/Library/Developer/Xcode/DerivedData/Vybe-eypqtupuvqzwmybaqlzhbqpdfpou/Build/Intermediates.noindex/PrecompiledHeaders
    export SKIP_INSTALL\=YES
    export SKIP_MERGEABLE_LIBRARY_BUNDLE_HOOK\=NO
    export SOURCE_ROOT\=/Users/tavishagarwal/Desktop/Vybe/ios/Pods
    export SRCROOT\=/Users/tavishagarwal/Desktop/Vybe/ios/Pods
    export STRINGSDATA_DIR\=/Users/tavishagarwal/Library/Developer/Xcode/DerivedData/Vybe-eypqtupuvqzwmybaqlzhbqpdfpou/Build/Intermediates.noindex/Pods.build/Debug-iphonesimulator/hermes-engine.build/Objects-normal/undefined_arch
    export STRINGSDATA_ROOT\=/Users/tavishagarwal/Library/Developer/Xcode/DerivedData/Vybe-eypqtupuvqzwmybaqlzhbqpdfpou/Build/Intermediates.noindex/Pods.build/Debug-iphonesimulator/hermes-engine.build
    export STRINGS_FILE_INFOPLIST_RENAME\=YES
    export STRINGS_FILE_OUTPUT_ENCODING\=binary
    export STRING_CATALOG_GENERATE_SYMBOLS\=NO
    export STRIP_BITCODE_FROM_COPIED_FILES\=NO
    export STRIP_INSTALLED_PRODUCT\=NO
    export STRIP_STYLE\=all
    export STRIP_SWIFT_SYMBOLS\=YES
    export SUPPORTED_DEVICE_FAMILIES\=1,2
    export SUPPORTED_PLATFORMS\=iphoneos\ iphonesimulator
    export SUPPORTS_TEXT_BASED_API\=NO
    export SUPPRESS_WARNINGS\=NO
    export SWIFT_ACTIVE_COMPILATION_CONDITIONS\=\ DEBUG
    export SWIFT_EMIT_CONST_VALUE_PROTOCOLS\=AnyResolverProviding\ AppEntity\ AppEnum\ AppExtension\ AppIntent\ AppIntentsPackage\ AppShortcutProviding\ AppShortcutsProvider\ AppUnionValue\ AppUnionValueCasesProviding\ DynamicOptionsProvider\ EntityQuery\ ExtensionPointDefining\ IntentValueQuery\ Resolver\ TransientEntity\ _AssistantIntentsProvider\ _GenerativeFunctionExtractable\ _IntentValueRepresentable
    export SWIFT_EMIT_LOC_STRINGS\=NO
    export SWIFT_EMIT_MODULE_INTERFACE\=NO
    export SWIFT_ENABLE_EXPLICIT_MODULES\=NO
    export SWIFT_OPTIMIZATION_LEVEL\=-Onone
    export SWIFT_PLATFORM_TARGET_PREFIX\=ios
    export SWIFT_RESPONSE_FILE_PATH_normal_arm64\=/Users/tavishagarwal/Library/Developer/Xcode/DerivedData/Vybe-eypqtupuvqzwmybaqlzhbqpdfpou/Build/Intermediates.noindex/Pods.build/Debug-iphonesimulator/hermes-engine.build/Objects-normal/arm64/hermes-engine.SwiftFileList
    export SWIFT_VERSION\=5.0
    export SYMROOT\=/Users/tavishagarwal/Library/Developer/Xcode/DerivedData/Vybe-eypqtupuvqzwmybaqlzhbqpdfpou/Build/Products
    export SYSTEM_ADMIN_APPS_DIR\=/Applications/Utilities
    export SYSTEM_APPS_DIR\=/Applications
    export SYSTEM_CORE_SERVICES_DIR\=/System/Library/CoreServices
    export SYSTEM_DEMOS_DIR\=/Applications/Extras
    export SYSTEM_DEVELOPER_APPS_DIR\=/Applications/Xcode.app/Contents/Developer/Applications
    export SYSTEM_DEVELOPER_BIN_DIR\=/Applications/Xcode.app/Contents/Developer/usr/bin
    export SYSTEM_DEVELOPER_DEMOS_DIR\=/Applications/Xcode.app/Contents/Developer/Applications/Utilities/Built\ Examples
    export SYSTEM_DEVELOPER_DIR\=/Applications/Xcode.app/Contents/Developer
    export SYSTEM_DEVELOPER_DOC_DIR\=/Applications/Xcode.app/Contents/Developer/ADC\ Reference\ Library
    export SYSTEM_DEVELOPER_GRAPHICS_TOOLS_DIR\=/Applications/Xcode.app/Contents/Developer/Applications/Graphics\ Tools
    export SYSTEM_DEVELOPER_JAVA_TOOLS_DIR\=/Applications/Xcode.app/Contents/Developer/Applications/Java\ Tools
    export SYSTEM_DEVELOPER_PERFORMANCE_TOOLS_DIR\=/Applications/Xcode.app/Contents/Developer/Applications/Performance\ Tools
    export SYSTEM_DEVELOPER_RELEASENOTES_DIR\=/Applications/Xcode.app/Contents/Developer/ADC\ Reference\ Library/releasenotes
    export SYSTEM_DEVELOPER_TOOLS\=/Applications/Xcode.app/Contents/Developer/Tools
    export SYSTEM_DEVELOPER_TOOLS_DOC_DIR\=/Applications/Xcode.app/Contents/Developer/ADC\ Reference\ Library/documentation/DeveloperTools
    export SYSTEM_DEVELOPER_TOOLS_RELEASENOTES_DIR\=/Applications/Xcode.app/Contents/Developer/ADC\ Reference\ Library/releasenotes/DeveloperTools
    export SYSTEM_DEVELOPER_USR_DIR\=/Applications/Xcode.app/Contents/Developer/usr
    export SYSTEM_DEVELOPER_UTILITIES_DIR\=/Applications/Xcode.app/Contents/Developer/Applications/Utilities
    export SYSTEM_DEXT_INSTALL_PATH\=/System/Library/DriverExtensions
    export SYSTEM_DOCUMENTATION_DIR\=/Library/Documentation
    export SYSTEM_KEXT_INSTALL_PATH\=/System/Library/Extensions
    export SYSTEM_LIBRARY_DIR\=/System/Library
    export TAPI_DEMANGLE\=YES
    export TAPI_ENABLE_PROJECT_HEADERS\=NO
    export TAPI_LANGUAGE\=objective-c
    export TAPI_LANGUAGE_STANDARD\=compiler-default
    export TAPI_USE_SRCROOT\=YES
    export TAPI_VERIFY_MODE\=Pedantic
    export TARGETED_DEVICE_FAMILY\=1,2
    export TARGETNAME\=hermes-engine
    export TARGET_BUILD_DIR\=/Users/tavishagarwal/Library/Developer/Xcode/DerivedData/Vybe-eypqtupuvqzwmybaqlzhbqpdfpou/Build/Products/Debug-iphonesimulator/hermes-engine
    export TARGET_DEVICE_IDENTIFIER\=7748A3AC-7593-4AD0-8637-3D3EAE9040AF
    export TARGET_DEVICE_MODEL\=iPhone18,1
    export TARGET_DEVICE_OS_VERSION\=26.4.1
    export TARGET_DEVICE_PLATFORM_NAME\=iphonesimulator
    export TARGET_NAME\=hermes-engine
    export TARGET_TEMP_DIR\=/Users/tavishagarwal/Library/Developer/Xcode/DerivedData/Vybe-eypqtupuvqzwmybaqlzhbqpdfpou/Build/Intermediates.noindex/Pods.build/Debug-iphonesimulator/hermes-engine.build
    export TEMP_DIR\=/Users/tavishagarwal/Library/Developer/Xcode/DerivedData/Vybe-eypqtupuvqzwmybaqlzhbqpdfpou/Build/Intermediates.noindex/Pods.build/Debug-iphonesimulator/hermes-engine.build
    export TEMP_FILES_DIR\=/Users/tavishagarwal/Library/Developer/Xcode/DerivedData/Vybe-eypqtupuvqzwmybaqlzhbqpdfpou/Build/Intermediates.noindex/Pods.build/Debug-iphonesimulator/hermes-engine.build
    export TEMP_FILE_DIR\=/Users/tavishagarwal/Library/Developer/Xcode/DerivedData/Vybe-eypqtupuvqzwmybaqlzhbqpdfpou/Build/Intermediates.noindex/Pods.build/Debug-iphonesimulator/hermes-engine.build
    export TEMP_ROOT\=/Users/tavishagarwal/Library/Developer/Xcode/DerivedData/Vybe-eypqtupuvqzwmybaqlzhbqpdfpou/Build/Intermediates.noindex
    export TEMP_SANDBOX_DIR\=/Users/tavishagarwal/Library/Developer/Xcode/DerivedData/Vybe-eypqtupuvqzwmybaqlzhbqpdfpou/Build/Intermediates.noindex/TemporaryTaskSandboxes
    export TEST_FRAMEWORK_SEARCH_PATHS\=\ /Applications/Xcode.app/Contents/Developer/Platforms/iPhoneSimulator.platform/Developer/Library/Frameworks\ /Applications/Xcode.app/Contents/Developer/Platforms/iPhoneSimulator.platform/Developer/SDKs/iPhoneSimulator26.4.sdk/Developer/Library/Frameworks
    export TEST_LIBRARY_SEARCH_PATHS\=\ /Applications/Xcode.app/Contents/Developer/Platforms/iPhoneSimulator.platform/Developer/usr/lib
    export TOOLCHAINS\=com.apple.dt.toolchain.XcodeDefault
    export TOOLCHAIN_DIR\=/Applications/Xcode.app/Contents/Developer/Toolchains/XcodeDefault.xctoolchain
    export TREAT_MISSING_BASELINES_AS_TEST_FAILURES\=NO
    export TREAT_MISSING_SCRIPT_PHASE_OUTPUTS_AS_ERRORS\=NO
    export UID\=501
    export UNINSTALLED_PRODUCTS_DIR\=/Users/tavishagarwal/Library/Developer/Xcode/DerivedData/Vybe-eypqtupuvqzwmybaqlzhbqpdfpou/Build/Intermediates.noindex/UninstalledProducts
    export UNSTRIPPED_PRODUCT\=NO
    export USER\=tavishagarwal
    export USER_APPS_DIR\=/Users/tavishagarwal/Applications
    export USER_LIBRARY_DIR\=/Users/tavishagarwal/Library
    export USE_DYNAMIC_NO_PIC\=YES
    export USE_HEADERMAP\=YES
    export USE_HEADER_SYMLINKS\=NO
    export USE_HERMES\=true
    export USE_RECURSIVE_SCRIPT_INPUTS_IN_SCRIPT_PHASES\=YES
    export VALIDATE_DEVELOPMENT_ASSET_PATHS\=YES_ERROR
    export VALIDATE_PRODUCT\=NO
    export VALID_ARCHS\=arm64\ x86_64
    export VERBOSE_PBXCP\=NO
    export VERSION_INFO_BUILDER\=tavishagarwal
    export VERSION_INFO_FILE\=hermes-engine_vers.c
    export VERSION_INFO_STRING\=\"@\(\#\)PROGRAM:hermes-engine\ \ PROJECT:Pods-\"
    export WORKSPACE_DIR\=/Users/tavishagarwal/Desktop/Vybe/ios
    export WRAP_ASSET_PACKS_IN_SEPARATE_DIRECTORIES\=NO
    export XCODE_APP_SUPPORT_DIR\=/Applications/Xcode.app/Contents/Developer/Library/Xcode
    export XCODE_PRODUCT_BUILD_VERSION\=17E202
    export XCODE_VERSION_ACTUAL\=2641
    export XCODE_VERSION_MAJOR\=2600
    export XCODE_VERSION_MINOR\=2640
    export XPCSERVICES_FOLDER_PATH\=/XPCServices
    export YACC\=yacc
    export _DISCOVER_COMMAND_LINE_LINKER_INPUTS\=YES
    export _DISCOVER_COMMAND_LINE_LINKER_INPUTS_INCLUDE_WL\=YES
    export _LD_MULTIARCH\=YES
    export __DIAGNOSE_DEPRECATED_ARCHS\=YES
    export __ORIGINAL_SDK_DEFINED_LLVM_TARGET_TRIPLE_SYS\=ios
    export arch\=undefined_arch
    export variant\=normal
    /bin/sh -c /Users/tavishagarwal/Library/Developer/Xcode/DerivedData/Vybe-eypqtupuvqzwmybaqlzhbqpdfpou/Build/Intermediates.noindex/Pods.build/Debug-iphonesimulator/hermes-engine.build/Script-46EB2E000416C0.sh
Node found at: /usr/local/bin/node
No previous build detected, but Debug Configuration. No need to replace Hermes engine

PhaseScriptExecution [CP-User]\ [RNDeps]\ Replace\ React\ Native\ Dependencies\ for\ the\ right\ configuration,\ if\ needed /Users/tavishagarwal/Library/Developer/Xcode/DerivedData/Vybe-eypqtupuvqzwmybaqlzhbqpdfpou/Build/Intermediates.noindex/Pods.build/Debug-iphonesimulator/ReactNativeDependencies.build/Script-46EB2E000416A0.sh (in target 'ReactNativeDependencies' from project 'Pods')
    cd /Users/tavishagarwal/Desktop/Vybe/ios/Pods
    export ACTION\=build
    export AD_HOC_CODE_SIGNING_ALLOWED\=YES
    export ALLOW_BUILD_REQUEST_OVERRIDES\=NO
    export ALLOW_TARGET_PLATFORM_SPECIALIZATION\=NO
    export ALTERNATE_GROUP\=staff
    export ALTERNATE_MODE\=u+w,go-w,a+rX
    export ALTERNATE_OWNER\=tavishagarwal
    export ALTERNATIVE_DISTRIBUTION_WEB\=NO
    export ALWAYS_EMBED_SWIFT_STANDARD_LIBRARIES\=NO
    export ALWAYS_SEARCH_USER_PATHS\=NO
    export ALWAYS_USE_SEPARATE_HEADERMAPS\=NO
    export APPLICATION_EXTENSION_API_ONLY\=NO
    export APPLY_RULES_IN_COPY_FILES\=NO
    export APPLY_RULES_IN_COPY_HEADERS\=NO
    export APP_SHORTCUTS_ENABLE_FLEXIBLE_MATCHING\=YES
    export ARCHS\=arm64
    export ARCHS_BASE\=arm64
    export ARCHS_STANDARD\=arm64\ x86_64
    export ARCHS_STANDARD_32_64_BIT\=arm64\ x86_64
    export ARCHS_STANDARD_64_BIT\=arm64\ x86_64
    export ARCHS_STANDARD_INCLUDING_64_BIT\=arm64\ x86_64
    export ARCHS_UNIVERSAL_IPHONE_OS\=arm64\ x86_64
    export ASSETCATALOG_COMPILER_APPICON_NAME\=AppIcon
    export ASSETCATALOG_COMPILER_GLOBAL_ACCENT_COLOR_NAME\=AccentColor
    export ASSETCATALOG_FILTER_FOR_DEVICE_MODEL\=iPhone18,1
    export ASSETCATALOG_FILTER_FOR_DEVICE_OS_VERSION\=26.4.1
    export ASSETCATALOG_FILTER_FOR_THINNING_DEVICE_CONFIGURATION\=iPhone18,1
    export AUTOMATICALLY_MERGE_DEPENDENCIES\=NO
    export AUTOMATION_APPLE_EVENTS\=NO
    export AVAILABLE_PLATFORMS\=android\ appletvos\ appletvsimulator\ driverkit\ freebsd\ iphoneos\ iphonesimulator\ linux\ macosx\ none\ openbsd\ qnx\ watchos\ watchsimulator\ webassembly\ xros\ xrsimulator
    export BUILD_ACTIVE_RESOURCES_ONLY\=YES
    export BUILD_COMPONENTS\=headers\ build
    export BUILD_DIR\=/Users/tavishagarwal/Library/Developer/Xcode/DerivedData/Vybe-eypqtupuvqzwmybaqlzhbqpdfpou/Build/Products
    export BUILD_LIBRARY_FOR_DISTRIBUTION\=NO
    export BUILD_ONLY_KNOWN_LOCALIZATIONS\=NO
    export BUILD_ROOT\=/Users/tavishagarwal/Library/Developer/Xcode/DerivedData/Vybe-eypqtupuvqzwmybaqlzhbqpdfpou/Build/Products
    export BUILD_STYLE\=
    export BUILD_VARIANTS\=normal
    export BUILT_PRODUCTS_DIR\=/Users/tavishagarwal/Library/Developer/Xcode/DerivedData/Vybe-eypqtupuvqzwmybaqlzhbqpdfpou/Build/Products/Debug-iphonesimulator/ReactNativeDependencies
    export BUNDLE_CONTENTS_FOLDER_PATH_deep\=Contents/
    export BUNDLE_EXECUTABLE_FOLDER_NAME_deep\=MacOS
    export BUNDLE_EXTENSIONS_FOLDER_PATH\=Extensions
    export BUNDLE_FORMAT\=shallow
    export BUNDLE_FRAMEWORKS_FOLDER_PATH\=Frameworks
    export BUNDLE_PLUGINS_FOLDER_PATH\=PlugIns
    export BUNDLE_PRIVATE_HEADERS_FOLDER_PATH\=PrivateHeaders
    export BUNDLE_PUBLIC_HEADERS_FOLDER_PATH\=Headers
    export CACHE_ROOT\=/var/folders/_5/9b77vj2s591d31xqz29hj7fw0000gn/C/com.apple.DeveloperTools/26.4.1-17E202/Xcode
    export CCHROOT\=/var/folders/_5/9b77vj2s591d31xqz29hj7fw0000gn/C/com.apple.DeveloperTools/26.4.1-17E202/Xcode
    export CHMOD\=/bin/chmod
    export CHOWN\=chown
    export CLANG_ANALYZER_LOCALIZABILITY_NONLOCALIZED\=YES
    export CLANG_ANALYZER_NONNULL\=YES
    export CLANG_ANALYZER_NUMBER_OBJECT_CONVERSION\=YES_AGGRESSIVE
    export CLANG_CACHE_FINE_GRAINED_OUTPUTS\=YES
    export CLANG_CXX_LANGUAGE_STANDARD\=c++20
    export CLANG_CXX_LIBRARY\=libc++
    export CLANG_ENABLE_EXPLICIT_MODULES\=YES
    export CLANG_ENABLE_MODULES\=YES
    export CLANG_ENABLE_OBJC_ARC\=YES
    export CLANG_ENABLE_OBJC_WEAK\=NO
    export CLANG_MODULES_BUILD_SESSION_FILE\=/Users/tavishagarwal/Library/Developer/Xcode/DerivedData/ModuleCache.noindex/Session.modulevalidation
    export CLANG_WARN_BLOCK_CAPTURE_AUTORELEASING\=YES
    export CLANG_WARN_BOOL_CONVERSION\=YES
    export CLANG_WARN_COMMA\=YES
    export CLANG_WARN_CONSTANT_CONVERSION\=YES
    export CLANG_WARN_DEPRECATED_OBJC_IMPLEMENTATIONS\=YES
    export CLANG_WARN_DIRECT_OBJC_ISA_USAGE\=YES_ERROR
    export CLANG_WARN_DOCUMENTATION_COMMENTS\=YES
    export CLANG_WARN_EMPTY_BODY\=YES
    export CLANG_WARN_ENUM_CONVERSION\=YES
    export CLANG_WARN_INFINITE_RECURSION\=YES
    export CLANG_WARN_INT_CONVERSION\=YES
    export CLANG_WARN_NON_LITERAL_NULL_CONVERSION\=YES
    export CLANG_WARN_OBJC_IMPLICIT_RETAIN_SELF\=YES
    export CLANG_WARN_OBJC_LITERAL_CONVERSION\=YES
    export CLANG_WARN_OBJC_ROOT_CLASS\=YES_ERROR
    export CLANG_WARN_QUOTED_INCLUDE_IN_FRAMEWORK_HEADER\=NO
    export CLANG_WARN_RANGE_LOOP_ANALYSIS\=YES
    export CLANG_WARN_STRICT_PROTOTYPES\=YES
    export CLANG_WARN_SUSPICIOUS_MOVE\=YES
    export CLANG_WARN_UNGUARDED_AVAILABILITY\=YES_AGGRESSIVE
    export CLANG_WARN_UNREACHABLE_CODE\=YES
    export CLANG_WARN__DUPLICATE_METHOD_MATCH\=YES
    export CLASS_FILE_DIR\=/Users/tavishagarwal/Library/Developer/Xcode/DerivedData/Vybe-eypqtupuvqzwmybaqlzhbqpdfpou/Build/Intermediates.noindex/Pods.build/Debug-iphonesimulator/ReactNativeDependencies.build/JavaClasses
    export CLEAN_PRECOMPS\=YES
    export CLONE_HEADERS\=NO
    export CODESIGNING_FOLDER_PATH\=/Users/tavishagarwal/Library/Developer/Xcode/DerivedData/Vybe-eypqtupuvqzwmybaqlzhbqpdfpou/Build/Products/Debug-iphonesimulator/ReactNativeDependencies/
    export CODE_SIGNING_ALLOWED\=NO
    export CODE_SIGNING_REQUIRED\=YES
    export CODE_SIGN_CONTEXT_CLASS\=XCiPhoneSimulatorCodeSignContext
    export CODE_SIGN_IDENTITY\=-
    export CODE_SIGN_INJECT_BASE_ENTITLEMENTS\=YES
    export COLOR_DIAGNOSTICS\=NO
    export COMBINE_HIDPI_IMAGES\=NO
    export COMPILATION_CACHE_CAS_PATH\=/Users/tavishagarwal/Library/Developer/Xcode/DerivedData/CompilationCache.noindex
    export COMPILATION_CACHE_KEEP_CAS_DIRECTORY\=YES
    export COMPILER_INDEX_STORE_ENABLE\=Default
    export COMPOSITE_SDK_DIRS\=/Users/tavishagarwal/Library/Developer/Xcode/DerivedData/Vybe-eypqtupuvqzwmybaqlzhbqpdfpou/Build/Intermediates.noindex/CompositeSDKs
    export COMPRESS_PNG_FILES\=YES
    export CONFIGURATION\=Debug
    export CONFIGURATION_BUILD_DIR\=/Users/tavishagarwal/Library/Developer/Xcode/DerivedData/Vybe-eypqtupuvqzwmybaqlzhbqpdfpou/Build/Products/Debug-iphonesimulator/ReactNativeDependencies
    export CONFIGURATION_TEMP_DIR\=/Users/tavishagarwal/Library/Developer/Xcode/DerivedData/Vybe-eypqtupuvqzwmybaqlzhbqpdfpou/Build/Intermediates.noindex/Pods.build/Debug-iphonesimulator
    export COPYING_PRESERVES_HFS_DATA\=NO
    export COPY_HEADERS_RUN_UNIFDEF\=NO
    export COPY_PHASE_STRIP\=NO
    export CORRESPONDING_DEVICE_PLATFORM_DIR\=/Applications/Xcode.app/Contents/Developer/Platforms/iPhoneOS.platform
    export CORRESPONDING_DEVICE_PLATFORM_NAME\=iphoneos
    export CORRESPONDING_DEVICE_SDK_DIR\=/Applications/Xcode.app/Contents/Developer/Platforms/iPhoneOS.platform/Developer/SDKs/iPhoneOS26.4.sdk
    export CORRESPONDING_DEVICE_SDK_NAME\=iphoneos26.4
    export CP\=/bin/cp
    export CREATE_INFOPLIST_SECTION_IN_BINARY\=NO
    export CURRENT_ARCH\=undefined_arch
    export CURRENT_VARIANT\=normal
    export DEAD_CODE_STRIPPING\=YES
    export DEBUGGING_SYMBOLS\=YES
    export DEBUG_INFORMATION_FORMAT\=dwarf
    export DEBUG_INFORMATION_VERSION\=compiler-default
    export DEFAULT_COMPILER\=com.apple.compilers.llvm.clang.1_0
    export DEFAULT_DEXT_INSTALL_PATH\=/System/Library/DriverExtensions
    export DEFAULT_KEXT_INSTALL_PATH\=/System/Library/Extensions
    export DEFINES_MODULE\=NO
    export DEPLOYMENT_LOCATION\=NO
    export DEPLOYMENT_POSTPROCESSING\=NO
    export DEPLOYMENT_TARGET_SETTING_NAME\=IPHONEOS_DEPLOYMENT_TARGET
    export DEPLOYMENT_TARGET_SUGGESTED_VALUES\=12.0\ 12.1\ 12.2\ 12.3\ 12.4\ 13.0\ 13.1\ 13.2\ 13.3\ 13.4\ 13.5\ 13.6\ 14.0\ 14.1\ 14.2\ 14.3\ 14.4\ 14.5\ 14.6\ 14.7\ 15.0\ 15.1\ 15.2\ 15.3\ 15.4\ 15.5\ 15.6\ 16.0\ 16.1\ 16.2\ 16.3\ 16.4\ 16.5\ 16.6\ 17.0\ 17.1\ 17.2\ 17.3\ 17.4\ 17.5\ 17.6\ 18.0\ 18.1\ 18.2\ 18.3\ 18.4\ 18.5\ 18.6\ 26.0\ 26.2\ 26.3\ 26.4
    export DERIVED_FILES_DIR\=/Users/tavishagarwal/Library/Developer/Xcode/DerivedData/Vybe-eypqtupuvqzwmybaqlzhbqpdfpou/Build/Intermediates.noindex/Pods.build/Debug-iphonesimulator/ReactNativeDependencies.build/DerivedSources
    export DERIVED_FILE_DIR\=/Users/tavishagarwal/Library/Developer/Xcode/DerivedData/Vybe-eypqtupuvqzwmybaqlzhbqpdfpou/Build/Intermediates.noindex/Pods.build/Debug-iphonesimulator/ReactNativeDependencies.build/DerivedSources
    export DERIVED_SOURCES_DIR\=/Users/tavishagarwal/Library/Developer/Xcode/DerivedData/Vybe-eypqtupuvqzwmybaqlzhbqpdfpou/Build/Intermediates.noindex/Pods.build/Debug-iphonesimulator/ReactNativeDependencies.build/DerivedSources
    export DEVELOPER_APPLICATIONS_DIR\=/Applications/Xcode.app/Contents/Developer/Applications
    export DEVELOPER_BIN_DIR\=/Applications/Xcode.app/Contents/Developer/usr/bin
    export DEVELOPER_DIR\=/Applications/Xcode.app/Contents/Developer
    export DEVELOPER_FRAMEWORKS_DIR\=/Applications/Xcode.app/Contents/Developer/Library/Frameworks
    export DEVELOPER_FRAMEWORKS_DIR_QUOTED\=/Applications/Xcode.app/Contents/Developer/Library/Frameworks
    export DEVELOPER_LIBRARY_DIR\=/Applications/Xcode.app/Contents/Developer/Library
    export DEVELOPER_SDK_DIR\=/Applications/Xcode.app/Contents/Developer/Platforms/MacOSX.platform/Developer/SDKs
    export DEVELOPER_TOOLS_DIR\=/Applications/Xcode.app/Contents/Developer/Tools
    export DEVELOPER_USR_DIR\=/Applications/Xcode.app/Contents/Developer/usr
    export DEVELOPMENT_LANGUAGE\=en
    export DIAGNOSE_MISSING_TARGET_DEPENDENCIES\=YES
    export DIFF\=/usr/bin/diff
    export DONT_GENERATE_INFOPLIST_FILE\=NO
    export DSTROOT\=/tmp/Pods.dst
    export DT_TOOLCHAIN_DIR\=/Applications/Xcode.app/Contents/Developer/Toolchains/XcodeDefault.xctoolchain
    export DUMP_DEPENDENCIES\=NO
    export DUMP_DEPENDENCIES_OUTPUT_PATH\=/Users/tavishagarwal/Library/Developer/Xcode/DerivedData/Vybe-eypqtupuvqzwmybaqlzhbqpdfpou/Build/Intermediates.noindex/Pods.build/Debug-iphonesimulator/ReactNativeDependencies.build/ReactNativeDependencies-BuildDependencyInfo.json
    export DWARF_DSYM_FILE_NAME\=.dSYM
    export DWARF_DSYM_FILE_SHOULD_ACCOMPANY_PRODUCT\=NO
    export DWARF_DSYM_FOLDER_PATH\=/Users/tavishagarwal/Library/Developer/Xcode/DerivedData/Vybe-eypqtupuvqzwmybaqlzhbqpdfpou/Build/Products/Debug-iphonesimulator/ReactNativeDependencies
    export DYNAMIC_LIBRARY_EXTENSION\=dylib
    export EAGER_COMPILATION_ALLOW_SCRIPTS\=NO
    export EAGER_LINKING\=NO
    export EFFECTIVE_PLATFORM_NAME\=-iphonesimulator
    export EFFECTIVE_SWIFT_VERSION\=5
    export EMBEDDED_CONTENT_CONTAINS_SWIFT\=NO
    export EMBED_ASSET_PACKS_IN_PRODUCT_BUNDLE\=NO
    export ENABLE_APP_SANDBOX\=NO
    export ENABLE_CODE_COVERAGE\=YES
    export ENABLE_COHORT_ARCHS\=NO
    export ENABLE_CPLUSPLUS_BOUNDS_SAFE_BUFFERS\=NO
    export ENABLE_C_BOUNDS_SAFETY\=NO
    export ENABLE_DEFAULT_HEADER_SEARCH_PATHS\=YES
    export ENABLE_DEFAULT_SEARCH_PATHS\=YES
    export ENABLE_ENHANCED_SECURITY\=NO
    export ENABLE_HARDENED_RUNTIME\=NO
    export ENABLE_HEADER_DEPENDENCIES\=YES
    export ENABLE_INCOMING_NETWORK_CONNECTIONS\=NO
    export ENABLE_ON_DEMAND_RESOURCES\=NO
    export ENABLE_OUTGOING_NETWORK_CONNECTIONS\=NO
    export ENABLE_POINTER_AUTHENTICATION\=NO
    export ENABLE_PREVIEWS\=NO
    export ENABLE_RESOURCE_ACCESS_AUDIO_INPUT\=NO
    export ENABLE_RESOURCE_ACCESS_BLUETOOTH\=NO
    export ENABLE_RESOURCE_ACCESS_CALENDARS\=NO
    export ENABLE_RESOURCE_ACCESS_CAMERA\=NO
    export ENABLE_RESOURCE_ACCESS_CONTACTS\=NO
    export ENABLE_RESOURCE_ACCESS_LOCATION\=NO
    export ENABLE_RESOURCE_ACCESS_PHOTO_LIBRARY\=NO
    export ENABLE_RESOURCE_ACCESS_PRINTING\=NO
    export ENABLE_RESOURCE_ACCESS_USB\=NO
    export ENABLE_SDK_IMPORTS\=NO
    export ENABLE_SECURITY_COMPILER_WARNINGS\=NO
    export ENABLE_STRICT_OBJC_MSGSEND\=YES
    export ENABLE_TESTABILITY\=YES
    export ENABLE_TESTING_SEARCH_PATHS\=NO
    export ENABLE_USER_SCRIPT_SANDBOXING\=NO
    export ENABLE_XOJIT_PREVIEWS\=YES
    export ENFORCE_VALID_ARCHS\=YES
    export ENTITLEMENTS_DESTINATION\=__entitlements
    export ENTITLEMENTS_REQUIRED\=YES
    export EXCLUDED_INSTALLSRC_SUBDIRECTORY_PATTERNS\=.DS_Store\ .svn\ .git\ .hg\ CVS
    export EXCLUDED_RECURSIVE_SEARCH_PATH_SUBDIRECTORIES\=\*.nib\ \*.lproj\ \*.framework\ \*.gch\ \*.xcode\*\ \*.xcassets\ \*.icon\ \(\*\)\ .DS_Store\ CVS\ .svn\ .git\ .hg\ \*.pbproj\ \*.pbxproj
    export FILE_LIST\=/Users/tavishagarwal/Library/Developer/Xcode/DerivedData/Vybe-eypqtupuvqzwmybaqlzhbqpdfpou/Build/Intermediates.noindex/Pods.build/Debug-iphonesimulator/ReactNativeDependencies.build/Objects/LinkFileList
    export FIXED_FILES_DIR\=/Users/tavishagarwal/Library/Developer/Xcode/DerivedData/Vybe-eypqtupuvqzwmybaqlzhbqpdfpou/Build/Intermediates.noindex/Pods.build/Debug-iphonesimulator/ReactNativeDependencies.build/FixedFiles
    export FRAMEWORK_SEARCH_PATHS\=\ \"/Users/tavishagarwal/Desktop/Vybe/ios/Pods/ReactNativeDependencies/framework/packages/react-native\"\ \"/Users/tavishagarwal/Library/Developer/Xcode/DerivedData/Vybe-eypqtupuvqzwmybaqlzhbqpdfpou/Build/Products/Debug-iphonesimulator/XCFrameworkIntermediates/ReactNativeDependencies\"
    export FRAMEWORK_VERSION\=A
    export FUSE_BUILD_PHASES\=YES
    export FUSE_BUILD_SCRIPT_PHASES\=NO
    export GCC3_VERSION\=3.3
    export GCC_C_LANGUAGE_STANDARD\=gnu11
    export GCC_DYNAMIC_NO_PIC\=NO
    export GCC_NO_COMMON_BLOCKS\=YES
    export GCC_OBJC_LEGACY_DISPATCH\=YES
    export GCC_OPTIMIZATION_LEVEL\=0
    export GCC_PFE_FILE_C_DIALECTS\=c\ objective-c\ c++\ objective-c++
    export GCC_PREPROCESSOR_DEFINITIONS\=POD_CONFIGURATION_DEBUG\=1\ DEBUG\=1\ \ COCOAPODS\=1
    export GCC_TREAT_WARNINGS_AS_ERRORS\=NO
    export GCC_VERSION\=com.apple.compilers.llvm.clang.1_0
    export GCC_VERSION_IDENTIFIER\=com_apple_compilers_llvm_clang_1_0
    export GCC_WARN_64_TO_32_BIT_CONVERSION\=YES
    export GCC_WARN_ABOUT_RETURN_TYPE\=YES_ERROR
    export GCC_WARN_UNDECLARED_SELECTOR\=YES
    export GCC_WARN_UNINITIALIZED_AUTOS\=YES_AGGRESSIVE
    export GCC_WARN_UNUSED_FUNCTION\=YES
    export GCC_WARN_UNUSED_VARIABLE\=YES
    export GENERATED_MODULEMAP_DIR\=/Users/tavishagarwal/Library/Developer/Xcode/DerivedData/Vybe-eypqtupuvqzwmybaqlzhbqpdfpou/Build/Intermediates.noindex/GeneratedModuleMaps-iphonesimulator
    export GENERATE_INFOPLIST_FILE\=NO
    export GENERATE_INTERMEDIATE_TEXT_BASED_STUBS\=YES
    export GENERATE_PKGINFO_FILE\=NO
    export GENERATE_PRELINK_OBJECT_FILE\=NO
    export GENERATE_PROFILING_CODE\=NO
    export GENERATE_TEXT_BASED_STUBS\=NO
    export GID\=20
    export GROUP\=staff
    export HEADERMAP_INCLUDES_FLAT_ENTRIES_FOR_TARGET_BEING_BUILT\=YES
    export HEADERMAP_INCLUDES_FRAMEWORK_ENTRIES_FOR_ALL_PRODUCT_TYPES\=YES
    export HEADERMAP_INCLUDES_FRAMEWORK_ENTRIES_FOR_TARGETS_NOT_BEING_BUILT\=YES
    export HEADERMAP_INCLUDES_NONPUBLIC_NONPRIVATE_HEADERS\=YES
    export HEADERMAP_INCLUDES_PROJECT_HEADERS\=YES
    export HEADERMAP_USES_FRAMEWORK_PREFIX_ENTRIES\=YES
    export HEADERMAP_USES_VFS\=NO
    export HEADER_SEARCH_PATHS\=\ \"/Users/tavishagarwal/Desktop/Vybe/ios/Pods/Headers/Private\"\ \"/Users/tavishagarwal/Desktop/Vybe/ios/Pods/Headers/Private/ReactNativeDependencies\"\ \"/Users/tavishagarwal/Desktop/Vybe/ios/Pods/Headers/Public\"\ \"/Users/tavishagarwal/Desktop/Vybe/ios/Pods/Headers/Public/ReactNativeDependencies\"
    export HOME\=/Users/tavishagarwal
    export HOST_ARCH\=arm64
    export HOST_PLATFORM\=macosx
    export ICONV\=/usr/bin/iconv
    export IMPLICIT_DEPENDENCY_DOMAIN\=default
    export INDEX_STORE_COMPRESS\=NO
    export INDEX_STORE_ONLY_PROJECT_FILES\=NO
    export INFOPLIST_ENABLE_CFBUNDLEICONS_MERGE\=YES
    export INFOPLIST_EXPAND_BUILD_SETTINGS\=YES
    export INFOPLIST_OUTPUT_FORMAT\=binary
    export INFOPLIST_PREPROCESS\=NO
    export INLINE_PRIVATE_FRAMEWORKS\=NO
    export INSTALLAPI_IGNORE_SKIP_INSTALL\=YES
    export INSTALLHDRS_COPY_PHASE\=NO
    export INSTALLHDRS_SCRIPT_PHASE\=NO
    export INSTALL_DIR\=/tmp/Pods.dst
    export INSTALL_GROUP\=staff
    export INSTALL_MODE_FLAG\=u+w,go-w,a+rX
    export INSTALL_OWNER\=tavishagarwal
    export INSTALL_ROOT\=/tmp/Pods.dst
    export IPHONEOS_DEPLOYMENT_TARGET\=15.1
    export IS_UNOPTIMIZED_BUILD\=YES
    export JAVAC_DEFAULT_FLAGS\=-J-Xms64m\ -J-XX:NewSize\=4M\ -J-Dfile.encoding\=UTF8
    export JAVA_APP_STUB\=/System/Library/Frameworks/JavaVM.framework/Resources/MacOS/JavaApplicationStub
    export JAVA_ARCHIVE_CLASSES\=YES
    export JAVA_ARCHIVE_TYPE\=JAR
    export JAVA_COMPILER\=/usr/bin/javac
    export JAVA_FRAMEWORK_RESOURCES_DIRS\=Resources
    export JAVA_JAR_FLAGS\=cv
    export JAVA_SOURCE_SUBDIR\=.
    export JAVA_USE_DEPENDENCIES\=YES
    export JAVA_ZIP_FLAGS\=-urg
    export JIKES_DEFAULT_FLAGS\=+E\ +OLDCSO
    export KEEP_PRIVATE_EXTERNS\=NO
    export LD_DEPENDENCY_INFO_FILE\=/Users/tavishagarwal/Library/Developer/Xcode/DerivedData/Vybe-eypqtupuvqzwmybaqlzhbqpdfpou/Build/Intermediates.noindex/Pods.build/Debug-iphonesimulator/ReactNativeDependencies.build/Objects-normal/undefined_arch/ReactNativeDependencies_dependency_info.dat
    export LD_EXPORT_SYMBOLS\=YES
    export LD_GENERATE_MAP_FILE\=NO
    export LD_MAP_FILE_PATH\=/Users/tavishagarwal/Library/Developer/Xcode/DerivedData/Vybe-eypqtupuvqzwmybaqlzhbqpdfpou/Build/Intermediates.noindex/Pods.build/Debug-iphonesimulator/ReactNativeDependencies.build/ReactNativeDependencies-LinkMap-normal-undefined_arch.txt
    export LD_NO_PIE\=NO
    export LD_QUOTE_LINKER_ARGUMENTS_FOR_COMPILER_DRIVER\=YES
    export LD_RUNPATH_SEARCH_PATHS\=\ @executable_path/Frameworks
    export LD_SHARED_CACHE_ELIGIBLE\=Automatic
    export LD_WARN_DUPLICATE_LIBRARIES\=NO
    export LD_WARN_UNUSED_DYLIBS\=NO
    export LEGACY_DEVELOPER_DIR\=/Applications/Xcode.app/Contents/PlugIns/Xcode3Core.ideplugin/Contents/SharedSupport/Developer
    export LEX\=lex
    export LIBRARY_DEXT_INSTALL_PATH\=/Library/DriverExtensions
    export LIBRARY_FLAG_NOSPACE\=YES
    export LIBRARY_KEXT_INSTALL_PATH\=/Library/Extensions
    export LINKER_DISPLAYS_MANGLED_NAMES\=NO
    export LINK_FILE_LIST_normal_arm64\=/Users/tavishagarwal/Library/Developer/Xcode/DerivedData/Vybe-eypqtupuvqzwmybaqlzhbqpdfpou/Build/Intermediates.noindex/Pods.build/Debug-iphonesimulator/ReactNativeDependencies.build/Objects-normal/arm64/ReactNativeDependencies.LinkFileList
    export LINK_OBJC_RUNTIME\=YES
    export LINK_WITH_STANDARD_LIBRARIES\=YES
    export LLVM_TARGET_TRIPLE_OS_VERSION\=ios15.1
    export LLVM_TARGET_TRIPLE_SUFFIX\=-simulator
    export LLVM_TARGET_TRIPLE_VENDOR\=apple
    export LM_AUX_CONST_METADATA_LIST_PATH_normal_arm64\=/Users/tavishagarwal/Library/Developer/Xcode/DerivedData/Vybe-eypqtupuvqzwmybaqlzhbqpdfpou/Build/Intermediates.noindex/Pods.build/Debug-iphonesimulator/ReactNativeDependencies.build/Objects-normal/arm64/ReactNativeDependencies.SwiftConstValuesFileList
    export LOCALIZATION_EXPORT_SUPPORTED\=YES
    export LOCALIZATION_PREFERS_STRING_CATALOGS\=NO
    export LOCALIZED_STRING_CODE_COMMENTS\=NO
    export LOCALIZED_STRING_MACRO_NAMES\=NSLocalizedString\ CFCopyLocalizedString
    export LOCALIZED_STRING_SWIFTUI_SUPPORT\=YES
    export LOCAL_ADMIN_APPS_DIR\=/Applications/Utilities
    export LOCAL_APPS_DIR\=/Applications
    export LOCAL_DEVELOPER_DIR\=/Library/Developer
    export LOCAL_LIBRARY_DIR\=/Library
    export LOCROOT\=/Users/tavishagarwal/Desktop/Vybe/ios/Pods
    export LOCSYMROOT\=/Users/tavishagarwal/Desktop/Vybe/ios/Pods
    export MAC_OS_X_PRODUCT_BUILD_VERSION\=25E253
    export MAC_OS_X_VERSION_ACTUAL\=260401
    export MAC_OS_X_VERSION_MAJOR\=260000
    export MAC_OS_X_VERSION_MINOR\=260400
    export MAKE_MERGEABLE\=NO
    export MERGEABLE_LIBRARY\=NO
    export MERGED_BINARY_TYPE\=none
    export MERGE_LINKED_LIBRARIES\=NO
    export METAL_LIBRARY_FILE_BASE\=default
    export METAL_LIBRARY_OUTPUT_DIR\=/Users/tavishagarwal/Library/Developer/Xcode/DerivedData/Vybe-eypqtupuvqzwmybaqlzhbqpdfpou/Build/Products/Debug-iphonesimulator/ReactNativeDependencies/
    export MODULE_CACHE_DIR\=/Users/tavishagarwal/Library/Developer/Xcode/DerivedData/ModuleCache.noindex
    export MTL_ENABLE_DEBUG_INFO\=INCLUDE_SOURCE
    export MTL_FAST_MATH\=YES
    export NATIVE_ARCH\=arm64
    export NATIVE_ARCH_32_BIT\=arm
    export NATIVE_ARCH_64_BIT\=arm64
    export NATIVE_ARCH_ACTUAL\=arm64
    export NO_COMMON\=YES
    export OBJC_ABI_VERSION\=2
    export OBJECT_FILE_DIR\=/Users/tavishagarwal/Library/Developer/Xcode/DerivedData/Vybe-eypqtupuvqzwmybaqlzhbqpdfpou/Build/Intermediates.noindex/Pods.build/Debug-iphonesimulator/ReactNativeDependencies.build/Objects
    export OBJECT_FILE_DIR_normal\=/Users/tavishagarwal/Library/Developer/Xcode/DerivedData/Vybe-eypqtupuvqzwmybaqlzhbqpdfpou/Build/Intermediates.noindex/Pods.build/Debug-iphonesimulator/ReactNativeDependencies.build/Objects-normal
    export OBJROOT\=/Users/tavishagarwal/Library/Developer/Xcode/DerivedData/Vybe-eypqtupuvqzwmybaqlzhbqpdfpou/Build/Intermediates.noindex
    export ONLY_ACTIVE_ARCH\=YES
    export OS\=MACOS
    export OSAC\=/usr/bin/osacompile
    export PASCAL_STRINGS\=YES
    export PATH\=/Applications/Xcode.app/Contents/SharedFrameworks/SwiftBuild.framework/Versions/A/PlugIns/SWBBuildService.bundle/Contents/PlugIns/SWBUniversalPlatformPlugin.bundle/Contents/Frameworks/SWBUniversalPlatform.framework/Resources:/Applications/Xcode.app/Contents/Developer/Toolchains/XcodeDefault.xctoolchain/usr/bin:/Applications/Xcode.app/Contents/Developer/Toolchains/XcodeDefault.xctoolchain/usr/local/bin:/Applications/Xcode.app/Contents/Developer/Toolchains/XcodeDefault.xctoolchain/usr/libexec:/Applications/Xcode.app/Contents/Developer/Platforms/iPhoneSimulator.platform/usr/bin:/Applications/Xcode.app/Contents/Developer/Platforms/iPhoneSimulator.platform/usr/local/bin:/Applications/Xcode.app/Contents/Developer/Platforms/iPhoneSimulator.platform/Developer/usr/bin:/Applications/Xcode.app/Contents/Developer/Platforms/iPhoneSimulator.platform/Developer/usr/local/bin:/Applications/Xcode.app/Contents/Developer/usr/bin:/Applications/Xcode.app/Contents/Developer/usr/local/bin:/Users/tavishagarwal/.antigravity/antigravity/bin:/Users/tavishagarwal/.local/bin:/Users/tavishagarwal/.codeium/windsurf/bin:/opt/homebrew/bin:/opt/homebrew/sbin:/Library/Frameworks/Python.framework/Versions/3.14/bin:/usr/local/bin:/System/Cryptexes/App/usr/bin:/usr/bin:/bin:/usr/sbin:/sbin:/var/run/com.apple.security.cryptexd/codex.system/bootstrap/usr/local/bin:/var/run/com.apple.security.cryptexd/codex.system/bootstrap/usr/bin:/var/run/com.apple.security.cryptexd/codex.system/bootstrap/usr/appleinternal/bin:/opt/pkg/env/active/bin:/opt/pmk/env/global/bin:/Library/Apple/usr/bin:/Library/TeX/texbin:/Users/tavishagarwal/development/flutter/bin:/Users/tavishagarwal/Library/Application\ Support/Code/User/globalStorage/github.copilot-chat/debugCommand
    export PATH_PREFIXES_EXCLUDED_FROM_HEADER_DEPENDENCIES\=/usr/include\ /usr/local/include\ /System/Library/Frameworks\ /System/Library/PrivateFrameworks\ /Applications/Xcode.app/Contents/Developer/Headers\ /Applications/Xcode.app/Contents/Developer/SDKs\ /Applications/Xcode.app/Contents/Developer/Platforms
    export PER_ARCH_MODULE_FILE_DIR\=/Users/tavishagarwal/Library/Developer/Xcode/DerivedData/Vybe-eypqtupuvqzwmybaqlzhbqpdfpou/Build/Intermediates.noindex/Pods.build/Debug-iphonesimulator/ReactNativeDependencies.build/Objects-normal/undefined_arch
    export PER_ARCH_OBJECT_FILE_DIR\=/Users/tavishagarwal/Library/Developer/Xcode/DerivedData/Vybe-eypqtupuvqzwmybaqlzhbqpdfpou/Build/Intermediates.noindex/Pods.build/Debug-iphonesimulator/ReactNativeDependencies.build/Objects-normal/undefined_arch
    export PER_VARIANT_OBJECT_FILE_DIR\=/Users/tavishagarwal/Library/Developer/Xcode/DerivedData/Vybe-eypqtupuvqzwmybaqlzhbqpdfpou/Build/Intermediates.noindex/Pods.build/Debug-iphonesimulator/ReactNativeDependencies.build/Objects-normal
    export PKGINFO_FILE_PATH\=/Users/tavishagarwal/Library/Developer/Xcode/DerivedData/Vybe-eypqtupuvqzwmybaqlzhbqpdfpou/Build/Intermediates.noindex/Pods.build/Debug-iphonesimulator/ReactNativeDependencies.build/PkgInfo
    export PLATFORM_DEVELOPER_APPLICATIONS_DIR\=/Applications/Xcode.app/Contents/Developer/Platforms/iPhoneSimulator.platform/Developer/Applications
    export PLATFORM_DEVELOPER_BIN_DIR\=/Applications/Xcode.app/Contents/Developer/Platforms/iPhoneSimulator.platform/Developer/usr/bin
    export PLATFORM_DEVELOPER_LIBRARY_DIR\=/Applications/Xcode.app/Contents/Developer/Platforms/iPhoneSimulator.platform/Developer/Library
    export PLATFORM_DEVELOPER_SDK_DIR\=/Applications/Xcode.app/Contents/Developer/Platforms/iPhoneSimulator.platform/Developer/SDKs
    export PLATFORM_DEVELOPER_TOOLS_DIR\=/Applications/Xcode.app/Contents/Developer/Platforms/iPhoneSimulator.platform/Developer/Tools
    export PLATFORM_DEVELOPER_USR_DIR\=/Applications/Xcode.app/Contents/Developer/Platforms/iPhoneSimulator.platform/Developer/usr
    export PLATFORM_DIR\=/Applications/Xcode.app/Contents/Developer/Platforms/iPhoneSimulator.platform
    export PLATFORM_DISPLAY_NAME\=iOS\ Simulator
    export PLATFORM_FAMILY_NAME\=iOS
    export PLATFORM_NAME\=iphonesimulator
    export PLATFORM_PREFERRED_ARCH\=x86_64
    export PLATFORM_PRODUCT_BUILD_VERSION\=23E252
    export PLATFORM_REQUIRES_SWIFT_AUTOLINK_EXTRACT\=NO
    export PLATFORM_REQUIRES_SWIFT_MODULEWRAP\=NO
    export PLATFORM_USES_DSYMS\=YES
    export PLIST_FILE_OUTPUT_FORMAT\=binary
    export PODS_BUILD_DIR\=/Users/tavishagarwal/Library/Developer/Xcode/DerivedData/Vybe-eypqtupuvqzwmybaqlzhbqpdfpou/Build/Products
    export PODS_CONFIGURATION_BUILD_DIR\=/Users/tavishagarwal/Library/Developer/Xcode/DerivedData/Vybe-eypqtupuvqzwmybaqlzhbqpdfpou/Build/Products/Debug-iphonesimulator
    export PODS_DEVELOPMENT_LANGUAGE\=en
    export PODS_ROOT\=/Users/tavishagarwal/Desktop/Vybe/ios/Pods
    export PODS_TARGET_SRCROOT\=/Users/tavishagarwal/Desktop/Vybe/ios/Pods/ReactNativeDependencies
    export PODS_XCFRAMEWORKS_BUILD_DIR\=/Users/tavishagarwal/Library/Developer/Xcode/DerivedData/Vybe-eypqtupuvqzwmybaqlzhbqpdfpou/Build/Products/Debug-iphonesimulator/XCFrameworkIntermediates
    export PRECOMPS_INCLUDE_HEADERS_FROM_BUILT_PRODUCTS_DIR\=YES
    export PRECOMP_DESTINATION_DIR\=/Users/tavishagarwal/Library/Developer/Xcode/DerivedData/Vybe-eypqtupuvqzwmybaqlzhbqpdfpou/Build/Intermediates.noindex/Pods.build/Debug-iphonesimulator/ReactNativeDependencies.build/PrefixHeaders
    export PROCESSED_INFOPLIST_PATH\=/Users/tavishagarwal/Library/Developer/Xcode/DerivedData/Vybe-eypqtupuvqzwmybaqlzhbqpdfpou/Build/Intermediates.noindex/Pods.build/Debug-iphonesimulator/ReactNativeDependencies.build/Objects-normal/undefined_arch/Processed-Info.plist
    export PRODUCT_BUNDLE_IDENTIFIER\=org.cocoapods.ReactNativeDependencies
    export PRODUCT_MODULE_NAME\=ReactNativeDependencies
    export PRODUCT_NAME\=ReactNativeDependencies
    export PRODUCT_SETTINGS_PATH\=
    export PROFILING_CODE\=NO
    export PROJECT\=Pods
    export PROJECT_DERIVED_FILE_DIR\=/Users/tavishagarwal/Library/Developer/Xcode/DerivedData/Vybe-eypqtupuvqzwmybaqlzhbqpdfpou/Build/Intermediates.noindex/Pods.build/DerivedSources
    export PROJECT_DIR\=/Users/tavishagarwal/Desktop/Vybe/ios/Pods
    export PROJECT_FILE_PATH\=/Users/tavishagarwal/Desktop/Vybe/ios/Pods/Pods.xcodeproj
    export PROJECT_GUID\=8699adb1dd336b26511df848a716bd42
    export PROJECT_NAME\=Pods
    export PROJECT_TEMP_DIR\=/Users/tavishagarwal/Library/Developer/Xcode/DerivedData/Vybe-eypqtupuvqzwmybaqlzhbqpdfpou/Build/Intermediates.noindex/Pods.build
    export PROJECT_TEMP_ROOT\=/Users/tavishagarwal/Library/Developer/Xcode/DerivedData/Vybe-eypqtupuvqzwmybaqlzhbqpdfpou/Build/Intermediates.noindex
    export REACT_NATIVE_PATH\=/Users/tavishagarwal/Desktop/Vybe/ios/Pods/../../node_modules/react-native
    export RECOMMENDED_IPHONEOS_DEPLOYMENT_TARGET\=15.0
    export RECURSIVE_SEARCH_PATHS_FOLLOW_SYMLINKS\=YES
    export REMOVE_CVS_FROM_RESOURCES\=YES
    export REMOVE_GIT_FROM_RESOURCES\=YES
    export REMOVE_HEADERS_FROM_EMBEDDED_BUNDLES\=YES
    export REMOVE_HG_FROM_RESOURCES\=YES
    export REMOVE_STATIC_EXECUTABLES_FROM_EMBEDDED_BUNDLES\=YES
    export REMOVE_SVN_FROM_RESOURCES\=YES
    export RESCHEDULE_INDEPENDENT_HEADERS_PHASES\=YES
    export REZ_COLLECTOR_DIR\=/Users/tavishagarwal/Library/Developer/Xcode/DerivedData/Vybe-eypqtupuvqzwmybaqlzhbqpdfpou/Build/Intermediates.noindex/Pods.build/Debug-iphonesimulator/ReactNativeDependencies.build/ResourceManagerResources
    export REZ_OBJECTS_DIR\=/Users/tavishagarwal/Library/Developer/Xcode/DerivedData/Vybe-eypqtupuvqzwmybaqlzhbqpdfpou/Build/Intermediates.noindex/Pods.build/Debug-iphonesimulator/ReactNativeDependencies.build/ResourceManagerResources/Objects
    export RPATH_ORIGIN\=@loader_path
    export RUNTIME_EXCEPTION_ALLOW_DYLD_ENVIRONMENT_VARIABLES\=NO
    export RUNTIME_EXCEPTION_ALLOW_JIT\=NO
    export RUNTIME_EXCEPTION_ALLOW_UNSIGNED_EXECUTABLE_MEMORY\=NO
    export RUNTIME_EXCEPTION_DEBUGGING_TOOL\=NO
    export RUNTIME_EXCEPTION_DISABLE_EXECUTABLE_PAGE_PROTECTION\=NO
    export RUNTIME_EXCEPTION_DISABLE_LIBRARY_VALIDATION\=NO
    export SCANNING_PCM_KEEP_CACHE_DIRECTORY\=YES
    export SCAN_ALL_SOURCE_FILES_FOR_INCLUDES\=NO
    export SCRIPT_INPUT_FILE_COUNT\=0
    export SCRIPT_INPUT_FILE_LIST_COUNT\=0
    export SCRIPT_OUTPUT_FILE_COUNT\=0
    export SCRIPT_OUTPUT_FILE_LIST_COUNT\=0
    export SDKROOT\=/Applications/Xcode.app/Contents/Developer/Platforms/iPhoneSimulator.platform/Developer/SDKs/iPhoneSimulator26.4.sdk
    export SDK_DIR\=/Applications/Xcode.app/Contents/Developer/Platforms/iPhoneSimulator.platform/Developer/SDKs/iPhoneSimulator26.4.sdk
    export SDK_DIR_iphonesimulator\=/Applications/Xcode.app/Contents/Developer/Platforms/iPhoneSimulator.platform/Developer/SDKs/iPhoneSimulator26.4.sdk
    export SDK_DIR_iphonesimulator26_4\=/Applications/Xcode.app/Contents/Developer/Platforms/iPhoneSimulator.platform/Developer/SDKs/iPhoneSimulator26.4.sdk
    export SDK_NAME\=iphonesimulator26.4
    export SDK_NAMES\=iphonesimulator26.4
    export SDK_PRODUCT_BUILD_VERSION\=23E252
    export SDK_STAT_CACHE_DIR\=/Users/tavishagarwal/Library/Developer/Xcode/DerivedData
    export SDK_STAT_CACHE_ENABLE\=YES
    export SDK_STAT_CACHE_PATH\=/Users/tavishagarwal/Library/Developer/Xcode/DerivedData/SDKStatCaches.noindex/iphonesimulator26.4-23E252-686eebb5dc1d8ecb277353a59184f4aa.sdkstatcache
    export SDK_VERSION\=26.4
    export SDK_VERSION_ACTUAL\=260400
    export SDK_VERSION_MAJOR\=260000
    export SDK_VERSION_MINOR\=260400
    export SED\=/usr/bin/sed
    export SEPARATE_STRIP\=NO
    export SEPARATE_SYMBOL_EDIT\=NO
    export SET_DIR_MODE_OWNER_GROUP\=YES
    export SET_FILE_MODE_OWNER_GROUP\=NO
    export SHALLOW_BUNDLE\=NO
    export SHARED_DERIVED_FILE_DIR\=/Users/tavishagarwal/Library/Developer/Xcode/DerivedData/Vybe-eypqtupuvqzwmybaqlzhbqpdfpou/Build/Products/Debug-iphonesimulator/ReactNativeDependencies/DerivedSources
    export SHARED_PRECOMPS_DIR\=/Users/tavishagarwal/Library/Developer/Xcode/DerivedData/Vybe-eypqtupuvqzwmybaqlzhbqpdfpou/Build/Intermediates.noindex/PrecompiledHeaders
    export SKIP_INSTALL\=YES
    export SKIP_MERGEABLE_LIBRARY_BUNDLE_HOOK\=NO
    export SOURCE_ROOT\=/Users/tavishagarwal/Desktop/Vybe/ios/Pods
    export SRCROOT\=/Users/tavishagarwal/Desktop/Vybe/ios/Pods
    export STRINGSDATA_DIR\=/Users/tavishagarwal/Library/Developer/Xcode/DerivedData/Vybe-eypqtupuvqzwmybaqlzhbqpdfpou/Build/Intermediates.noindex/Pods.build/Debug-iphonesimulator/ReactNativeDependencies.build/Objects-normal/undefined_arch
    export STRINGSDATA_ROOT\=/Users/tavishagarwal/Library/Developer/Xcode/DerivedData/Vybe-eypqtupuvqzwmybaqlzhbqpdfpou/Build/Intermediates.noindex/Pods.build/Debug-iphonesimulator/ReactNativeDependencies.build
    export STRINGS_FILE_INFOPLIST_RENAME\=YES
    export STRINGS_FILE_OUTPUT_ENCODING\=binary
    export STRING_CATALOG_GENERATE_SYMBOLS\=NO
    export STRIP_BITCODE_FROM_COPIED_FILES\=NO
    export STRIP_INSTALLED_PRODUCT\=NO
    export STRIP_STYLE\=all
    export STRIP_SWIFT_SYMBOLS\=YES
    export SUPPORTED_DEVICE_FAMILIES\=1,2
    export SUPPORTED_PLATFORMS\=iphoneos\ iphonesimulator
    export SUPPORTS_TEXT_BASED_API\=NO
    export SUPPRESS_WARNINGS\=NO
    export SWIFT_ACTIVE_COMPILATION_CONDITIONS\=\ DEBUG
    export SWIFT_EMIT_CONST_VALUE_PROTOCOLS\=AnyResolverProviding\ AppEntity\ AppEnum\ AppExtension\ AppIntent\ AppIntentsPackage\ AppShortcutProviding\ AppShortcutsProvider\ AppUnionValue\ AppUnionValueCasesProviding\ DynamicOptionsProvider\ EntityQuery\ ExtensionPointDefining\ IntentValueQuery\ Resolver\ TransientEntity\ _AssistantIntentsProvider\ _GenerativeFunctionExtractable\ _IntentValueRepresentable
    export SWIFT_EMIT_LOC_STRINGS\=NO
    export SWIFT_EMIT_MODULE_INTERFACE\=NO
    export SWIFT_ENABLE_EXPLICIT_MODULES\=NO
    export SWIFT_OPTIMIZATION_LEVEL\=-Onone
    export SWIFT_PLATFORM_TARGET_PREFIX\=ios
    export SWIFT_RESPONSE_FILE_PATH_normal_arm64\=/Users/tavishagarwal/Library/Developer/Xcode/DerivedData/Vybe-eypqtupuvqzwmybaqlzhbqpdfpou/Build/Intermediates.noindex/Pods.build/Debug-iphonesimulator/ReactNativeDependencies.build/Objects-normal/arm64/ReactNativeDependencies.SwiftFileList
    export SWIFT_VERSION\=5.0
    export SYMROOT\=/Users/tavishagarwal/Library/Developer/Xcode/DerivedData/Vybe-eypqtupuvqzwmybaqlzhbqpdfpou/Build/Products
    export SYSTEM_ADMIN_APPS_DIR\=/Applications/Utilities
    export SYSTEM_APPS_DIR\=/Applications
    export SYSTEM_CORE_SERVICES_DIR\=/System/Library/CoreServices
    export SYSTEM_DEMOS_DIR\=/Applications/Extras
    export SYSTEM_DEVELOPER_APPS_DIR\=/Applications/Xcode.app/Contents/Developer/Applications
    export SYSTEM_DEVELOPER_BIN_DIR\=/Applications/Xcode.app/Contents/Developer/usr/bin
    export SYSTEM_DEVELOPER_DEMOS_DIR\=/Applications/Xcode.app/Contents/Developer/Applications/Utilities/Built\ Examples
    export SYSTEM_DEVELOPER_DIR\=/Applications/Xcode.app/Contents/Developer
    export SYSTEM_DEVELOPER_DOC_DIR\=/Applications/Xcode.app/Contents/Developer/ADC\ Reference\ Library
    export SYSTEM_DEVELOPER_GRAPHICS_TOOLS_DIR\=/Applications/Xcode.app/Contents/Developer/Applications/Graphics\ Tools
    export SYSTEM_DEVELOPER_JAVA_TOOLS_DIR\=/Applications/Xcode.app/Contents/Developer/Applications/Java\ Tools
    export SYSTEM_DEVELOPER_PERFORMANCE_TOOLS_DIR\=/Applications/Xcode.app/Contents/Developer/Applications/Performance\ Tools
    export SYSTEM_DEVELOPER_RELEASENOTES_DIR\=/Applications/Xcode.app/Contents/Developer/ADC\ Reference\ Library/releasenotes
    export SYSTEM_DEVELOPER_TOOLS\=/Applications/Xcode.app/Contents/Developer/Tools
    export SYSTEM_DEVELOPER_TOOLS_DOC_DIR\=/Applications/Xcode.app/Contents/Developer/ADC\ Reference\ Library/documentation/DeveloperTools
    export SYSTEM_DEVELOPER_TOOLS_RELEASENOTES_DIR\=/Applications/Xcode.app/Contents/Developer/ADC\ Reference\ Library/releasenotes/DeveloperTools
    export SYSTEM_DEVELOPER_USR_DIR\=/Applications/Xcode.app/Contents/Developer/usr
    export SYSTEM_DEVELOPER_UTILITIES_DIR\=/Applications/Xcode.app/Contents/Developer/Applications/Utilities
    export SYSTEM_DEXT_INSTALL_PATH\=/System/Library/DriverExtensions
    export SYSTEM_DOCUMENTATION_DIR\=/Library/Documentation
    export SYSTEM_KEXT_INSTALL_PATH\=/System/Library/Extensions
    export SYSTEM_LIBRARY_DIR\=/System/Library
    export TAPI_DEMANGLE\=YES
    export TAPI_ENABLE_PROJECT_HEADERS\=NO
    export TAPI_LANGUAGE\=objective-c
    export TAPI_LANGUAGE_STANDARD\=compiler-default
    export TAPI_USE_SRCROOT\=YES
    export TAPI_VERIFY_MODE\=Pedantic
    export TARGETED_DEVICE_FAMILY\=1,2
    export TARGETNAME\=ReactNativeDependencies
    export TARGET_BUILD_DIR\=/Users/tavishagarwal/Library/Developer/Xcode/DerivedData/Vybe-eypqtupuvqzwmybaqlzhbqpdfpou/Build/Products/Debug-iphonesimulator/ReactNativeDependencies
    export TARGET_DEVICE_IDENTIFIER\=7748A3AC-7593-4AD0-8637-3D3EAE9040AF
    export TARGET_DEVICE_MODEL\=iPhone18,1
    export TARGET_DEVICE_OS_VERSION\=26.4.1
    export TARGET_DEVICE_PLATFORM_NAME\=iphonesimulator
    export TARGET_NAME\=ReactNativeDependencies
    export TARGET_TEMP_DIR\=/Users/tavishagarwal/Library/Developer/Xcode/DerivedData/Vybe-eypqtupuvqzwmybaqlzhbqpdfpou/Build/Intermediates.noindex/Pods.build/Debug-iphonesimulator/ReactNativeDependencies.build
    export TEMP_DIR\=/Users/tavishagarwal/Library/Developer/Xcode/DerivedData/Vybe-eypqtupuvqzwmybaqlzhbqpdfpou/Build/Intermediates.noindex/Pods.build/Debug-iphonesimulator/ReactNativeDependencies.build
    export TEMP_FILES_DIR\=/Users/tavishagarwal/Library/Developer/Xcode/DerivedData/Vybe-eypqtupuvqzwmybaqlzhbqpdfpou/Build/Intermediates.noindex/Pods.build/Debug-iphonesimulator/ReactNativeDependencies.build
    export TEMP_FILE_DIR\=/Users/tavishagarwal/Library/Developer/Xcode/DerivedData/Vybe-eypqtupuvqzwmybaqlzhbqpdfpou/Build/Intermediates.noindex/Pods.build/Debug-iphonesimulator/ReactNativeDependencies.build
    export TEMP_ROOT\=/Users/tavishagarwal/Library/Developer/Xcode/DerivedData/Vybe-eypqtupuvqzwmybaqlzhbqpdfpou/Build/Intermediates.noindex
    export TEMP_SANDBOX_DIR\=/Users/tavishagarwal/Library/Developer/Xcode/DerivedData/Vybe-eypqtupuvqzwmybaqlzhbqpdfpou/Build/Intermediates.noindex/TemporaryTaskSandboxes
    export TEST_FRAMEWORK_SEARCH_PATHS\=\ /Applications/Xcode.app/Contents/Developer/Platforms/iPhoneSimulator.platform/Developer/Library/Frameworks\ /Applications/Xcode.app/Contents/Developer/Platforms/iPhoneSimulator.platform/Developer/SDKs/iPhoneSimulator26.4.sdk/Developer/Library/Frameworks
    export TEST_LIBRARY_SEARCH_PATHS\=\ /Applications/Xcode.app/Contents/Developer/Platforms/iPhoneSimulator.platform/Developer/usr/lib
    export TOOLCHAINS\=com.apple.dt.toolchain.XcodeDefault
    export TOOLCHAIN_DIR\=/Applications/Xcode.app/Contents/Developer/Toolchains/XcodeDefault.xctoolchain
    export TREAT_MISSING_BASELINES_AS_TEST_FAILURES\=NO
    export TREAT_MISSING_SCRIPT_PHASE_OUTPUTS_AS_ERRORS\=NO
    export UID\=501
    export UNINSTALLED_PRODUCTS_DIR\=/Users/tavishagarwal/Library/Developer/Xcode/DerivedData/Vybe-eypqtupuvqzwmybaqlzhbqpdfpou/Build/Intermediates.noindex/UninstalledProducts
    export UNSTRIPPED_PRODUCT\=NO
    export USER\=tavishagarwal
    export USER_APPS_DIR\=/Users/tavishagarwal/Applications
    export USER_LIBRARY_DIR\=/Users/tavishagarwal/Library
    export USE_DYNAMIC_NO_PIC\=YES
    export USE_HEADERMAP\=YES
    export USE_HEADER_SYMLINKS\=NO
    export USE_HERMES\=true
    export USE_RECURSIVE_SCRIPT_INPUTS_IN_SCRIPT_PHASES\=YES
    export VALIDATE_DEVELOPMENT_ASSET_PATHS\=YES_ERROR
    export VALIDATE_PRODUCT\=NO
    export VALID_ARCHS\=arm64\ x86_64
    export VERBOSE_PBXCP\=NO
    export VERSION_INFO_BUILDER\=tavishagarwal
    export VERSION_INFO_FILE\=ReactNativeDependencies_vers.c
    export VERSION_INFO_STRING\=\"@\(\#\)PROGRAM:ReactNativeDependencies\ \ PROJECT:Pods-\"
    export WORKSPACE_DIR\=/Users/tavishagarwal/Desktop/Vybe/ios
    export WRAP_ASSET_PACKS_IN_SEPARATE_DIRECTORIES\=NO
    export XCODE_APP_SUPPORT_DIR\=/Applications/Xcode.app/Contents/Developer/Library/Xcode
    export XCODE_PRODUCT_BUILD_VERSION\=17E202
    export XCODE_VERSION_ACTUAL\=2641
    export XCODE_VERSION_MAJOR\=2600
    export XCODE_VERSION_MINOR\=2640
    export XPCSERVICES_FOLDER_PATH\=/XPCServices
    export YACC\=yacc
    export _DISCOVER_COMMAND_LINE_LINKER_INPUTS\=YES
    export _DISCOVER_COMMAND_LINE_LINKER_INPUTS_INCLUDE_WL\=YES
    export _LD_MULTIARCH\=YES
    export __DIAGNOSE_DEPRECATED_ARCHS\=YES
    export __ORIGINAL_SDK_DEFINED_LLVM_TARGET_TRIPLE_SYS\=ios
    export arch\=undefined_arch
    export variant\=normal
    /bin/sh -c /Users/tavishagarwal/Library/Developer/Xcode/DerivedData/Vybe-eypqtupuvqzwmybaqlzhbqpdfpou/Build/Intermediates.noindex/Pods.build/Debug-iphonesimulator/ReactNativeDependencies.build/Script-46EB2E000416A0.sh
Node found at: /usr/local/bin/node
No previous build detected, but Debug Configuration. No need to replace RNDeps

ProcessInfoPlistFile /Users/tavishagarwal/Library/Developer/Xcode/DerivedData/Vybe-eypqtupuvqzwmybaqlzhbqpdfpou/Build/Products/Debug-iphonesimulator/lottie-ios/LottiePrivacyInfo.bundle/Info.plist /Users/tavishagarwal/Desktop/Vybe/ios/Pods/Target\ Support\ Files/lottie-ios/ResourceBundle-LottiePrivacyInfo-lottie-ios-Info.plist (in target 'lottie-ios-LottiePrivacyInfo' from project 'Pods')
    cd /Users/tavishagarwal/Desktop/Vybe/ios/Pods
    builtin-infoPlistUtility /Users/tavishagarwal/Desktop/Vybe/ios/Pods/Target\ Support\ Files/lottie-ios/ResourceBundle-LottiePrivacyInfo-lottie-ios-Info.plist -producttype com.apple.product-type.bundle -expandbuildsettings -format binary -platform iphonesimulator -o /Users/tavishagarwal/Library/Developer/Xcode/DerivedData/Vybe-eypqtupuvqzwmybaqlzhbqpdfpou/Build/Products/Debug-iphonesimulator/lottie-ios/LottiePrivacyInfo.bundle/Info.plist

ProcessInfoPlistFile /Users/tavishagarwal/Library/Developer/Xcode/DerivedData/Vybe-eypqtupuvqzwmybaqlzhbqpdfpou/Build/Products/Debug-iphonesimulator/Sentry/Sentry.bundle/Info.plist /Users/tavishagarwal/Desktop/Vybe/ios/Pods/Target\ Support\ Files/Sentry/ResourceBundle-Sentry-Sentry-Info.plist (in target 'Sentry-Sentry' from project 'Pods')
    cd /Users/tavishagarwal/Desktop/Vybe/ios/Pods
    builtin-infoPlistUtility /Users/tavishagarwal/Desktop/Vybe/ios/Pods/Target\ Support\ Files/Sentry/ResourceBundle-Sentry-Sentry-Info.plist -producttype com.apple.product-type.bundle -expandbuildsettings -format binary -platform iphonesimulator -o /Users/tavishagarwal/Library/Developer/Xcode/DerivedData/Vybe-eypqtupuvqzwmybaqlzhbqpdfpou/Build/Products/Debug-iphonesimulator/Sentry/Sentry.bundle/Info.plist

ProcessInfoPlistFile /Users/tavishagarwal/Library/Developer/Xcode/DerivedData/Vybe-eypqtupuvqzwmybaqlzhbqpdfpou/Build/Products/Debug-iphonesimulator/SDWebImage/SDWebImage.bundle/Info.plist /Users/tavishagarwal/Desktop/Vybe/ios/Pods/Target\ Support\ Files/SDWebImage/ResourceBundle-SDWebImage-SDWebImage-Info.plist (in target 'SDWebImage-SDWebImage' from project 'Pods')
    cd /Users/tavishagarwal/Desktop/Vybe/ios/Pods
    builtin-infoPlistUtility /Users/tavishagarwal/Desktop/Vybe/ios/Pods/Target\ Support\ Files/SDWebImage/ResourceBundle-SDWebImage-SDWebImage-Info.plist -producttype com.apple.product-type.bundle -expandbuildsettings -format binary -platform iphonesimulator -o /Users/tavishagarwal/Library/Developer/Xcode/DerivedData/Vybe-eypqtupuvqzwmybaqlzhbqpdfpou/Build/Products/Debug-iphonesimulator/SDWebImage/SDWebImage.bundle/Info.plist

ProcessInfoPlistFile /Users/tavishagarwal/Library/Developer/Xcode/DerivedData/Vybe-eypqtupuvqzwmybaqlzhbqpdfpou/Build/Products/Debug-iphonesimulator/React-cxxreact/React-cxxreact_privacy.bundle/Info.plist /Users/tavishagarwal/Desktop/Vybe/ios/Pods/Target\ Support\ Files/React-cxxreact/ResourceBundle-React-cxxreact_privacy-React-cxxreact-Info.plist (in target 'React-cxxreact-React-cxxreact_privacy' from project 'Pods')
    cd /Users/tavishagarwal/Desktop/Vybe/ios/Pods
    builtin-infoPlistUtility /Users/tavishagarwal/Desktop/Vybe/ios/Pods/Target\ Support\ Files/React-cxxreact/ResourceBundle-React-cxxreact_privacy-React-cxxreact-Info.plist -producttype com.apple.product-type.bundle -expandbuildsettings -format binary -platform iphonesimulator -o /Users/tavishagarwal/Library/Developer/Xcode/DerivedData/Vybe-eypqtupuvqzwmybaqlzhbqpdfpou/Build/Products/Debug-iphonesimulator/React-cxxreact/React-cxxreact_privacy.bundle/Info.plist

ProcessInfoPlistFile /Users/tavishagarwal/Library/Developer/Xcode/DerivedData/Vybe-eypqtupuvqzwmybaqlzhbqpdfpou/Build/Products/Debug-iphonesimulator/PurchasesHybridCommon/PurchasesHybridCommon.bundle/Info.plist /Users/tavishagarwal/Desktop/Vybe/ios/Pods/Target\ Support\ Files/PurchasesHybridCommon/ResourceBundle-PurchasesHybridCommon-PurchasesHybridCommon-Info.plist (in target 'PurchasesHybridCommon-PurchasesHybridCommon' from project 'Pods')
    cd /Users/tavishagarwal/Desktop/Vybe/ios/Pods
    builtin-infoPlistUtility /Users/tavishagarwal/Desktop/Vybe/ios/Pods/Target\ Support\ Files/PurchasesHybridCommon/ResourceBundle-PurchasesHybridCommon-PurchasesHybridCommon-Info.plist -producttype com.apple.product-type.bundle -expandbuildsettings -format binary -platform iphonesimulator -o /Users/tavishagarwal/Library/Developer/Xcode/DerivedData/Vybe-eypqtupuvqzwmybaqlzhbqpdfpou/Build/Products/Debug-iphonesimulator/PurchasesHybridCommon/PurchasesHybridCommon.bundle/Info.plist

ProcessInfoPlistFile /Users/tavishagarwal/Library/Developer/Xcode/DerivedData/Vybe-eypqtupuvqzwmybaqlzhbqpdfpou/Build/Products/Debug-iphonesimulator/ExpoNotifications/ExpoNotifications_privacy.bundle/Info.plist /Users/tavishagarwal/Desktop/Vybe/ios/Pods/Target\ Support\ Files/ExpoNotifications/ResourceBundle-ExpoNotifications_privacy-ExpoNotifications-Info.plist (in target 'ExpoNotifications-ExpoNotifications_privacy' from project 'Pods')
    cd /Users/tavishagarwal/Desktop/Vybe/ios/Pods
    builtin-infoPlistUtility /Users/tavishagarwal/Desktop/Vybe/ios/Pods/Target\ Support\ Files/ExpoNotifications/ResourceBundle-ExpoNotifications_privacy-ExpoNotifications-Info.plist -producttype com.apple.product-type.bundle -expandbuildsettings -format binary -platform iphonesimulator -o /Users/tavishagarwal/Library/Developer/Xcode/DerivedData/Vybe-eypqtupuvqzwmybaqlzhbqpdfpou/Build/Products/Debug-iphonesimulator/ExpoNotifications/ExpoNotifications_privacy.bundle/Info.plist

ProcessInfoPlistFile /Users/tavishagarwal/Library/Developer/Xcode/DerivedData/Vybe-eypqtupuvqzwmybaqlzhbqpdfpou/Build/Products/Debug-iphonesimulator/EXConstants/ExpoConstants_privacy.bundle/Info.plist /Users/tavishagarwal/Desktop/Vybe/ios/Pods/Target\ Support\ Files/EXConstants/ResourceBundle-ExpoConstants_privacy-EXConstants-Info.plist (in target 'EXConstants-ExpoConstants_privacy' from project 'Pods')
    cd /Users/tavishagarwal/Desktop/Vybe/ios/Pods
    builtin-infoPlistUtility /Users/tavishagarwal/Desktop/Vybe/ios/Pods/Target\ Support\ Files/EXConstants/ResourceBundle-ExpoConstants_privacy-EXConstants-Info.plist -producttype com.apple.product-type.bundle -expandbuildsettings -format binary -platform iphonesimulator -o /Users/tavishagarwal/Library/Developer/Xcode/DerivedData/Vybe-eypqtupuvqzwmybaqlzhbqpdfpou/Build/Products/Debug-iphonesimulator/EXConstants/ExpoConstants_privacy.bundle/Info.plist

ProcessInfoPlistFile /Users/tavishagarwal/Library/Developer/Xcode/DerivedData/Vybe-eypqtupuvqzwmybaqlzhbqpdfpou/Build/Products/Debug-iphonesimulator/EXConstants/EXConstants.bundle/Info.plist /Users/tavishagarwal/Desktop/Vybe/ios/Pods/Target\ Support\ Files/EXConstants/ResourceBundle-EXConstants-EXConstants-Info.plist (in target 'EXConstants-EXConstants' from project 'Pods')
    cd /Users/tavishagarwal/Desktop/Vybe/ios/Pods
    builtin-infoPlistUtility /Users/tavishagarwal/Desktop/Vybe/ios/Pods/Target\ Support\ Files/EXConstants/ResourceBundle-EXConstants-EXConstants-Info.plist -producttype com.apple.product-type.bundle -expandbuildsettings -format binary -platform iphonesimulator -o /Users/tavishagarwal/Library/Developer/Xcode/DerivedData/Vybe-eypqtupuvqzwmybaqlzhbqpdfpou/Build/Products/Debug-iphonesimulator/EXConstants/EXConstants.bundle/Info.plist

ProcessInfoPlistFile /Users/tavishagarwal/Library/Developer/Xcode/DerivedData/Vybe-eypqtupuvqzwmybaqlzhbqpdfpou/Build/Products/Debug-iphonesimulator/RevenueCatUI/RevenueCat_RevenueCatUI.bundle/Info.plist /Users/tavishagarwal/Desktop/Vybe/ios/Pods/Target\ Support\ Files/RevenueCatUI/ResourceBundle-RevenueCat_RevenueCatUI-RevenueCatUI-Info.plist (in target 'RevenueCatUI-RevenueCat_RevenueCatUI' from project 'Pods')
    cd /Users/tavishagarwal/Desktop/Vybe/ios/Pods
    builtin-infoPlistUtility /Users/tavishagarwal/Desktop/Vybe/ios/Pods/Target\ Support\ Files/RevenueCatUI/ResourceBundle-RevenueCat_RevenueCatUI-RevenueCatUI-Info.plist -producttype com.apple.product-type.bundle -expandbuildsettings -format binary -platform iphonesimulator -additionalcontentfile /Users/tavishagarwal/Library/Developer/Xcode/DerivedData/Vybe-eypqtupuvqzwmybaqlzhbqpdfpou/Build/Intermediates.noindex/Pods.build/Debug-iphonesimulator/RevenueCatUI-RevenueCat_RevenueCatUI.build/assetcatalog_generated_info.plist -o /Users/tavishagarwal/Library/Developer/Xcode/DerivedData/Vybe-eypqtupuvqzwmybaqlzhbqpdfpou/Build/Products/Debug-iphonesimulator/RevenueCatUI/RevenueCat_RevenueCatUI.bundle/Info.plist

note: Run script build phase '[CP-User] [RNDeps] Replace React Native Core for the right configuration, if needed' will be run during every build because the option to run the script phase "Based on dependency analysis" is unchecked. (in target 'React-Core-prebuilt' from project 'Pods')
PhaseScriptExecution [CP-User]\ [RNDeps]\ Replace\ React\ Native\ Core\ for\ the\ right\ configuration,\ if\ needed /Users/tavishagarwal/Library/Developer/Xcode/DerivedData/Vybe-eypqtupuvqzwmybaqlzhbqpdfpou/Build/Intermediates.noindex/Pods.build/Debug-iphonesimulator/React-Core-prebuilt.build/Script-46EB2E00041660.sh (in target 'React-Core-prebuilt' from project 'Pods')
    cd /Users/tavishagarwal/Desktop/Vybe/ios/Pods
    export ACTION\=build
    export AD_HOC_CODE_SIGNING_ALLOWED\=YES
    export ALLOW_BUILD_REQUEST_OVERRIDES\=NO
    export ALLOW_TARGET_PLATFORM_SPECIALIZATION\=NO
    export ALTERNATE_GROUP\=staff
    export ALTERNATE_MODE\=u+w,go-w,a+rX
    export ALTERNATE_OWNER\=tavishagarwal
    export ALTERNATIVE_DISTRIBUTION_WEB\=NO
    export ALWAYS_EMBED_SWIFT_STANDARD_LIBRARIES\=NO
    export ALWAYS_SEARCH_USER_PATHS\=NO
    export ALWAYS_USE_SEPARATE_HEADERMAPS\=NO
    export APPLICATION_EXTENSION_API_ONLY\=NO
    export APPLY_RULES_IN_COPY_FILES\=NO
    export APPLY_RULES_IN_COPY_HEADERS\=NO
    export APP_SHORTCUTS_ENABLE_FLEXIBLE_MATCHING\=YES
    export ARCHS\=arm64
    export ARCHS_BASE\=arm64
    export ARCHS_STANDARD\=arm64\ x86_64
    export ARCHS_STANDARD_32_64_BIT\=arm64\ x86_64
    export ARCHS_STANDARD_64_BIT\=arm64\ x86_64
    export ARCHS_STANDARD_INCLUDING_64_BIT\=arm64\ x86_64
    export ARCHS_UNIVERSAL_IPHONE_OS\=arm64\ x86_64
    export ASSETCATALOG_COMPILER_APPICON_NAME\=AppIcon
    export ASSETCATALOG_COMPILER_GLOBAL_ACCENT_COLOR_NAME\=AccentColor
    export ASSETCATALOG_FILTER_FOR_DEVICE_MODEL\=iPhone18,1
    export ASSETCATALOG_FILTER_FOR_DEVICE_OS_VERSION\=26.4.1
    export ASSETCATALOG_FILTER_FOR_THINNING_DEVICE_CONFIGURATION\=iPhone18,1
    export AUTOMATICALLY_MERGE_DEPENDENCIES\=NO
    export AUTOMATION_APPLE_EVENTS\=NO
    export AVAILABLE_PLATFORMS\=android\ appletvos\ appletvsimulator\ driverkit\ freebsd\ iphoneos\ iphonesimulator\ linux\ macosx\ none\ openbsd\ qnx\ watchos\ watchsimulator\ webassembly\ xros\ xrsimulator
    export BUILD_ACTIVE_RESOURCES_ONLY\=YES
    export BUILD_COMPONENTS\=headers\ build
    export BUILD_DIR\=/Users/tavishagarwal/Library/Developer/Xcode/DerivedData/Vybe-eypqtupuvqzwmybaqlzhbqpdfpou/Build/Products
    export BUILD_LIBRARY_FOR_DISTRIBUTION\=NO
    export BUILD_ONLY_KNOWN_LOCALIZATIONS\=NO
    export BUILD_ROOT\=/Users/tavishagarwal/Library/Developer/Xcode/DerivedData/Vybe-eypqtupuvqzwmybaqlzhbqpdfpou/Build/Products
    export BUILD_STYLE\=
    export BUILD_VARIANTS\=normal
    export BUILT_PRODUCTS_DIR\=/Users/tavishagarwal/Library/Developer/Xcode/DerivedData/Vybe-eypqtupuvqzwmybaqlzhbqpdfpou/Build/Products/Debug-iphonesimulator/React-Core-prebuilt
    export BUNDLE_CONTENTS_FOLDER_PATH_deep\=Contents/
    export BUNDLE_EXECUTABLE_FOLDER_NAME_deep\=MacOS
    export BUNDLE_EXTENSIONS_FOLDER_PATH\=Extensions
    export BUNDLE_FORMAT\=shallow
    export BUNDLE_FRAMEWORKS_FOLDER_PATH\=Frameworks
    export BUNDLE_PLUGINS_FOLDER_PATH\=PlugIns
    export BUNDLE_PRIVATE_HEADERS_FOLDER_PATH\=PrivateHeaders
    export BUNDLE_PUBLIC_HEADERS_FOLDER_PATH\=Headers
    export CACHE_ROOT\=/var/folders/_5/9b77vj2s591d31xqz29hj7fw0000gn/C/com.apple.DeveloperTools/26.4.1-17E202/Xcode
    export CCHROOT\=/var/folders/_5/9b77vj2s591d31xqz29hj7fw0000gn/C/com.apple.DeveloperTools/26.4.1-17E202/Xcode
    export CHMOD\=/bin/chmod
    export CHOWN\=chown
    export CLANG_ANALYZER_LOCALIZABILITY_NONLOCALIZED\=YES
    export CLANG_ANALYZER_NONNULL\=YES
    export CLANG_ANALYZER_NUMBER_OBJECT_CONVERSION\=YES_AGGRESSIVE
    export CLANG_CACHE_FINE_GRAINED_OUTPUTS\=YES
    export CLANG_CXX_LANGUAGE_STANDARD\=c++20
    export CLANG_CXX_LIBRARY\=libc++
    export CLANG_ENABLE_EXPLICIT_MODULES\=YES
    export CLANG_ENABLE_MODULES\=YES
    export CLANG_ENABLE_OBJC_ARC\=YES
    export CLANG_ENABLE_OBJC_WEAK\=NO
    export CLANG_MODULES_BUILD_SESSION_FILE\=/Users/tavishagarwal/Library/Developer/Xcode/DerivedData/ModuleCache.noindex/Session.modulevalidation
    export CLANG_WARN_BLOCK_CAPTURE_AUTORELEASING\=YES
    export CLANG_WARN_BOOL_CONVERSION\=YES
    export CLANG_WARN_COMMA\=YES
    export CLANG_WARN_CONSTANT_CONVERSION\=YES
    export CLANG_WARN_DEPRECATED_OBJC_IMPLEMENTATIONS\=YES
    export CLANG_WARN_DIRECT_OBJC_ISA_USAGE\=YES_ERROR
    export CLANG_WARN_DOCUMENTATION_COMMENTS\=YES
    export CLANG_WARN_EMPTY_BODY\=YES
    export CLANG_WARN_ENUM_CONVERSION\=YES
    export CLANG_WARN_INFINITE_RECURSION\=YES
    export CLANG_WARN_INT_CONVERSION\=YES
    export CLANG_WARN_NON_LITERAL_NULL_CONVERSION\=YES
    export CLANG_WARN_OBJC_IMPLICIT_RETAIN_SELF\=YES
    export CLANG_WARN_OBJC_LITERAL_CONVERSION\=YES
    export CLANG_WARN_OBJC_ROOT_CLASS\=YES_ERROR
    export CLANG_WARN_QUOTED_INCLUDE_IN_FRAMEWORK_HEADER\=NO
    export CLANG_WARN_RANGE_LOOP_ANALYSIS\=YES
    export CLANG_WARN_STRICT_PROTOTYPES\=YES
    export CLANG_WARN_SUSPICIOUS_MOVE\=YES
    export CLANG_WARN_UNGUARDED_AVAILABILITY\=YES_AGGRESSIVE
    export CLANG_WARN_UNREACHABLE_CODE\=YES
    export CLANG_WARN__DUPLICATE_METHOD_MATCH\=YES
    export CLASS_FILE_DIR\=/Users/tavishagarwal/Library/Developer/Xcode/DerivedData/Vybe-eypqtupuvqzwmybaqlzhbqpdfpou/Build/Intermediates.noindex/Pods.build/Debug-iphonesimulator/React-Core-prebuilt.build/JavaClasses
    export CLEAN_PRECOMPS\=YES
    export CLONE_HEADERS\=NO
    export CODESIGNING_FOLDER_PATH\=/Users/tavishagarwal/Library/Developer/Xcode/DerivedData/Vybe-eypqtupuvqzwmybaqlzhbqpdfpou/Build/Products/Debug-iphonesimulator/React-Core-prebuilt/
    export CODE_SIGNING_ALLOWED\=NO
    export CODE_SIGNING_REQUIRED\=YES
    export CODE_SIGN_CONTEXT_CLASS\=XCiPhoneSimulatorCodeSignContext
    export CODE_SIGN_IDENTITY\=-
    export CODE_SIGN_INJECT_BASE_ENTITLEMENTS\=YES
    export COLOR_DIAGNOSTICS\=NO
    export COMBINE_HIDPI_IMAGES\=NO
    export COMPILATION_CACHE_CAS_PATH\=/Users/tavishagarwal/Library/Developer/Xcode/DerivedData/CompilationCache.noindex
    export COMPILATION_CACHE_KEEP_CAS_DIRECTORY\=YES
    export COMPILER_INDEX_STORE_ENABLE\=Default
    export COMPOSITE_SDK_DIRS\=/Users/tavishagarwal/Library/Developer/Xcode/DerivedData/Vybe-eypqtupuvqzwmybaqlzhbqpdfpou/Build/Intermediates.noindex/CompositeSDKs
    export COMPRESS_PNG_FILES\=YES
    export CONFIGURATION\=Debug
    export CONFIGURATION_BUILD_DIR\=/Users/tavishagarwal/Library/Developer/Xcode/DerivedData/Vybe-eypqtupuvqzwmybaqlzhbqpdfpou/Build/Products/Debug-iphonesimulator/React-Core-prebuilt
    export CONFIGURATION_TEMP_DIR\=/Users/tavishagarwal/Library/Developer/Xcode/DerivedData/Vybe-eypqtupuvqzwmybaqlzhbqpdfpou/Build/Intermediates.noindex/Pods.build/Debug-iphonesimulator
    export COPYING_PRESERVES_HFS_DATA\=NO
    export COPY_HEADERS_RUN_UNIFDEF\=NO
    export COPY_PHASE_STRIP\=NO
    export CORRESPONDING_DEVICE_PLATFORM_DIR\=/Applications/Xcode.app/Contents/Developer/Platforms/iPhoneOS.platform
    export CORRESPONDING_DEVICE_PLATFORM_NAME\=iphoneos
    export CORRESPONDING_DEVICE_SDK_DIR\=/Applications/Xcode.app/Contents/Developer/Platforms/iPhoneOS.platform/Developer/SDKs/iPhoneOS26.4.sdk
    export CORRESPONDING_DEVICE_SDK_NAME\=iphoneos26.4
    export CP\=/bin/cp
    export CREATE_INFOPLIST_SECTION_IN_BINARY\=NO
    export CURRENT_ARCH\=undefined_arch
    export CURRENT_VARIANT\=normal
    export DEAD_CODE_STRIPPING\=YES
    export DEBUGGING_SYMBOLS\=YES
    export DEBUG_INFORMATION_FORMAT\=dwarf
    export DEBUG_INFORMATION_VERSION\=compiler-default
    export DEFAULT_COMPILER\=com.apple.compilers.llvm.clang.1_0
    export DEFAULT_DEXT_INSTALL_PATH\=/System/Library/DriverExtensions
    export DEFAULT_KEXT_INSTALL_PATH\=/System/Library/Extensions
    export DEFINES_MODULE\=NO
    export DEPLOYMENT_LOCATION\=NO
    export DEPLOYMENT_POSTPROCESSING\=NO
    export DEPLOYMENT_TARGET_SETTING_NAME\=IPHONEOS_DEPLOYMENT_TARGET
    export DEPLOYMENT_TARGET_SUGGESTED_VALUES\=12.0\ 12.1\ 12.2\ 12.3\ 12.4\ 13.0\ 13.1\ 13.2\ 13.3\ 13.4\ 13.5\ 13.6\ 14.0\ 14.1\ 14.2\ 14.3\ 14.4\ 14.5\ 14.6\ 14.7\ 15.0\ 15.1\ 15.2\ 15.3\ 15.4\ 15.5\ 15.6\ 16.0\ 16.1\ 16.2\ 16.3\ 16.4\ 16.5\ 16.6\ 17.0\ 17.1\ 17.2\ 17.3\ 17.4\ 17.5\ 17.6\ 18.0\ 18.1\ 18.2\ 18.3\ 18.4\ 18.5\ 18.6\ 26.0\ 26.2\ 26.3\ 26.4
    export DERIVED_FILES_DIR\=/Users/tavishagarwal/Library/Developer/Xcode/DerivedData/Vybe-eypqtupuvqzwmybaqlzhbqpdfpou/Build/Intermediates.noindex/Pods.build/Debug-iphonesimulator/React-Core-prebuilt.build/DerivedSources
    export DERIVED_FILE_DIR\=/Users/tavishagarwal/Library/Developer/Xcode/DerivedData/Vybe-eypqtupuvqzwmybaqlzhbqpdfpou/Build/Intermediates.noindex/Pods.build/Debug-iphonesimulator/React-Core-prebuilt.build/DerivedSources
    export DERIVED_SOURCES_DIR\=/Users/tavishagarwal/Library/Developer/Xcode/DerivedData/Vybe-eypqtupuvqzwmybaqlzhbqpdfpou/Build/Intermediates.noindex/Pods.build/Debug-iphonesimulator/React-Core-prebuilt.build/DerivedSources
    export DEVELOPER_APPLICATIONS_DIR\=/Applications/Xcode.app/Contents/Developer/Applications
    export DEVELOPER_BIN_DIR\=/Applications/Xcode.app/Contents/Developer/usr/bin
    export DEVELOPER_DIR\=/Applications/Xcode.app/Contents/Developer
    export DEVELOPER_FRAMEWORKS_DIR\=/Applications/Xcode.app/Contents/Developer/Library/Frameworks
    export DEVELOPER_FRAMEWORKS_DIR_QUOTED\=/Applications/Xcode.app/Contents/Developer/Library/Frameworks
    export DEVELOPER_LIBRARY_DIR\=/Applications/Xcode.app/Contents/Developer/Library
    export DEVELOPER_SDK_DIR\=/Applications/Xcode.app/Contents/Developer/Platforms/MacOSX.platform/Developer/SDKs
    export DEVELOPER_TOOLS_DIR\=/Applications/Xcode.app/Contents/Developer/Tools
    export DEVELOPER_USR_DIR\=/Applications/Xcode.app/Contents/Developer/usr
    export DEVELOPMENT_LANGUAGE\=en
    export DIAGNOSE_MISSING_TARGET_DEPENDENCIES\=YES
    export DIFF\=/usr/bin/diff
    export DONT_GENERATE_INFOPLIST_FILE\=NO
    export DSTROOT\=/tmp/Pods.dst
    export DT_TOOLCHAIN_DIR\=/Applications/Xcode.app/Contents/Developer/Toolchains/XcodeDefault.xctoolchain
    export DUMP_DEPENDENCIES\=NO
    export DUMP_DEPENDENCIES_OUTPUT_PATH\=/Users/tavishagarwal/Library/Developer/Xcode/DerivedData/Vybe-eypqtupuvqzwmybaqlzhbqpdfpou/Build/Intermediates.noindex/Pods.build/Debug-iphonesimulator/React-Core-prebuilt.build/React-Core-prebuilt-BuildDependencyInfo.json
    export DWARF_DSYM_FILE_NAME\=.dSYM
    export DWARF_DSYM_FILE_SHOULD_ACCOMPANY_PRODUCT\=NO
    export DWARF_DSYM_FOLDER_PATH\=/Users/tavishagarwal/Library/Developer/Xcode/DerivedData/Vybe-eypqtupuvqzwmybaqlzhbqpdfpou/Build/Products/Debug-iphonesimulator/React-Core-prebuilt
    export DYNAMIC_LIBRARY_EXTENSION\=dylib
    export EAGER_COMPILATION_ALLOW_SCRIPTS\=NO
    export EAGER_LINKING\=NO
    export EFFECTIVE_PLATFORM_NAME\=-iphonesimulator
    export EFFECTIVE_SWIFT_VERSION\=5
    export EMBEDDED_CONTENT_CONTAINS_SWIFT\=NO
    export EMBED_ASSET_PACKS_IN_PRODUCT_BUNDLE\=NO
    export ENABLE_APP_SANDBOX\=NO
    export ENABLE_CODE_COVERAGE\=YES
    export ENABLE_COHORT_ARCHS\=NO
    export ENABLE_CPLUSPLUS_BOUNDS_SAFE_BUFFERS\=NO
    export ENABLE_C_BOUNDS_SAFETY\=NO
    export ENABLE_DEFAULT_HEADER_SEARCH_PATHS\=YES
    export ENABLE_DEFAULT_SEARCH_PATHS\=YES
    export ENABLE_ENHANCED_SECURITY\=NO
    export ENABLE_HARDENED_RUNTIME\=NO
    export ENABLE_HEADER_DEPENDENCIES\=YES
    export ENABLE_INCOMING_NETWORK_CONNECTIONS\=NO
    export ENABLE_ON_DEMAND_RESOURCES\=NO
    export ENABLE_OUTGOING_NETWORK_CONNECTIONS\=NO
    export ENABLE_POINTER_AUTHENTICATION\=NO
    export ENABLE_PREVIEWS\=NO
    export ENABLE_RESOURCE_ACCESS_AUDIO_INPUT\=NO
    export ENABLE_RESOURCE_ACCESS_BLUETOOTH\=NO
    export ENABLE_RESOURCE_ACCESS_CALENDARS\=NO
    export ENABLE_RESOURCE_ACCESS_CAMERA\=NO
    export ENABLE_RESOURCE_ACCESS_CONTACTS\=NO
    export ENABLE_RESOURCE_ACCESS_LOCATION\=NO
    export ENABLE_RESOURCE_ACCESS_PHOTO_LIBRARY\=NO
    export ENABLE_RESOURCE_ACCESS_PRINTING\=NO
    export ENABLE_RESOURCE_ACCESS_USB\=NO
    export ENABLE_SDK_IMPORTS\=NO
    export ENABLE_SECURITY_COMPILER_WARNINGS\=NO
    export ENABLE_STRICT_OBJC_MSGSEND\=YES
    export ENABLE_TESTABILITY\=YES
    export ENABLE_TESTING_SEARCH_PATHS\=NO
    export ENABLE_USER_SCRIPT_SANDBOXING\=NO
    export ENABLE_XOJIT_PREVIEWS\=YES
    export ENFORCE_VALID_ARCHS\=YES
    export ENTITLEMENTS_DESTINATION\=__entitlements
    export ENTITLEMENTS_REQUIRED\=YES
    export EXCLUDED_INSTALLSRC_SUBDIRECTORY_PATTERNS\=.DS_Store\ .svn\ .git\ .hg\ CVS
    export EXCLUDED_RECURSIVE_SEARCH_PATH_SUBDIRECTORIES\=\*.nib\ \*.lproj\ \*.framework\ \*.gch\ \*.xcode\*\ \*.xcassets\ \*.icon\ \(\*\)\ .DS_Store\ CVS\ .svn\ .git\ .hg\ \*.pbproj\ \*.pbxproj
    export FILE_LIST\=/Users/tavishagarwal/Library/Developer/Xcode/DerivedData/Vybe-eypqtupuvqzwmybaqlzhbqpdfpou/Build/Intermediates.noindex/Pods.build/Debug-iphonesimulator/React-Core-prebuilt.build/Objects/LinkFileList
    export FIXED_FILES_DIR\=/Users/tavishagarwal/Library/Developer/Xcode/DerivedData/Vybe-eypqtupuvqzwmybaqlzhbqpdfpou/Build/Intermediates.noindex/Pods.build/Debug-iphonesimulator/React-Core-prebuilt.build/FixedFiles
    export FRAMEWORK_SEARCH_PATHS\=\ \"/Users/tavishagarwal/Desktop/Vybe/ios/Pods/React-Core-prebuilt\"\ \"/Users/tavishagarwal/Desktop/Vybe/ios/Pods/ReactNativeDependencies/framework/packages/react-native\"\ \"/Users/tavishagarwal/Library/Developer/Xcode/DerivedData/Vybe-eypqtupuvqzwmybaqlzhbqpdfpou/Build/Products/Debug-iphonesimulator/XCFrameworkIntermediates/React-Core-prebuilt\"\ \"/Users/tavishagarwal/Library/Developer/Xcode/DerivedData/Vybe-eypqtupuvqzwmybaqlzhbqpdfpou/Build/Products/Debug-iphonesimulator/XCFrameworkIntermediates/ReactNativeDependencies\"
    export FRAMEWORK_VERSION\=A
    export FUSE_BUILD_PHASES\=YES
    export FUSE_BUILD_SCRIPT_PHASES\=NO
    export GCC3_VERSION\=3.3
    export GCC_C_LANGUAGE_STANDARD\=gnu11
    export GCC_DYNAMIC_NO_PIC\=NO
    export GCC_NO_COMMON_BLOCKS\=YES
    export GCC_OBJC_LEGACY_DISPATCH\=YES
    export GCC_OPTIMIZATION_LEVEL\=0
    export GCC_PFE_FILE_C_DIALECTS\=c\ objective-c\ c++\ objective-c++
    export GCC_PREPROCESSOR_DEFINITIONS\=POD_CONFIGURATION_DEBUG\=1\ DEBUG\=1\ \ COCOAPODS\=1
    export GCC_TREAT_WARNINGS_AS_ERRORS\=NO
    export GCC_VERSION\=com.apple.compilers.llvm.clang.1_0
    export GCC_VERSION_IDENTIFIER\=com_apple_compilers_llvm_clang_1_0
    export GCC_WARN_64_TO_32_BIT_CONVERSION\=YES
    export GCC_WARN_ABOUT_RETURN_TYPE\=YES_ERROR
    export GCC_WARN_UNDECLARED_SELECTOR\=YES
    export GCC_WARN_UNINITIALIZED_AUTOS\=YES_AGGRESSIVE
    export GCC_WARN_UNUSED_FUNCTION\=YES
    export GCC_WARN_UNUSED_VARIABLE\=YES
    export GENERATED_MODULEMAP_DIR\=/Users/tavishagarwal/Library/Developer/Xcode/DerivedData/Vybe-eypqtupuvqzwmybaqlzhbqpdfpou/Build/Intermediates.noindex/GeneratedModuleMaps-iphonesimulator
    export GENERATE_INFOPLIST_FILE\=NO
    export GENERATE_INTERMEDIATE_TEXT_BASED_STUBS\=YES
    export GENERATE_PKGINFO_FILE\=NO
    export GENERATE_PRELINK_OBJECT_FILE\=NO
    export GENERATE_PROFILING_CODE\=NO
    export GENERATE_TEXT_BASED_STUBS\=NO
    export GID\=20
    export GROUP\=staff
    export HEADERMAP_INCLUDES_FLAT_ENTRIES_FOR_TARGET_BEING_BUILT\=YES
    export HEADERMAP_INCLUDES_FRAMEWORK_ENTRIES_FOR_ALL_PRODUCT_TYPES\=YES
    export HEADERMAP_INCLUDES_FRAMEWORK_ENTRIES_FOR_TARGETS_NOT_BEING_BUILT\=YES
    export HEADERMAP_INCLUDES_NONPUBLIC_NONPRIVATE_HEADERS\=YES
    export HEADERMAP_INCLUDES_PROJECT_HEADERS\=YES
    export HEADERMAP_USES_FRAMEWORK_PREFIX_ENTRIES\=YES
    export HEADERMAP_USES_VFS\=NO
    export HEADER_SEARCH_PATHS\=\ \"/Users/tavishagarwal/Desktop/Vybe/ios/Pods/Headers/Private\"\ \"/Users/tavishagarwal/Desktop/Vybe/ios/Pods/Headers/Private/React-Core-prebuilt\"\ \"/Users/tavishagarwal/Desktop/Vybe/ios/Pods/Headers/Public\"\ \"/Users/tavishagarwal/Desktop/Vybe/ios/Pods/Headers/Public/React-Core-prebuilt\"\ \"/Users/tavishagarwal/Desktop/Vybe/ios/Pods/Headers/Public/ReactNativeDependencies\"\ /Users/tavishagarwal/Desktop/Vybe/ios/Pods/ReactNativeDependencies
    export HOME\=/Users/tavishagarwal
    export HOST_ARCH\=arm64
    export HOST_PLATFORM\=macosx
    export ICONV\=/usr/bin/iconv
    export IMPLICIT_DEPENDENCY_DOMAIN\=default
    export INDEX_STORE_COMPRESS\=NO
    export INDEX_STORE_ONLY_PROJECT_FILES\=NO
    export INFOPLIST_ENABLE_CFBUNDLEICONS_MERGE\=YES
    export INFOPLIST_EXPAND_BUILD_SETTINGS\=YES
    export INFOPLIST_OUTPUT_FORMAT\=binary
    export INFOPLIST_PREPROCESS\=NO
    export INLINE_PRIVATE_FRAMEWORKS\=NO
    export INSTALLAPI_IGNORE_SKIP_INSTALL\=YES
    export INSTALLHDRS_COPY_PHASE\=NO
    export INSTALLHDRS_SCRIPT_PHASE\=NO
    export INSTALL_DIR\=/tmp/Pods.dst
    export INSTALL_GROUP\=staff
    export INSTALL_MODE_FLAG\=u+w,go-w,a+rX
    export INSTALL_OWNER\=tavishagarwal
    export INSTALL_ROOT\=/tmp/Pods.dst
    export IPHONEOS_DEPLOYMENT_TARGET\=15.1
    export IS_UNOPTIMIZED_BUILD\=YES
    export JAVAC_DEFAULT_FLAGS\=-J-Xms64m\ -J-XX:NewSize\=4M\ -J-Dfile.encoding\=UTF8
    export JAVA_APP_STUB\=/System/Library/Frameworks/JavaVM.framework/Resources/MacOS/JavaApplicationStub
    export JAVA_ARCHIVE_CLASSES\=YES
    export JAVA_ARCHIVE_TYPE\=JAR
    export JAVA_COMPILER\=/usr/bin/javac
    export JAVA_FRAMEWORK_RESOURCES_DIRS\=Resources
    export JAVA_JAR_FLAGS\=cv
    export JAVA_SOURCE_SUBDIR\=.
    export JAVA_USE_DEPENDENCIES\=YES
    export JAVA_ZIP_FLAGS\=-urg
    export JIKES_DEFAULT_FLAGS\=+E\ +OLDCSO
    export KEEP_PRIVATE_EXTERNS\=NO
    export LD_DEPENDENCY_INFO_FILE\=/Users/tavishagarwal/Library/Developer/Xcode/DerivedData/Vybe-eypqtupuvqzwmybaqlzhbqpdfpou/Build/Intermediates.noindex/Pods.build/Debug-iphonesimulator/React-Core-prebuilt.build/Objects-normal/undefined_arch/React-Core-prebuilt_dependency_info.dat
    export LD_EXPORT_SYMBOLS\=YES
    export LD_GENERATE_MAP_FILE\=NO
    export LD_MAP_FILE_PATH\=/Users/tavishagarwal/Library/Developer/Xcode/DerivedData/Vybe-eypqtupuvqzwmybaqlzhbqpdfpou/Build/Intermediates.noindex/Pods.build/Debug-iphonesimulator/React-Core-prebuilt.build/React-Core-prebuilt-LinkMap-normal-undefined_arch.txt
    export LD_NO_PIE\=NO
    export LD_QUOTE_LINKER_ARGUMENTS_FOR_COMPILER_DRIVER\=YES
    export LD_RUNPATH_SEARCH_PATHS\=\ @executable_path/Frameworks
    export LD_SHARED_CACHE_ELIGIBLE\=Automatic
    export LD_WARN_DUPLICATE_LIBRARIES\=NO
    export LD_WARN_UNUSED_DYLIBS\=NO
    export LEGACY_DEVELOPER_DIR\=/Applications/Xcode.app/Contents/PlugIns/Xcode3Core.ideplugin/Contents/SharedSupport/Developer
    export LEX\=lex
    export LIBRARY_DEXT_INSTALL_PATH\=/Library/DriverExtensions
    export LIBRARY_FLAG_NOSPACE\=YES
    export LIBRARY_KEXT_INSTALL_PATH\=/Library/Extensions
    export LINKER_DISPLAYS_MANGLED_NAMES\=NO
    export LINK_FILE_LIST_normal_arm64\=/Users/tavishagarwal/Library/Developer/Xcode/DerivedData/Vybe-eypqtupuvqzwmybaqlzhbqpdfpou/Build/Intermediates.noindex/Pods.build/Debug-iphonesimulator/React-Core-prebuilt.build/Objects-normal/arm64/React-Core-prebuilt.LinkFileList
    export LINK_OBJC_RUNTIME\=YES
    export LINK_WITH_STANDARD_LIBRARIES\=YES
    export LLVM_TARGET_TRIPLE_OS_VERSION\=ios15.1
    export LLVM_TARGET_TRIPLE_SUFFIX\=-simulator
    export LLVM_TARGET_TRIPLE_VENDOR\=apple
    export LM_AUX_CONST_METADATA_LIST_PATH_normal_arm64\=/Users/tavishagarwal/Library/Developer/Xcode/DerivedData/Vybe-eypqtupuvqzwmybaqlzhbqpdfpou/Build/Intermediates.noindex/Pods.build/Debug-iphonesimulator/React-Core-prebuilt.build/Objects-normal/arm64/React-Core-prebuilt.SwiftConstValuesFileList
    export LOCALIZATION_EXPORT_SUPPORTED\=YES
    export LOCALIZATION_PREFERS_STRING_CATALOGS\=NO
    export LOCALIZED_STRING_CODE_COMMENTS\=NO
    export LOCALIZED_STRING_MACRO_NAMES\=NSLocalizedString\ CFCopyLocalizedString
    export LOCALIZED_STRING_SWIFTUI_SUPPORT\=YES
    export LOCAL_ADMIN_APPS_DIR\=/Applications/Utilities
    export LOCAL_APPS_DIR\=/Applications
    export LOCAL_DEVELOPER_DIR\=/Library/Developer
    export LOCAL_LIBRARY_DIR\=/Library
    export LOCROOT\=/Users/tavishagarwal/Desktop/Vybe/ios/Pods
    export LOCSYMROOT\=/Users/tavishagarwal/Desktop/Vybe/ios/Pods
    export MAC_OS_X_PRODUCT_BUILD_VERSION\=25E253
    export MAC_OS_X_VERSION_ACTUAL\=260401
    export MAC_OS_X_VERSION_MAJOR\=260000
    export MAC_OS_X_VERSION_MINOR\=260400
    export MAKE_MERGEABLE\=NO
    export MERGEABLE_LIBRARY\=NO
    export MERGED_BINARY_TYPE\=none
    export MERGE_LINKED_LIBRARIES\=NO
    export METAL_LIBRARY_FILE_BASE\=default
    export METAL_LIBRARY_OUTPUT_DIR\=/Users/tavishagarwal/Library/Developer/Xcode/DerivedData/Vybe-eypqtupuvqzwmybaqlzhbqpdfpou/Build/Products/Debug-iphonesimulator/React-Core-prebuilt/
    export MODULE_CACHE_DIR\=/Users/tavishagarwal/Library/Developer/Xcode/DerivedData/ModuleCache.noindex
    export MTL_ENABLE_DEBUG_INFO\=INCLUDE_SOURCE
    export MTL_FAST_MATH\=YES
    export NATIVE_ARCH\=arm64
    export NATIVE_ARCH_32_BIT\=arm
    export NATIVE_ARCH_64_BIT\=arm64
    export NATIVE_ARCH_ACTUAL\=arm64
    export NO_COMMON\=YES
    export OBJC_ABI_VERSION\=2
    export OBJECT_FILE_DIR\=/Users/tavishagarwal/Library/Developer/Xcode/DerivedData/Vybe-eypqtupuvqzwmybaqlzhbqpdfpou/Build/Intermediates.noindex/Pods.build/Debug-iphonesimulator/React-Core-prebuilt.build/Objects
    export OBJECT_FILE_DIR_normal\=/Users/tavishagarwal/Library/Developer/Xcode/DerivedData/Vybe-eypqtupuvqzwmybaqlzhbqpdfpou/Build/Intermediates.noindex/Pods.build/Debug-iphonesimulator/React-Core-prebuilt.build/Objects-normal
    export OBJROOT\=/Users/tavishagarwal/Library/Developer/Xcode/DerivedData/Vybe-eypqtupuvqzwmybaqlzhbqpdfpou/Build/Intermediates.noindex
    export ONLY_ACTIVE_ARCH\=YES
    export OS\=MACOS
    export OSAC\=/usr/bin/osacompile
    export OTHER_CPLUSPLUSFLAGS\=\ -DRCT_NEW_ARCH_ENABLED\=1\ \ 
    export PASCAL_STRINGS\=YES
    export PATH\=/Applications/Xcode.app/Contents/SharedFrameworks/SwiftBuild.framework/Versions/A/PlugIns/SWBBuildService.bundle/Contents/PlugIns/SWBUniversalPlatformPlugin.bundle/Contents/Frameworks/SWBUniversalPlatform.framework/Resources:/Applications/Xcode.app/Contents/Developer/Toolchains/XcodeDefault.xctoolchain/usr/bin:/Applications/Xcode.app/Contents/Developer/Toolchains/XcodeDefault.xctoolchain/usr/local/bin:/Applications/Xcode.app/Contents/Developer/Toolchains/XcodeDefault.xctoolchain/usr/libexec:/Applications/Xcode.app/Contents/Developer/Platforms/iPhoneSimulator.platform/usr/bin:/Applications/Xcode.app/Contents/Developer/Platforms/iPhoneSimulator.platform/usr/local/bin:/Applications/Xcode.app/Contents/Developer/Platforms/iPhoneSimulator.platform/Developer/usr/bin:/Applications/Xcode.app/Contents/Developer/Platforms/iPhoneSimulator.platform/Developer/usr/local/bin:/Applications/Xcode.app/Contents/Developer/usr/bin:/Applications/Xcode.app/Contents/Developer/usr/local/bin:/Users/tavishagarwal/.antigravity/antigravity/bin:/Users/tavishagarwal/.local/bin:/Users/tavishagarwal/.codeium/windsurf/bin:/opt/homebrew/bin:/opt/homebrew/sbin:/Library/Frameworks/Python.framework/Versions/3.14/bin:/usr/local/bin:/System/Cryptexes/App/usr/bin:/usr/bin:/bin:/usr/sbin:/sbin:/var/run/com.apple.security.cryptexd/codex.system/bootstrap/usr/local/bin:/var/run/com.apple.security.cryptexd/codex.system/bootstrap/usr/bin:/var/run/com.apple.security.cryptexd/codex.system/bootstrap/usr/appleinternal/bin:/opt/pkg/env/active/bin:/opt/pmk/env/global/bin:/Library/Apple/usr/bin:/Library/TeX/texbin:/Users/tavishagarwal/development/flutter/bin:/Users/tavishagarwal/Library/Application\ Support/Code/User/globalStorage/github.copilot-chat/debugCommand
    export PATH_PREFIXES_EXCLUDED_FROM_HEADER_DEPENDENCIES\=/usr/include\ /usr/local/include\ /System/Library/Frameworks\ /System/Library/PrivateFrameworks\ /Applications/Xcode.app/Contents/Developer/Headers\ /Applications/Xcode.app/Contents/Developer/SDKs\ /Applications/Xcode.app/Contents/Developer/Platforms
    export PER_ARCH_MODULE_FILE_DIR\=/Users/tavishagarwal/Library/Developer/Xcode/DerivedData/Vybe-eypqtupuvqzwmybaqlzhbqpdfpou/Build/Intermediates.noindex/Pods.build/Debug-iphonesimulator/React-Core-prebuilt.build/Objects-normal/undefined_arch
    export PER_ARCH_OBJECT_FILE_DIR\=/Users/tavishagarwal/Library/Developer/Xcode/DerivedData/Vybe-eypqtupuvqzwmybaqlzhbqpdfpou/Build/Intermediates.noindex/Pods.build/Debug-iphonesimulator/React-Core-prebuilt.build/Objects-normal/undefined_arch
    export PER_VARIANT_OBJECT_FILE_DIR\=/Users/tavishagarwal/Library/Developer/Xcode/DerivedData/Vybe-eypqtupuvqzwmybaqlzhbqpdfpou/Build/Intermediates.noindex/Pods.build/Debug-iphonesimulator/React-Core-prebuilt.build/Objects-normal
    export PKGINFO_FILE_PATH\=/Users/tavishagarwal/Library/Developer/Xcode/DerivedData/Vybe-eypqtupuvqzwmybaqlzhbqpdfpou/Build/Intermediates.noindex/Pods.build/Debug-iphonesimulator/React-Core-prebuilt.build/PkgInfo
    export PLATFORM_DEVELOPER_APPLICATIONS_DIR\=/Applications/Xcode.app/Contents/Developer/Platforms/iPhoneSimulator.platform/Developer/Applications
    export PLATFORM_DEVELOPER_BIN_DIR\=/Applications/Xcode.app/Contents/Developer/Platforms/iPhoneSimulator.platform/Developer/usr/bin
    export PLATFORM_DEVELOPER_LIBRARY_DIR\=/Applications/Xcode.app/Contents/Developer/Platforms/iPhoneSimulator.platform/Developer/Library
    export PLATFORM_DEVELOPER_SDK_DIR\=/Applications/Xcode.app/Contents/Developer/Platforms/iPhoneSimulator.platform/Developer/SDKs
    export PLATFORM_DEVELOPER_TOOLS_DIR\=/Applications/Xcode.app/Contents/Developer/Platforms/iPhoneSimulator.platform/Developer/Tools
    export PLATFORM_DEVELOPER_USR_DIR\=/Applications/Xcode.app/Contents/Developer/Platforms/iPhoneSimulator.platform/Developer/usr
    export PLATFORM_DIR\=/Applications/Xcode.app/Contents/Developer/Platforms/iPhoneSimulator.platform
    export PLATFORM_DISPLAY_NAME\=iOS\ Simulator
    export PLATFORM_FAMILY_NAME\=iOS
    export PLATFORM_NAME\=iphonesimulator
    export PLATFORM_PREFERRED_ARCH\=x86_64
    export PLATFORM_PRODUCT_BUILD_VERSION\=23E252
    export PLATFORM_REQUIRES_SWIFT_AUTOLINK_EXTRACT\=NO
    export PLATFORM_REQUIRES_SWIFT_MODULEWRAP\=NO
    export PLATFORM_USES_DSYMS\=YES
    export PLIST_FILE_OUTPUT_FORMAT\=binary
    export PODS_BUILD_DIR\=/Users/tavishagarwal/Library/Developer/Xcode/DerivedData/Vybe-eypqtupuvqzwmybaqlzhbqpdfpou/Build/Products
    export PODS_CONFIGURATION_BUILD_DIR\=/Users/tavishagarwal/Library/Developer/Xcode/DerivedData/Vybe-eypqtupuvqzwmybaqlzhbqpdfpou/Build/Products/Debug-iphonesimulator
    export PODS_DEVELOPMENT_LANGUAGE\=en
    export PODS_ROOT\=/Users/tavishagarwal/Desktop/Vybe/ios/Pods
    export PODS_TARGET_SRCROOT\=/Users/tavishagarwal/Desktop/Vybe/ios/Pods/React-Core-prebuilt
    export PODS_XCFRAMEWORKS_BUILD_DIR\=/Users/tavishagarwal/Library/Developer/Xcode/DerivedData/Vybe-eypqtupuvqzwmybaqlzhbqpdfpou/Build/Products/Debug-iphonesimulator/XCFrameworkIntermediates
    export PRECOMPS_INCLUDE_HEADERS_FROM_BUILT_PRODUCTS_DIR\=YES
    export PRECOMP_DESTINATION_DIR\=/Users/tavishagarwal/Library/Developer/Xcode/DerivedData/Vybe-eypqtupuvqzwmybaqlzhbqpdfpou/Build/Intermediates.noindex/Pods.build/Debug-iphonesimulator/React-Core-prebuilt.build/PrefixHeaders
    export PROCESSED_INFOPLIST_PATH\=/Users/tavishagarwal/Library/Developer/Xcode/DerivedData/Vybe-eypqtupuvqzwmybaqlzhbqpdfpou/Build/Intermediates.noindex/Pods.build/Debug-iphonesimulator/React-Core-prebuilt.build/Objects-normal/undefined_arch/Processed-Info.plist
    export PRODUCT_BUNDLE_IDENTIFIER\=org.cocoapods.React-Core-prebuilt
    export PRODUCT_MODULE_NAME\=React_Core_prebuilt
    export PRODUCT_NAME\=React-Core-prebuilt
    export PRODUCT_SETTINGS_PATH\=
    export PROFILING_CODE\=NO
    export PROJECT\=Pods
    export PROJECT_DERIVED_FILE_DIR\=/Users/tavishagarwal/Library/Developer/Xcode/DerivedData/Vybe-eypqtupuvqzwmybaqlzhbqpdfpou/Build/Intermediates.noindex/Pods.build/DerivedSources
    export PROJECT_DIR\=/Users/tavishagarwal/Desktop/Vybe/ios/Pods
    export PROJECT_FILE_PATH\=/Users/tavishagarwal/Desktop/Vybe/ios/Pods/Pods.xcodeproj
    export PROJECT_GUID\=8699adb1dd336b26511df848a716bd42
    export PROJECT_NAME\=Pods
    export PROJECT_TEMP_DIR\=/Users/tavishagarwal/Library/Developer/Xcode/DerivedData/Vybe-eypqtupuvqzwmybaqlzhbqpdfpou/Build/Intermediates.noindex/Pods.build
    export PROJECT_TEMP_ROOT\=/Users/tavishagarwal/Library/Developer/Xcode/DerivedData/Vybe-eypqtupuvqzwmybaqlzhbqpdfpou/Build/Intermediates.noindex
    export REACT_NATIVE_PATH\=/Users/tavishagarwal/Desktop/Vybe/ios/Pods/../../node_modules/react-native
    export RECOMMENDED_IPHONEOS_DEPLOYMENT_TARGET\=15.0
    export RECURSIVE_SEARCH_PATHS_FOLLOW_SYMLINKS\=YES
    export REMOVE_CVS_FROM_RESOURCES\=YES
    export REMOVE_GIT_FROM_RESOURCES\=YES
    export REMOVE_HEADERS_FROM_EMBEDDED_BUNDLES\=YES
    export REMOVE_HG_FROM_RESOURCES\=YES
    export REMOVE_STATIC_EXECUTABLES_FROM_EMBEDDED_BUNDLES\=YES
    export REMOVE_SVN_FROM_RESOURCES\=YES
    export RESCHEDULE_INDEPENDENT_HEADERS_PHASES\=YES
    export REZ_COLLECTOR_DIR\=/Users/tavishagarwal/Library/Developer/Xcode/DerivedData/Vybe-eypqtupuvqzwmybaqlzhbqpdfpou/Build/Intermediates.noindex/Pods.build/Debug-iphonesimulator/React-Core-prebuilt.build/ResourceManagerResources
    export REZ_OBJECTS_DIR\=/Users/tavishagarwal/Library/Developer/Xcode/DerivedData/Vybe-eypqtupuvqzwmybaqlzhbqpdfpou/Build/Intermediates.noindex/Pods.build/Debug-iphonesimulator/React-Core-prebuilt.build/ResourceManagerResources/Objects
    export RPATH_ORIGIN\=@loader_path
    export RUNTIME_EXCEPTION_ALLOW_DYLD_ENVIRONMENT_VARIABLES\=NO
    export RUNTIME_EXCEPTION_ALLOW_JIT\=NO
    export RUNTIME_EXCEPTION_ALLOW_UNSIGNED_EXECUTABLE_MEMORY\=NO
    export RUNTIME_EXCEPTION_DEBUGGING_TOOL\=NO
    export RUNTIME_EXCEPTION_DISABLE_EXECUTABLE_PAGE_PROTECTION\=NO
    export RUNTIME_EXCEPTION_DISABLE_LIBRARY_VALIDATION\=NO
    export SCANNING_PCM_KEEP_CACHE_DIRECTORY\=YES
    export SCAN_ALL_SOURCE_FILES_FOR_INCLUDES\=NO
    export SCRIPT_INPUT_FILE_COUNT\=0
    export SCRIPT_INPUT_FILE_LIST_COUNT\=0
    export SCRIPT_OUTPUT_FILE_COUNT\=0
    export SCRIPT_OUTPUT_FILE_LIST_COUNT\=0
    export SDKROOT\=/Applications/Xcode.app/Contents/Developer/Platforms/iPhoneSimulator.platform/Developer/SDKs/iPhoneSimulator26.4.sdk
    export SDK_DIR\=/Applications/Xcode.app/Contents/Developer/Platforms/iPhoneSimulator.platform/Developer/SDKs/iPhoneSimulator26.4.sdk
    export SDK_DIR_iphonesimulator\=/Applications/Xcode.app/Contents/Developer/Platforms/iPhoneSimulator.platform/Developer/SDKs/iPhoneSimulator26.4.sdk
    export SDK_DIR_iphonesimulator26_4\=/Applications/Xcode.app/Contents/Developer/Platforms/iPhoneSimulator.platform/Developer/SDKs/iPhoneSimulator26.4.sdk
    export SDK_NAME\=iphonesimulator26.4
    export SDK_NAMES\=iphonesimulator26.4
    export SDK_PRODUCT_BUILD_VERSION\=23E252
    export SDK_STAT_CACHE_DIR\=/Users/tavishagarwal/Library/Developer/Xcode/DerivedData
    export SDK_STAT_CACHE_ENABLE\=YES
    export SDK_STAT_CACHE_PATH\=/Users/tavishagarwal/Library/Developer/Xcode/DerivedData/SDKStatCaches.noindex/iphonesimulator26.4-23E252-686eebb5dc1d8ecb277353a59184f4aa.sdkstatcache
    export SDK_VERSION\=26.4
    export SDK_VERSION_ACTUAL\=260400
    export SDK_VERSION_MAJOR\=260000
    export SDK_VERSION_MINOR\=260400
    export SED\=/usr/bin/sed
    export SEPARATE_STRIP\=NO
    export SEPARATE_SYMBOL_EDIT\=NO
    export SET_DIR_MODE_OWNER_GROUP\=YES
    export SET_FILE_MODE_OWNER_GROUP\=NO
    export SHALLOW_BUNDLE\=NO
    export SHARED_DERIVED_FILE_DIR\=/Users/tavishagarwal/Library/Developer/Xcode/DerivedData/Vybe-eypqtupuvqzwmybaqlzhbqpdfpou/Build/Products/Debug-iphonesimulator/React-Core-prebuilt/DerivedSources
    export SHARED_PRECOMPS_DIR\=/Users/tavishagarwal/Library/Developer/Xcode/DerivedData/Vybe-eypqtupuvqzwmybaqlzhbqpdfpou/Build/Intermediates.noindex/PrecompiledHeaders
    export SKIP_INSTALL\=YES
    export SKIP_MERGEABLE_LIBRARY_BUNDLE_HOOK\=NO
    export SOURCE_ROOT\=/Users/tavishagarwal/Desktop/Vybe/ios/Pods
    export SRCROOT\=/Users/tavishagarwal/Desktop/Vybe/ios/Pods
    export STRINGSDATA_DIR\=/Users/tavishagarwal/Library/Developer/Xcode/DerivedData/Vybe-eypqtupuvqzwmybaqlzhbqpdfpou/Build/Intermediates.noindex/Pods.build/Debug-iphonesimulator/React-Core-prebuilt.build/Objects-normal/undefined_arch
    export STRINGSDATA_ROOT\=/Users/tavishagarwal/Library/Developer/Xcode/DerivedData/Vybe-eypqtupuvqzwmybaqlzhbqpdfpou/Build/Intermediates.noindex/Pods.build/Debug-iphonesimulator/React-Core-prebuilt.build
    export STRINGS_FILE_INFOPLIST_RENAME\=YES
    export STRINGS_FILE_OUTPUT_ENCODING\=binary
    export STRING_CATALOG_GENERATE_SYMBOLS\=NO
    export STRIP_BITCODE_FROM_COPIED_FILES\=NO
    export STRIP_INSTALLED_PRODUCT\=NO
    export STRIP_STYLE\=all
    export STRIP_SWIFT_SYMBOLS\=YES
    export SUPPORTED_DEVICE_FAMILIES\=1,2
    export SUPPORTED_PLATFORMS\=iphoneos\ iphonesimulator
    export SUPPORTS_TEXT_BASED_API\=NO
    export SUPPRESS_WARNINGS\=NO
    export SWIFT_ACTIVE_COMPILATION_CONDITIONS\=\ DEBUG
    export SWIFT_EMIT_CONST_VALUE_PROTOCOLS\=AnyResolverProviding\ AppEntity\ AppEnum\ AppExtension\ AppIntent\ AppIntentsPackage\ AppShortcutProviding\ AppShortcutsProvider\ AppUnionValue\ AppUnionValueCasesProviding\ DynamicOptionsProvider\ EntityQuery\ ExtensionPointDefining\ IntentValueQuery\ Resolver\ TransientEntity\ _AssistantIntentsProvider\ _GenerativeFunctionExtractable\ _IntentValueRepresentable
    export SWIFT_EMIT_LOC_STRINGS\=NO
    export SWIFT_EMIT_MODULE_INTERFACE\=NO
    export SWIFT_ENABLE_EXPLICIT_MODULES\=NO
    export SWIFT_OPTIMIZATION_LEVEL\=-Onone
    export SWIFT_PLATFORM_TARGET_PREFIX\=ios
    export SWIFT_RESPONSE_FILE_PATH_normal_arm64\=/Users/tavishagarwal/Library/Developer/Xcode/DerivedData/Vybe-eypqtupuvqzwmybaqlzhbqpdfpou/Build/Intermediates.noindex/Pods.build/Debug-iphonesimulator/React-Core-prebuilt.build/Objects-normal/arm64/React-Core-prebuilt.SwiftFileList
    export SWIFT_VERSION\=5.0
    export SYMROOT\=/Users/tavishagarwal/Library/Developer/Xcode/DerivedData/Vybe-eypqtupuvqzwmybaqlzhbqpdfpou/Build/Products
    export SYSTEM_ADMIN_APPS_DIR\=/Applications/Utilities
    export SYSTEM_APPS_DIR\=/Applications
    export SYSTEM_CORE_SERVICES_DIR\=/System/Library/CoreServices
    export SYSTEM_DEMOS_DIR\=/Applications/Extras
    export SYSTEM_DEVELOPER_APPS_DIR\=/Applications/Xcode.app/Contents/Developer/Applications
    export SYSTEM_DEVELOPER_BIN_DIR\=/Applications/Xcode.app/Contents/Developer/usr/bin
    export SYSTEM_DEVELOPER_DEMOS_DIR\=/Applications/Xcode.app/Contents/Developer/Applications/Utilities/Built\ Examples
    export SYSTEM_DEVELOPER_DIR\=/Applications/Xcode.app/Contents/Developer
    export SYSTEM_DEVELOPER_DOC_DIR\=/Applications/Xcode.app/Contents/Developer/ADC\ Reference\ Library
    export SYSTEM_DEVELOPER_GRAPHICS_TOOLS_DIR\=/Applications/Xcode.app/Contents/Developer/Applications/Graphics\ Tools
    export SYSTEM_DEVELOPER_JAVA_TOOLS_DIR\=/Applications/Xcode.app/Contents/Developer/Applications/Java\ Tools
    export SYSTEM_DEVELOPER_PERFORMANCE_TOOLS_DIR\=/Applications/Xcode.app/Contents/Developer/Applications/Performance\ Tools
    export SYSTEM_DEVELOPER_RELEASENOTES_DIR\=/Applications/Xcode.app/Contents/Developer/ADC\ Reference\ Library/releasenotes
    export SYSTEM_DEVELOPER_TOOLS\=/Applications/Xcode.app/Contents/Developer/Tools
    export SYSTEM_DEVELOPER_TOOLS_DOC_DIR\=/Applications/Xcode.app/Contents/Developer/ADC\ Reference\ Library/documentation/DeveloperTools
    export SYSTEM_DEVELOPER_TOOLS_RELEASENOTES_DIR\=/Applications/Xcode.app/Contents/Developer/ADC\ Reference\ Library/releasenotes/DeveloperTools
    export SYSTEM_DEVELOPER_USR_DIR\=/Applications/Xcode.app/Contents/Developer/usr
    export SYSTEM_DEVELOPER_UTILITIES_DIR\=/Applications/Xcode.app/Contents/Developer/Applications/Utilities
    export SYSTEM_DEXT_INSTALL_PATH\=/System/Library/DriverExtensions
    export SYSTEM_DOCUMENTATION_DIR\=/Library/Documentation
    export SYSTEM_KEXT_INSTALL_PATH\=/System/Library/Extensions
    export SYSTEM_LIBRARY_DIR\=/System/Library
    export TAPI_DEMANGLE\=YES
    export TAPI_ENABLE_PROJECT_HEADERS\=NO
    export TAPI_LANGUAGE\=objective-c
    export TAPI_LANGUAGE_STANDARD\=compiler-default
    export TAPI_USE_SRCROOT\=YES
    export TAPI_VERIFY_MODE\=Pedantic
    export TARGETED_DEVICE_FAMILY\=1,2
    export TARGETNAME\=React-Core-prebuilt
    export TARGET_BUILD_DIR\=/Users/tavishagarwal/Library/Developer/Xcode/DerivedData/Vybe-eypqtupuvqzwmybaqlzhbqpdfpou/Build/Products/Debug-iphonesimulator/React-Core-prebuilt
    export TARGET_DEVICE_IDENTIFIER\=7748A3AC-7593-4AD0-8637-3D3EAE9040AF
    export TARGET_DEVICE_MODEL\=iPhone18,1
    export TARGET_DEVICE_OS_VERSION\=26.4.1
    export TARGET_DEVICE_PLATFORM_NAME\=iphonesimulator
    export TARGET_NAME\=React-Core-prebuilt
    export TARGET_TEMP_DIR\=/Users/tavishagarwal/Library/Developer/Xcode/DerivedData/Vybe-eypqtupuvqzwmybaqlzhbqpdfpou/Build/Intermediates.noindex/Pods.build/Debug-iphonesimulator/React-Core-prebuilt.build
    export TEMP_DIR\=/Users/tavishagarwal/Library/Developer/Xcode/DerivedData/Vybe-eypqtupuvqzwmybaqlzhbqpdfpou/Build/Intermediates.noindex/Pods.build/Debug-iphonesimulator/React-Core-prebuilt.build
    export TEMP_FILES_DIR\=/Users/tavishagarwal/Library/Developer/Xcode/DerivedData/Vybe-eypqtupuvqzwmybaqlzhbqpdfpou/Build/Intermediates.noindex/Pods.build/Debug-iphonesimulator/React-Core-prebuilt.build
    export TEMP_FILE_DIR\=/Users/tavishagarwal/Library/Developer/Xcode/DerivedData/Vybe-eypqtupuvqzwmybaqlzhbqpdfpou/Build/Intermediates.noindex/Pods.build/Debug-iphonesimulator/React-Core-prebuilt.build
    export TEMP_ROOT\=/Users/tavishagarwal/Library/Developer/Xcode/DerivedData/Vybe-eypqtupuvqzwmybaqlzhbqpdfpou/Build/Intermediates.noindex
    export TEMP_SANDBOX_DIR\=/Users/tavishagarwal/Library/Developer/Xcode/DerivedData/Vybe-eypqtupuvqzwmybaqlzhbqpdfpou/Build/Intermediates.noindex/TemporaryTaskSandboxes
    export TEST_FRAMEWORK_SEARCH_PATHS\=\ /Applications/Xcode.app/Contents/Developer/Platforms/iPhoneSimulator.platform/Developer/Library/Frameworks\ /Applications/Xcode.app/Contents/Developer/Platforms/iPhoneSimulator.platform/Developer/SDKs/iPhoneSimulator26.4.sdk/Developer/Library/Frameworks
    export TEST_LIBRARY_SEARCH_PATHS\=\ /Applications/Xcode.app/Contents/Developer/Platforms/iPhoneSimulator.platform/Developer/usr/lib
    export TOOLCHAINS\=com.apple.dt.toolchain.XcodeDefault
    export TOOLCHAIN_DIR\=/Applications/Xcode.app/Contents/Developer/Toolchains/XcodeDefault.xctoolchain
    export TREAT_MISSING_BASELINES_AS_TEST_FAILURES\=NO
    export TREAT_MISSING_SCRIPT_PHASE_OUTPUTS_AS_ERRORS\=NO
    export UID\=501
    export UNINSTALLED_PRODUCTS_DIR\=/Users/tavishagarwal/Library/Developer/Xcode/DerivedData/Vybe-eypqtupuvqzwmybaqlzhbqpdfpou/Build/Intermediates.noindex/UninstalledProducts
    export UNSTRIPPED_PRODUCT\=NO
    export USER\=tavishagarwal
    export USER_APPS_DIR\=/Users/tavishagarwal/Applications
    export USER_LIBRARY_DIR\=/Users/tavishagarwal/Library
    export USE_DYNAMIC_NO_PIC\=YES
    export USE_HEADERMAP\=YES
    export USE_HEADER_SYMLINKS\=NO
    export USE_HERMES\=true
    export USE_RECURSIVE_SCRIPT_INPUTS_IN_SCRIPT_PHASES\=YES
    export VALIDATE_DEVELOPMENT_ASSET_PATHS\=YES_ERROR
    export VALIDATE_PRODUCT\=NO
    export VALID_ARCHS\=arm64\ x86_64
    export VERBOSE_PBXCP\=NO
    export VERSION_INFO_BUILDER\=tavishagarwal
    export VERSION_INFO_FILE\=React-Core-prebuilt_vers.c
    export VERSION_INFO_STRING\=\"@\(\#\)PROGRAM:React-Core-prebuilt\ \ PROJECT:Pods-\"
    export WORKSPACE_DIR\=/Users/tavishagarwal/Desktop/Vybe/ios
    export WRAP_ASSET_PACKS_IN_SEPARATE_DIRECTORIES\=NO
    export XCODE_APP_SUPPORT_DIR\=/Applications/Xcode.app/Contents/Developer/Library/Xcode
    export XCODE_PRODUCT_BUILD_VERSION\=17E202
    export XCODE_VERSION_ACTUAL\=2641
    export XCODE_VERSION_MAJOR\=2600
    export XCODE_VERSION_MINOR\=2640
    export XPCSERVICES_FOLDER_PATH\=/XPCServices
    export YACC\=yacc
    export _DISCOVER_COMMAND_LINE_LINKER_INPUTS\=YES
    export _DISCOVER_COMMAND_LINE_LINKER_INPUTS_INCLUDE_WL\=YES
    export _LD_MULTIARCH\=YES
    export __DIAGNOSE_DEPRECATED_ARCHS\=YES
    export __ORIGINAL_SDK_DEFINED_LLVM_TARGET_TRIPLE_SYS\=ios
    export arch\=undefined_arch
    export variant\=normal
    /bin/sh -c /Users/tavishagarwal/Library/Developer/Xcode/DerivedData/Vybe-eypqtupuvqzwmybaqlzhbqpdfpou/Build/Intermediates.noindex/Pods.build/Debug-iphonesimulator/React-Core-prebuilt.build/Script-46EB2E00041660.sh
Node found at: /usr/local/bin/node
No previous build detected, but Debug Configuration. No need to replace React-Core-prebuilt

note: Run script build phase '[CP-User] [RN]Check FBReactNativeSpec' will be run during every build because the option to run the script phase "Based on dependency analysis" is unchecked. (in target 'React-RCTFBReactNativeSpec' from project 'Pods')
PhaseScriptExecution [CP-User]\ [RN]Check\ FBReactNativeSpec /Users/tavishagarwal/Library/Developer/Xcode/DerivedData/Vybe-eypqtupuvqzwmybaqlzhbqpdfpou/Build/Intermediates.noindex/Pods.build/Debug-iphonesimulator/React-RCTFBReactNativeSpec.build/Script-46EB2E00041670.sh (in target 'React-RCTFBReactNativeSpec' from project 'Pods')
    cd /Users/tavishagarwal/Desktop/Vybe/ios/Pods
    export ACTION\=build
    export AD_HOC_CODE_SIGNING_ALLOWED\=YES
    export ALLOW_BUILD_REQUEST_OVERRIDES\=NO
    export ALLOW_TARGET_PLATFORM_SPECIALIZATION\=NO
    export ALTERNATE_GROUP\=staff
    export ALTERNATE_MODE\=u+w,go-w,a+rX
    export ALTERNATE_OWNER\=tavishagarwal
    export ALTERNATIVE_DISTRIBUTION_WEB\=NO
    export ALWAYS_EMBED_SWIFT_STANDARD_LIBRARIES\=NO
    export ALWAYS_SEARCH_USER_PATHS\=NO
    export ALWAYS_USE_SEPARATE_HEADERMAPS\=NO
    export APPLICATION_EXTENSION_API_ONLY\=NO
    export APPLY_RULES_IN_COPY_FILES\=NO
    export APPLY_RULES_IN_COPY_HEADERS\=NO
    export APP_SHORTCUTS_ENABLE_FLEXIBLE_MATCHING\=YES
    export ARCHS\=arm64
    export ARCHS_BASE\=arm64
    export ARCHS_STANDARD\=arm64\ x86_64
    export ARCHS_STANDARD_32_64_BIT\=arm64\ x86_64
    export ARCHS_STANDARD_64_BIT\=arm64\ x86_64
    export ARCHS_STANDARD_INCLUDING_64_BIT\=arm64\ x86_64
    export ARCHS_UNIVERSAL_IPHONE_OS\=arm64\ x86_64
    export ASSETCATALOG_COMPILER_APPICON_NAME\=AppIcon
    export ASSETCATALOG_COMPILER_GLOBAL_ACCENT_COLOR_NAME\=AccentColor
    export ASSETCATALOG_FILTER_FOR_DEVICE_MODEL\=iPhone18,1
    export ASSETCATALOG_FILTER_FOR_DEVICE_OS_VERSION\=26.4.1
    export ASSETCATALOG_FILTER_FOR_THINNING_DEVICE_CONFIGURATION\=iPhone18,1
    export AUTOMATICALLY_MERGE_DEPENDENCIES\=NO
    export AUTOMATION_APPLE_EVENTS\=NO
    export AVAILABLE_PLATFORMS\=android\ appletvos\ appletvsimulator\ driverkit\ freebsd\ iphoneos\ iphonesimulator\ linux\ macosx\ none\ openbsd\ qnx\ watchos\ watchsimulator\ webassembly\ xros\ xrsimulator
    export BUILD_ACTIVE_RESOURCES_ONLY\=YES
    export BUILD_COMPONENTS\=headers\ build
    export BUILD_DIR\=/Users/tavishagarwal/Library/Developer/Xcode/DerivedData/Vybe-eypqtupuvqzwmybaqlzhbqpdfpou/Build/Products
    export BUILD_LIBRARY_FOR_DISTRIBUTION\=NO
    export BUILD_ONLY_KNOWN_LOCALIZATIONS\=NO
    export BUILD_ROOT\=/Users/tavishagarwal/Library/Developer/Xcode/DerivedData/Vybe-eypqtupuvqzwmybaqlzhbqpdfpou/Build/Products
    export BUILD_STYLE\=
    export BUILD_VARIANTS\=normal
    export BUILT_PRODUCTS_DIR\=/Users/tavishagarwal/Library/Developer/Xcode/DerivedData/Vybe-eypqtupuvqzwmybaqlzhbqpdfpou/Build/Products/Debug-iphonesimulator/React-RCTFBReactNativeSpec
    export BUNDLE_CONTENTS_FOLDER_PATH_deep\=Contents/
    export BUNDLE_EXECUTABLE_FOLDER_NAME_deep\=MacOS
    export BUNDLE_EXTENSIONS_FOLDER_PATH\=Extensions
    export BUNDLE_FORMAT\=shallow
    export BUNDLE_FRAMEWORKS_FOLDER_PATH\=Frameworks
    export BUNDLE_PLUGINS_FOLDER_PATH\=PlugIns
    export BUNDLE_PRIVATE_HEADERS_FOLDER_PATH\=PrivateHeaders
    export BUNDLE_PUBLIC_HEADERS_FOLDER_PATH\=Headers
    export CACHE_ROOT\=/var/folders/_5/9b77vj2s591d31xqz29hj7fw0000gn/C/com.apple.DeveloperTools/26.4.1-17E202/Xcode
    export CCHROOT\=/var/folders/_5/9b77vj2s591d31xqz29hj7fw0000gn/C/com.apple.DeveloperTools/26.4.1-17E202/Xcode
    export CHMOD\=/bin/chmod
    export CHOWN\=chown
    export CLANG_ANALYZER_LOCALIZABILITY_NONLOCALIZED\=YES
    export CLANG_ANALYZER_NONNULL\=YES
    export CLANG_ANALYZER_NUMBER_OBJECT_CONVERSION\=YES_AGGRESSIVE
    export CLANG_CACHE_FINE_GRAINED_OUTPUTS\=YES
    export CLANG_CXX_LANGUAGE_STANDARD\=c++20
    export CLANG_CXX_LIBRARY\=libc++
    export CLANG_ENABLE_EXPLICIT_MODULES\=YES
    export CLANG_ENABLE_MODULES\=YES
    export CLANG_ENABLE_OBJC_ARC\=YES
    export CLANG_ENABLE_OBJC_WEAK\=NO
    export CLANG_MODULES_BUILD_SESSION_FILE\=/Users/tavishagarwal/Library/Developer/Xcode/DerivedData/ModuleCache.noindex/Session.modulevalidation
    export CLANG_WARN_BLOCK_CAPTURE_AUTORELEASING\=YES
    export CLANG_WARN_BOOL_CONVERSION\=YES
    export CLANG_WARN_COMMA\=YES
    export CLANG_WARN_CONSTANT_CONVERSION\=YES
    export CLANG_WARN_DEPRECATED_OBJC_IMPLEMENTATIONS\=YES
    export CLANG_WARN_DIRECT_OBJC_ISA_USAGE\=YES_ERROR
    export CLANG_WARN_DOCUMENTATION_COMMENTS\=YES
    export CLANG_WARN_EMPTY_BODY\=YES
    export CLANG_WARN_ENUM_CONVERSION\=YES
    export CLANG_WARN_INFINITE_RECURSION\=YES
    export CLANG_WARN_INT_CONVERSION\=YES
    export CLANG_WARN_NON_LITERAL_NULL_CONVERSION\=YES
    export CLANG_WARN_OBJC_IMPLICIT_RETAIN_SELF\=YES
    export CLANG_WARN_OBJC_LITERAL_CONVERSION\=YES
    export CLANG_WARN_OBJC_ROOT_CLASS\=YES_ERROR
    export CLANG_WARN_QUOTED_INCLUDE_IN_FRAMEWORK_HEADER\=NO
    export CLANG_WARN_RANGE_LOOP_ANALYSIS\=YES
    export CLANG_WARN_STRICT_PROTOTYPES\=YES
    export CLANG_WARN_SUSPICIOUS_MOVE\=YES
    export CLANG_WARN_UNGUARDED_AVAILABILITY\=YES_AGGRESSIVE
    export CLANG_WARN_UNREACHABLE_CODE\=YES
    export CLANG_WARN__DUPLICATE_METHOD_MATCH\=YES
    export CLASS_FILE_DIR\=/Users/tavishagarwal/Library/Developer/Xcode/DerivedData/Vybe-eypqtupuvqzwmybaqlzhbqpdfpou/Build/Intermediates.noindex/Pods.build/Debug-iphonesimulator/React-RCTFBReactNativeSpec.build/JavaClasses
    export CLEAN_PRECOMPS\=YES
    export CLONE_HEADERS\=NO
    export CODESIGNING_FOLDER_PATH\=/Users/tavishagarwal/Library/Developer/Xcode/DerivedData/Vybe-eypqtupuvqzwmybaqlzhbqpdfpou/Build/Products/Debug-iphonesimulator/React-RCTFBReactNativeSpec/
    export CODE_SIGNING_ALLOWED\=NO
    export CODE_SIGNING_REQUIRED\=YES
    export CODE_SIGN_CONTEXT_CLASS\=XCiPhoneSimulatorCodeSignContext
    export CODE_SIGN_IDENTITY\=-
    export CODE_SIGN_INJECT_BASE_ENTITLEMENTS\=YES
    export COLOR_DIAGNOSTICS\=NO
    export COMBINE_HIDPI_IMAGES\=NO
    export COMPILATION_CACHE_CAS_PATH\=/Users/tavishagarwal/Library/Developer/Xcode/DerivedData/CompilationCache.noindex
    export COMPILATION_CACHE_KEEP_CAS_DIRECTORY\=YES
    export COMPILER_INDEX_STORE_ENABLE\=Default
    export COMPOSITE_SDK_DIRS\=/Users/tavishagarwal/Library/Developer/Xcode/DerivedData/Vybe-eypqtupuvqzwmybaqlzhbqpdfpou/Build/Intermediates.noindex/CompositeSDKs
    export COMPRESS_PNG_FILES\=YES
    export CONFIGURATION\=Debug
    export CONFIGURATION_BUILD_DIR\=/Users/tavishagarwal/Library/Developer/Xcode/DerivedData/Vybe-eypqtupuvqzwmybaqlzhbqpdfpou/Build/Products/Debug-iphonesimulator/React-RCTFBReactNativeSpec
    export CONFIGURATION_TEMP_DIR\=/Users/tavishagarwal/Library/Developer/Xcode/DerivedData/Vybe-eypqtupuvqzwmybaqlzhbqpdfpou/Build/Intermediates.noindex/Pods.build/Debug-iphonesimulator
    export COPYING_PRESERVES_HFS_DATA\=NO
    export COPY_HEADERS_RUN_UNIFDEF\=NO
    export COPY_PHASE_STRIP\=NO
    export CORRESPONDING_DEVICE_PLATFORM_DIR\=/Applications/Xcode.app/Contents/Developer/Platforms/iPhoneOS.platform
    export CORRESPONDING_DEVICE_PLATFORM_NAME\=iphoneos
    export CORRESPONDING_DEVICE_SDK_DIR\=/Applications/Xcode.app/Contents/Developer/Platforms/iPhoneOS.platform/Developer/SDKs/iPhoneOS26.4.sdk
    export CORRESPONDING_DEVICE_SDK_NAME\=iphoneos26.4
    export CP\=/bin/cp
    export CREATE_INFOPLIST_SECTION_IN_BINARY\=NO
    export CURRENT_ARCH\=undefined_arch
    export CURRENT_VARIANT\=normal
    export DEAD_CODE_STRIPPING\=YES
    export DEBUGGING_SYMBOLS\=YES
    export DEBUG_INFORMATION_FORMAT\=dwarf
    export DEBUG_INFORMATION_VERSION\=compiler-default
    export DEFAULT_COMPILER\=com.apple.compilers.llvm.clang.1_0
    export DEFAULT_DEXT_INSTALL_PATH\=/System/Library/DriverExtensions
    export DEFAULT_KEXT_INSTALL_PATH\=/System/Library/Extensions
    export DEFINES_MODULE\=NO
    export DEPLOYMENT_LOCATION\=NO
    export DEPLOYMENT_POSTPROCESSING\=NO
    export DEPLOYMENT_TARGET_SETTING_NAME\=IPHONEOS_DEPLOYMENT_TARGET
    export DEPLOYMENT_TARGET_SUGGESTED_VALUES\=12.0\ 12.1\ 12.2\ 12.3\ 12.4\ 13.0\ 13.1\ 13.2\ 13.3\ 13.4\ 13.5\ 13.6\ 14.0\ 14.1\ 14.2\ 14.3\ 14.4\ 14.5\ 14.6\ 14.7\ 15.0\ 15.1\ 15.2\ 15.3\ 15.4\ 15.5\ 15.6\ 16.0\ 16.1\ 16.2\ 16.3\ 16.4\ 16.5\ 16.6\ 17.0\ 17.1\ 17.2\ 17.3\ 17.4\ 17.5\ 17.6\ 18.0\ 18.1\ 18.2\ 18.3\ 18.4\ 18.5\ 18.6\ 26.0\ 26.2\ 26.3\ 26.4
    export DERIVED_FILES_DIR\=/Users/tavishagarwal/Library/Developer/Xcode/DerivedData/Vybe-eypqtupuvqzwmybaqlzhbqpdfpou/Build/Intermediates.noindex/Pods.build/Debug-iphonesimulator/React-RCTFBReactNativeSpec.build/DerivedSources
    export DERIVED_FILE_DIR\=/Users/tavishagarwal/Library/Developer/Xcode/DerivedData/Vybe-eypqtupuvqzwmybaqlzhbqpdfpou/Build/Intermediates.noindex/Pods.build/Debug-iphonesimulator/React-RCTFBReactNativeSpec.build/DerivedSources
    export DERIVED_SOURCES_DIR\=/Users/tavishagarwal/Library/Developer/Xcode/DerivedData/Vybe-eypqtupuvqzwmybaqlzhbqpdfpou/Build/Intermediates.noindex/Pods.build/Debug-iphonesimulator/React-RCTFBReactNativeSpec.build/DerivedSources
    export DEVELOPER_APPLICATIONS_DIR\=/Applications/Xcode.app/Contents/Developer/Applications
    export DEVELOPER_BIN_DIR\=/Applications/Xcode.app/Contents/Developer/usr/bin
    export DEVELOPER_DIR\=/Applications/Xcode.app/Contents/Developer
    export DEVELOPER_FRAMEWORKS_DIR\=/Applications/Xcode.app/Contents/Developer/Library/Frameworks
    export DEVELOPER_FRAMEWORKS_DIR_QUOTED\=/Applications/Xcode.app/Contents/Developer/Library/Frameworks
    export DEVELOPER_LIBRARY_DIR\=/Applications/Xcode.app/Contents/Developer/Library
    export DEVELOPER_SDK_DIR\=/Applications/Xcode.app/Contents/Developer/Platforms/MacOSX.platform/Developer/SDKs
    export DEVELOPER_TOOLS_DIR\=/Applications/Xcode.app/Contents/Developer/Tools
    export DEVELOPER_USR_DIR\=/Applications/Xcode.app/Contents/Developer/usr
    export DEVELOPMENT_LANGUAGE\=en
    export DIAGNOSE_MISSING_TARGET_DEPENDENCIES\=YES
    export DIFF\=/usr/bin/diff
    export DONT_GENERATE_INFOPLIST_FILE\=NO
    export DSTROOT\=/tmp/Pods.dst
    export DT_TOOLCHAIN_DIR\=/Applications/Xcode.app/Contents/Developer/Toolchains/XcodeDefault.xctoolchain
    export DUMP_DEPENDENCIES\=NO
    export DUMP_DEPENDENCIES_OUTPUT_PATH\=/Users/tavishagarwal/Library/Developer/Xcode/DerivedData/Vybe-eypqtupuvqzwmybaqlzhbqpdfpou/Build/Intermediates.noindex/Pods.build/Debug-iphonesimulator/React-RCTFBReactNativeSpec.build/React-RCTFBReactNativeSpec-BuildDependencyInfo.json
    export DWARF_DSYM_FILE_NAME\=.dSYM
    export DWARF_DSYM_FILE_SHOULD_ACCOMPANY_PRODUCT\=NO
    export DWARF_DSYM_FOLDER_PATH\=/Users/tavishagarwal/Library/Developer/Xcode/DerivedData/Vybe-eypqtupuvqzwmybaqlzhbqpdfpou/Build/Products/Debug-iphonesimulator/React-RCTFBReactNativeSpec
    export DYNAMIC_LIBRARY_EXTENSION\=dylib
    export EAGER_COMPILATION_ALLOW_SCRIPTS\=NO
    export EAGER_LINKING\=NO
    export EFFECTIVE_PLATFORM_NAME\=-iphonesimulator
    export EFFECTIVE_SWIFT_VERSION\=5
    export EMBEDDED_CONTENT_CONTAINS_SWIFT\=NO
    export EMBED_ASSET_PACKS_IN_PRODUCT_BUNDLE\=NO
    export ENABLE_APP_SANDBOX\=NO
    export ENABLE_CODE_COVERAGE\=YES
    export ENABLE_COHORT_ARCHS\=NO
    export ENABLE_CPLUSPLUS_BOUNDS_SAFE_BUFFERS\=NO
    export ENABLE_C_BOUNDS_SAFETY\=NO
    export ENABLE_DEFAULT_HEADER_SEARCH_PATHS\=YES
    export ENABLE_DEFAULT_SEARCH_PATHS\=YES
    export ENABLE_ENHANCED_SECURITY\=NO
    export ENABLE_HARDENED_RUNTIME\=NO
    export ENABLE_HEADER_DEPENDENCIES\=YES
    export ENABLE_INCOMING_NETWORK_CONNECTIONS\=NO
    export ENABLE_ON_DEMAND_RESOURCES\=NO
    export ENABLE_OUTGOING_NETWORK_CONNECTIONS\=NO
    export ENABLE_POINTER_AUTHENTICATION\=NO
    export ENABLE_PREVIEWS\=NO
    export ENABLE_RESOURCE_ACCESS_AUDIO_INPUT\=NO
    export ENABLE_RESOURCE_ACCESS_BLUETOOTH\=NO
    export ENABLE_RESOURCE_ACCESS_CALENDARS\=NO
    export ENABLE_RESOURCE_ACCESS_CAMERA\=NO
    export ENABLE_RESOURCE_ACCESS_CONTACTS\=NO
    export ENABLE_RESOURCE_ACCESS_LOCATION\=NO
    export ENABLE_RESOURCE_ACCESS_PHOTO_LIBRARY\=NO
    export ENABLE_RESOURCE_ACCESS_PRINTING\=NO
    export ENABLE_RESOURCE_ACCESS_USB\=NO
    export ENABLE_SDK_IMPORTS\=NO
    export ENABLE_SECURITY_COMPILER_WARNINGS\=NO
    export ENABLE_STRICT_OBJC_MSGSEND\=YES
    export ENABLE_TESTABILITY\=YES
    export ENABLE_TESTING_SEARCH_PATHS\=NO
    export ENABLE_USER_SCRIPT_SANDBOXING\=NO
    export ENABLE_XOJIT_PREVIEWS\=YES
    export ENFORCE_VALID_ARCHS\=YES
    export ENTITLEMENTS_DESTINATION\=__entitlements
    export ENTITLEMENTS_REQUIRED\=YES
    export EXCLUDED_INSTALLSRC_SUBDIRECTORY_PATTERNS\=.DS_Store\ .svn\ .git\ .hg\ CVS
    export EXCLUDED_RECURSIVE_SEARCH_PATH_SUBDIRECTORIES\=\*.nib\ \*.lproj\ \*.framework\ \*.gch\ \*.xcode\*\ \*.xcassets\ \*.icon\ \(\*\)\ .DS_Store\ CVS\ .svn\ .git\ .hg\ \*.pbproj\ \*.pbxproj
    export FILE_LIST\=/Users/tavishagarwal/Library/Developer/Xcode/DerivedData/Vybe-eypqtupuvqzwmybaqlzhbqpdfpou/Build/Intermediates.noindex/Pods.build/Debug-iphonesimulator/React-RCTFBReactNativeSpec.build/Objects/LinkFileList
    export FIXED_FILES_DIR\=/Users/tavishagarwal/Library/Developer/Xcode/DerivedData/Vybe-eypqtupuvqzwmybaqlzhbqpdfpou/Build/Intermediates.noindex/Pods.build/Debug-iphonesimulator/React-RCTFBReactNativeSpec.build/FixedFiles
    export FRAMEWORK_SEARCH_PATHS\=\ \"/Users/tavishagarwal/Desktop/Vybe/ios/Pods/React-Core-prebuilt\"\ \"/Users/tavishagarwal/Desktop/Vybe/ios/Pods/ReactNativeDependencies/framework/packages/react-native\"\ \"/Users/tavishagarwal/Desktop/Vybe/ios/Pods/hermes-engine/destroot/Library/Frameworks/universal\"\ \"/Users/tavishagarwal/Library/Developer/Xcode/DerivedData/Vybe-eypqtupuvqzwmybaqlzhbqpdfpou/Build/Products/Debug-iphonesimulator/XCFrameworkIntermediates/React-Core-prebuilt\"\ \"/Users/tavishagarwal/Library/Developer/Xcode/DerivedData/Vybe-eypqtupuvqzwmybaqlzhbqpdfpou/Build/Products/Debug-iphonesimulator/XCFrameworkIntermediates/ReactNativeDependencies\"\ \"/Users/tavishagarwal/Library/Developer/Xcode/DerivedData/Vybe-eypqtupuvqzwmybaqlzhbqpdfpou/Build/Products/Debug-iphonesimulator/XCFrameworkIntermediates/hermes-engine/Pre-built\"
    export FRAMEWORK_VERSION\=A
    export FUSE_BUILD_PHASES\=YES
    export FUSE_BUILD_SCRIPT_PHASES\=NO
    export GCC3_VERSION\=3.3
    export GCC_C_LANGUAGE_STANDARD\=gnu11
    export GCC_DYNAMIC_NO_PIC\=NO
    export GCC_NO_COMMON_BLOCKS\=YES
    export GCC_OBJC_LEGACY_DISPATCH\=YES
    export GCC_OPTIMIZATION_LEVEL\=0
    export GCC_PFE_FILE_C_DIALECTS\=c\ objective-c\ c++\ objective-c++
    export GCC_PREPROCESSOR_DEFINITIONS\=POD_CONFIGURATION_DEBUG\=1\ DEBUG\=1\ \ COCOAPODS\=1
    export GCC_TREAT_WARNINGS_AS_ERRORS\=NO
    export GCC_VERSION\=com.apple.compilers.llvm.clang.1_0
    export GCC_VERSION_IDENTIFIER\=com_apple_compilers_llvm_clang_1_0
    export GCC_WARN_64_TO_32_BIT_CONVERSION\=YES
    export GCC_WARN_ABOUT_RETURN_TYPE\=YES_ERROR
    export GCC_WARN_UNDECLARED_SELECTOR\=YES
    export GCC_WARN_UNINITIALIZED_AUTOS\=YES_AGGRESSIVE
    export GCC_WARN_UNUSED_FUNCTION\=YES
    export GCC_WARN_UNUSED_VARIABLE\=YES
    export GENERATED_MODULEMAP_DIR\=/Users/tavishagarwal/Library/Developer/Xcode/DerivedData/Vybe-eypqtupuvqzwmybaqlzhbqpdfpou/Build/Intermediates.noindex/GeneratedModuleMaps-iphonesimulator
    export GENERATE_INFOPLIST_FILE\=NO
    export GENERATE_INTERMEDIATE_TEXT_BASED_STUBS\=YES
    export GENERATE_PKGINFO_FILE\=NO
    export GENERATE_PRELINK_OBJECT_FILE\=NO
    export GENERATE_PROFILING_CODE\=NO
    export GENERATE_TEXT_BASED_STUBS\=NO
    export GID\=20
    export GROUP\=staff
    export HEADERMAP_INCLUDES_FLAT_ENTRIES_FOR_TARGET_BEING_BUILT\=YES
    export HEADERMAP_INCLUDES_FRAMEWORK_ENTRIES_FOR_ALL_PRODUCT_TYPES\=YES
    export HEADERMAP_INCLUDES_FRAMEWORK_ENTRIES_FOR_TARGETS_NOT_BEING_BUILT\=YES
    export HEADERMAP_INCLUDES_NONPUBLIC_NONPRIVATE_HEADERS\=YES
    export HEADERMAP_INCLUDES_PROJECT_HEADERS\=YES
    export HEADERMAP_USES_FRAMEWORK_PREFIX_ENTRIES\=YES
    export HEADERMAP_USES_VFS\=NO
    export HEADER_SEARCH_PATHS\=\ \"/Users/tavishagarwal/Desktop/Vybe/ios/Pods/Headers/Private\"\ \"/Users/tavishagarwal/Desktop/Vybe/ios/Pods/Headers/Private/React-RCTFBReactNativeSpec\"\ \"/Users/tavishagarwal/Desktop/Vybe/ios/Pods/Headers/Public\"\ \"/Users/tavishagarwal/Desktop/Vybe/ios/Pods/Headers/Public/FBLazyVector\"\ \"/Users/tavishagarwal/Desktop/Vybe/ios/Pods/Headers/Public/RCTDeprecation\"\ \"/Users/tavishagarwal/Desktop/Vybe/ios/Pods/Headers/Public/RCTRequired\"\ \"/Users/tavishagarwal/Desktop/Vybe/ios/Pods/Headers/Public/RCTTypeSafety\"\ \"/Users/tavishagarwal/Desktop/Vybe/ios/Pods/Headers/Public/React-Core\"\ \"/Users/tavishagarwal/Desktop/Vybe/ios/Pods/Headers/Public/React-Core-prebuilt\"\ \"/Users/tavishagarwal/Desktop/Vybe/ios/Pods/Headers/Public/React-Fabric\"\ \"/Users/tavishagarwal/Desktop/Vybe/ios/Pods/Headers/Public/React-NativeModulesApple\"\ \"/Users/tavishagarwal/Desktop/Vybe/ios/Pods/Headers/Public/React-RCTFBReactNativeSpec\"\ \"/Users/tavishagarwal/Desktop/Vybe/ios/Pods/Headers/Public/React-callinvoker\"\ \"/Users/tavishagarwal/Desktop/Vybe/ios/Pods/Headers/Public/React-cxxreact\"\ \"/Users/tavishagarwal/Desktop/Vybe/ios/Pods/Headers/Public/React-debug\"\ \"/Users/tavishagarwal/Desktop/Vybe/ios/Pods/Headers/Public/React-featureflags\"\ \"/Users/tavishagarwal/Desktop/Vybe/ios/Pods/Headers/Public/React-graphics\"\ \"/Users/tavishagarwal/Desktop/Vybe/ios/Pods/Headers/Public/React-hermes\"\ \"/Users/tavishagarwal/Desktop/Vybe/ios/Pods/Headers/Public/React-jsi\"\ \"/Users/tavishagarwal/Desktop/Vybe/ios/Pods/Headers/Public/React-jsiexecutor\"\ \"/Users/tavishagarwal/Desktop/Vybe/ios/Pods/Headers/Public/React-jsinspector\"\ \"/Users/tavishagarwal/Desktop/Vybe/ios/Pods/Headers/Public/React-jsinspectorcdp\"\ \"/Users/tavishagarwal/Desktop/Vybe/ios/Pods/Headers/Public/React-jsinspectornetwork\"\ \"/Users/tavishagarwal/Desktop/Vybe/ios/Pods/Headers/Public/React-jsinspectortracing\"\ \"/Users/tavishagarwal/Desktop/Vybe/ios/Pods/Headers/Public/React-jsitooling\"\ \"/Users/tavishagarwal/Desktop/Vybe/ios/Pods/Headers/Public/React-logger\"\ \"/Users/tavishagarwal/Desktop/Vybe/ios/Pods/Headers/Public/React-oscompat\"\ \"/Users/tavishagarwal/Desktop/Vybe/ios/Pods/Headers/Public/React-perflogger\"\ \"/Users/tavishagarwal/Desktop/Vybe/ios/Pods/Headers/Public/React-performancecdpmetrics\"\ \"/Users/tavishagarwal/Desktop/Vybe/ios/Pods/Headers/Public/React-performancetimeline\"\ \"/Users/tavishagarwal/Desktop/Vybe/ios/Pods/Headers/Public/React-rendererconsistency\"\ \"/Users/tavishagarwal/Desktop/Vybe/ios/Pods/Headers/Public/React-renderercss\"\ \"/Users/tavishagarwal/Desktop/Vybe/ios/Pods/Headers/Public/React-rendererdebug\"\ \"/Users/tavishagarwal/Desktop/Vybe/ios/Pods/Headers/Public/React-runtimeexecutor\"\ \"/Users/tavishagarwal/Desktop/Vybe/ios/Pods/Headers/Public/React-runtimescheduler\"\ \"/Users/tavishagarwal/Desktop/Vybe/ios/Pods/Headers/Public/React-timing\"\ \"/Users/tavishagarwal/Desktop/Vybe/ios/Pods/Headers/Public/React-utils\"\ \"/Users/tavishagarwal/Desktop/Vybe/ios/Pods/Headers/Public/ReactCommon\"\ \"/Users/tavishagarwal/Desktop/Vybe/ios/Pods/Headers/Public/ReactNativeDependencies\"\ \"/Users/tavishagarwal/Desktop/Vybe/ios/Pods/Headers/Public/Yoga\"\ \"/Users/tavishagarwal/Desktop/Vybe/ios/Pods/Headers/Public/hermes-engine\"\ \"/Users/tavishagarwal/Desktop/Vybe/ios/Pods/../../node_modules/react-native/React/FBReactNativeSpec\"\ \"/Users/tavishagarwal/Desktop/Vybe/ios/Pods/Headers/Private/Yoga\"\ \"/Users/tavishagarwal/Desktop/Vybe/ios/Pods/ReactCommon\"\ \"/Users/tavishagarwal/Desktop/Vybe/ios/Pods/ReactCommon/react/nativemodule/core\"\ \"/Users/tavishagarwal/Desktop/Vybe/ios/Pods/ReactCommon\"\ \"/Users/tavishagarwal/Desktop/Vybe/ios/Pods/ReactCommon/react/nativemodule/bridging\"\ \"/Users/tavishagarwal/Desktop/Vybe/ios/Pods/../../node_modules/react-native/React/FBReactNativeSpec\"\ \"/Users/tavishagarwal/Desktop/Vybe/ios/Pods/Headers/Private/Yoga\"\ \"/Users/tavishagarwal/Desktop/Vybe/ios/Pods/ReactCommon\"\ \"/Users/tavishagarwal/Desktop/Vybe/ios/Pods/ReactCommon/react/nativemodule/core\"\ \"/Users/tavishagarwal/Desktop/Vybe/ios/Pods/ReactCommon\"\ \"/Users/tavishagarwal/Desktop/Vybe/ios/Pods/ReactCommon/react/nativemodule/bridging\"\ \"/Users/tavishagarwal/Desktop/Vybe/ios/Pods/React-featureflags\"\ \"/Users/tavishagarwal/Desktop/Vybe/ios/Pods/React-debug\"\ \"/Users/tavishagarwal/Desktop/Vybe/ios/Pods/React-rendererdebug\"\ \"/Users/tavishagarwal/Desktop/Vybe/ios/Pods/React-utils\"\ \"/Users/tavishagarwal/Desktop/Vybe/ios/Pods/React-graphics\"\ \"/Users/tavishagarwal/Desktop/Vybe/ios/Pods/React-graphics/react/renderer/graphics/platform/ios\"\ \"/Users/tavishagarwal/Desktop/Vybe/ios/Pods/React-Fabric\"\ \"/Users/tavishagarwal/Desktop/Vybe/ios/Pods/React-Fabric/react/renderer/components/view/platform/cxx\"
    export HOME\=/Users/tavishagarwal
    export HOST_ARCH\=arm64
    export HOST_PLATFORM\=macosx
    export ICONV\=/usr/bin/iconv
    export IMPLICIT_DEPENDENCY_DOMAIN\=default
    export INDEX_STORE_COMPRESS\=NO
    export INDEX_STORE_ONLY_PROJECT_FILES\=NO
    export INFOPLIST_ENABLE_CFBUNDLEICONS_MERGE\=YES
    export INFOPLIST_EXPAND_BUILD_SETTINGS\=YES
    export INFOPLIST_OUTPUT_FORMAT\=binary
    export INFOPLIST_PREPROCESS\=NO
    export INLINE_PRIVATE_FRAMEWORKS\=NO
    export INSTALLAPI_IGNORE_SKIP_INSTALL\=YES
    export INSTALLHDRS_COPY_PHASE\=NO
    export INSTALLHDRS_SCRIPT_PHASE\=NO
    export INSTALL_DIR\=/tmp/Pods.dst
    export INSTALL_GROUP\=staff
    export INSTALL_MODE_FLAG\=u+w,go-w,a+rX
    export INSTALL_OWNER\=tavishagarwal
    export INSTALL_ROOT\=/tmp/Pods.dst
    export IPHONEOS_DEPLOYMENT_TARGET\=15.1
    export IS_UNOPTIMIZED_BUILD\=YES
    export JAVAC_DEFAULT_FLAGS\=-J-Xms64m\ -J-XX:NewSize\=4M\ -J-Dfile.encoding\=UTF8
    export JAVA_APP_STUB\=/System/Library/Frameworks/JavaVM.framework/Resources/MacOS/JavaApplicationStub
    export JAVA_ARCHIVE_CLASSES\=YES
    export JAVA_ARCHIVE_TYPE\=JAR
    export JAVA_COMPILER\=/usr/bin/javac
    export JAVA_FRAMEWORK_RESOURCES_DIRS\=Resources
    export JAVA_JAR_FLAGS\=cv
    export JAVA_SOURCE_SUBDIR\=.
    export JAVA_USE_DEPENDENCIES\=YES
    export JAVA_ZIP_FLAGS\=-urg
    export JIKES_DEFAULT_FLAGS\=+E\ +OLDCSO
    export KEEP_PRIVATE_EXTERNS\=NO
    export LD_DEPENDENCY_INFO_FILE\=/Users/tavishagarwal/Library/Developer/Xcode/DerivedData/Vybe-eypqtupuvqzwmybaqlzhbqpdfpou/Build/Intermediates.noindex/Pods.build/Debug-iphonesimulator/React-RCTFBReactNativeSpec.build/Objects-normal/undefined_arch/React-RCTFBReactNativeSpec_dependency_info.dat
    export LD_EXPORT_SYMBOLS\=YES
    export LD_GENERATE_MAP_FILE\=NO
    export LD_MAP_FILE_PATH\=/Users/tavishagarwal/Library/Developer/Xcode/DerivedData/Vybe-eypqtupuvqzwmybaqlzhbqpdfpou/Build/Intermediates.noindex/Pods.build/Debug-iphonesimulator/React-RCTFBReactNativeSpec.build/React-RCTFBReactNativeSpec-LinkMap-normal-undefined_arch.txt
    export LD_NO_PIE\=NO
    export LD_QUOTE_LINKER_ARGUMENTS_FOR_COMPILER_DRIVER\=YES
    export LD_RUNPATH_SEARCH_PATHS\=\ @executable_path/Frameworks
    export LD_SHARED_CACHE_ELIGIBLE\=Automatic
    export LD_WARN_DUPLICATE_LIBRARIES\=NO
    export LD_WARN_UNUSED_DYLIBS\=NO
    export LEGACY_DEVELOPER_DIR\=/Applications/Xcode.app/Contents/PlugIns/Xcode3Core.ideplugin/Contents/SharedSupport/Developer
    export LEX\=lex
    export LIBRARY_DEXT_INSTALL_PATH\=/Library/DriverExtensions
    export LIBRARY_FLAG_NOSPACE\=YES
    export LIBRARY_KEXT_INSTALL_PATH\=/Library/Extensions
    export LINKER_DISPLAYS_MANGLED_NAMES\=NO
    export LINK_FILE_LIST_normal_arm64\=/Users/tavishagarwal/Library/Developer/Xcode/DerivedData/Vybe-eypqtupuvqzwmybaqlzhbqpdfpou/Build/Intermediates.noindex/Pods.build/Debug-iphonesimulator/React-RCTFBReactNativeSpec.build/Objects-normal/arm64/React-RCTFBReactNativeSpec.LinkFileList
    export LINK_OBJC_RUNTIME\=YES
    export LINK_WITH_STANDARD_LIBRARIES\=YES
    export LLVM_TARGET_TRIPLE_OS_VERSION\=ios15.1
    export LLVM_TARGET_TRIPLE_SUFFIX\=-simulator
    export LLVM_TARGET_TRIPLE_VENDOR\=apple
    export LM_AUX_CONST_METADATA_LIST_PATH_normal_arm64\=/Users/tavishagarwal/Library/Developer/Xcode/DerivedData/Vybe-eypqtupuvqzwmybaqlzhbqpdfpou/Build/Intermediates.noindex/Pods.build/Debug-iphonesimulator/React-RCTFBReactNativeSpec.build/Objects-normal/arm64/React-RCTFBReactNativeSpec.SwiftConstValuesFileList
    export LOCALIZATION_EXPORT_SUPPORTED\=YES
    export LOCALIZATION_PREFERS_STRING_CATALOGS\=NO
    export LOCALIZED_STRING_CODE_COMMENTS\=NO
    export LOCALIZED_STRING_MACRO_NAMES\=NSLocalizedString\ CFCopyLocalizedString
    export LOCALIZED_STRING_SWIFTUI_SUPPORT\=YES
    export LOCAL_ADMIN_APPS_DIR\=/Applications/Utilities
    export LOCAL_APPS_DIR\=/Applications
    export LOCAL_DEVELOPER_DIR\=/Library/Developer
    export LOCAL_LIBRARY_DIR\=/Library
    export LOCROOT\=/Users/tavishagarwal/Desktop/Vybe/ios/Pods
    export LOCSYMROOT\=/Users/tavishagarwal/Desktop/Vybe/ios/Pods
    export MAC_OS_X_PRODUCT_BUILD_VERSION\=25E253
    export MAC_OS_X_VERSION_ACTUAL\=260401
    export MAC_OS_X_VERSION_MAJOR\=260000
    export MAC_OS_X_VERSION_MINOR\=260400
    export MAKE_MERGEABLE\=NO
    export MERGEABLE_LIBRARY\=NO
    export MERGED_BINARY_TYPE\=none
    export MERGE_LINKED_LIBRARIES\=NO
    export METAL_LIBRARY_FILE_BASE\=default
    export METAL_LIBRARY_OUTPUT_DIR\=/Users/tavishagarwal/Library/Developer/Xcode/DerivedData/Vybe-eypqtupuvqzwmybaqlzhbqpdfpou/Build/Products/Debug-iphonesimulator/React-RCTFBReactNativeSpec/
    export MODULE_CACHE_DIR\=/Users/tavishagarwal/Library/Developer/Xcode/DerivedData/ModuleCache.noindex
    export MTL_ENABLE_DEBUG_INFO\=INCLUDE_SOURCE
    export MTL_FAST_MATH\=YES
    export NATIVE_ARCH\=arm64
    export NATIVE_ARCH_32_BIT\=arm
    export NATIVE_ARCH_64_BIT\=arm64
    export NATIVE_ARCH_ACTUAL\=arm64
    export NO_COMMON\=YES
    export OBJC_ABI_VERSION\=2
    export OBJECT_FILE_DIR\=/Users/tavishagarwal/Library/Developer/Xcode/DerivedData/Vybe-eypqtupuvqzwmybaqlzhbqpdfpou/Build/Intermediates.noindex/Pods.build/Debug-iphonesimulator/React-RCTFBReactNativeSpec.build/Objects
    export OBJECT_FILE_DIR_normal\=/Users/tavishagarwal/Library/Developer/Xcode/DerivedData/Vybe-eypqtupuvqzwmybaqlzhbqpdfpou/Build/Intermediates.noindex/Pods.build/Debug-iphonesimulator/React-RCTFBReactNativeSpec.build/Objects-normal
    export OBJROOT\=/Users/tavishagarwal/Library/Developer/Xcode/DerivedData/Vybe-eypqtupuvqzwmybaqlzhbqpdfpou/Build/Intermediates.noindex
    export ONLY_ACTIVE_ARCH\=YES
    export OS\=MACOS
    export OSAC\=/usr/bin/osacompile
    export PASCAL_STRINGS\=YES
    export PATH\=/Applications/Xcode.app/Contents/SharedFrameworks/SwiftBuild.framework/Versions/A/PlugIns/SWBBuildService.bundle/Contents/PlugIns/SWBUniversalPlatformPlugin.bundle/Contents/Frameworks/SWBUniversalPlatform.framework/Resources:/Applications/Xcode.app/Contents/Developer/Toolchains/XcodeDefault.xctoolchain/usr/bin:/Applications/Xcode.app/Contents/Developer/Toolchains/XcodeDefault.xctoolchain/usr/local/bin:/Applications/Xcode.app/Contents/Developer/Toolchains/XcodeDefault.xctoolchain/usr/libexec:/Applications/Xcode.app/Contents/Developer/Platforms/iPhoneSimulator.platform/usr/bin:/Applications/Xcode.app/Contents/Developer/Platforms/iPhoneSimulator.platform/usr/local/bin:/Applications/Xcode.app/Contents/Developer/Platforms/iPhoneSimulator.platform/Developer/usr/bin:/Applications/Xcode.app/Contents/Developer/Platforms/iPhoneSimulator.platform/Developer/usr/local/bin:/Applications/Xcode.app/Contents/Developer/usr/bin:/Applications/Xcode.app/Contents/Developer/usr/local/bin:/Users/tavishagarwal/.antigravity/antigravity/bin:/Users/tavishagarwal/.local/bin:/Users/tavishagarwal/.codeium/windsurf/bin:/opt/homebrew/bin:/opt/homebrew/sbin:/Library/Frameworks/Python.framework/Versions/3.14/bin:/usr/local/bin:/System/Cryptexes/App/usr/bin:/usr/bin:/bin:/usr/sbin:/sbin:/var/run/com.apple.security.cryptexd/codex.system/bootstrap/usr/local/bin:/var/run/com.apple.security.cryptexd/codex.system/bootstrap/usr/bin:/var/run/com.apple.security.cryptexd/codex.system/bootstrap/usr/appleinternal/bin:/opt/pkg/env/active/bin:/opt/pmk/env/global/bin:/Library/Apple/usr/bin:/Library/TeX/texbin:/Users/tavishagarwal/development/flutter/bin:/Users/tavishagarwal/Library/Application\ Support/Code/User/globalStorage/github.copilot-chat/debugCommand
    export PATH_PREFIXES_EXCLUDED_FROM_HEADER_DEPENDENCIES\=/usr/include\ /usr/local/include\ /System/Library/Frameworks\ /System/Library/PrivateFrameworks\ /Applications/Xcode.app/Contents/Developer/Headers\ /Applications/Xcode.app/Contents/Developer/SDKs\ /Applications/Xcode.app/Contents/Developer/Platforms
    export PER_ARCH_MODULE_FILE_DIR\=/Users/tavishagarwal/Library/Developer/Xcode/DerivedData/Vybe-eypqtupuvqzwmybaqlzhbqpdfpou/Build/Intermediates.noindex/Pods.build/Debug-iphonesimulator/React-RCTFBReactNativeSpec.build/Objects-normal/undefined_arch
    export PER_ARCH_OBJECT_FILE_DIR\=/Users/tavishagarwal/Library/Developer/Xcode/DerivedData/Vybe-eypqtupuvqzwmybaqlzhbqpdfpou/Build/Intermediates.noindex/Pods.build/Debug-iphonesimulator/React-RCTFBReactNativeSpec.build/Objects-normal/undefined_arch
    export PER_VARIANT_OBJECT_FILE_DIR\=/Users/tavishagarwal/Library/Developer/Xcode/DerivedData/Vybe-eypqtupuvqzwmybaqlzhbqpdfpou/Build/Intermediates.noindex/Pods.build/Debug-iphonesimulator/React-RCTFBReactNativeSpec.build/Objects-normal
    export PKGINFO_FILE_PATH\=/Users/tavishagarwal/Library/Developer/Xcode/DerivedData/Vybe-eypqtupuvqzwmybaqlzhbqpdfpou/Build/Intermediates.noindex/Pods.build/Debug-iphonesimulator/React-RCTFBReactNativeSpec.build/PkgInfo
    export PLATFORM_DEVELOPER_APPLICATIONS_DIR\=/Applications/Xcode.app/Contents/Developer/Platforms/iPhoneSimulator.platform/Developer/Applications
    export PLATFORM_DEVELOPER_BIN_DIR\=/Applications/Xcode.app/Contents/Developer/Platforms/iPhoneSimulator.platform/Developer/usr/bin
    export PLATFORM_DEVELOPER_LIBRARY_DIR\=/Applications/Xcode.app/Contents/Developer/Platforms/iPhoneSimulator.platform/Developer/Library
    export PLATFORM_DEVELOPER_SDK_DIR\=/Applications/Xcode.app/Contents/Developer/Platforms/iPhoneSimulator.platform/Developer/SDKs
    export PLATFORM_DEVELOPER_TOOLS_DIR\=/Applications/Xcode.app/Contents/Developer/Platforms/iPhoneSimulator.platform/Developer/Tools
    export PLATFORM_DEVELOPER_USR_DIR\=/Applications/Xcode.app/Contents/Developer/Platforms/iPhoneSimulator.platform/Developer/usr
    export PLATFORM_DIR\=/Applications/Xcode.app/Contents/Developer/Platforms/iPhoneSimulator.platform
    export PLATFORM_DISPLAY_NAME\=iOS\ Simulator
    export PLATFORM_FAMILY_NAME\=iOS
    export PLATFORM_NAME\=iphonesimulator
    export PLATFORM_PREFERRED_ARCH\=x86_64
    export PLATFORM_PRODUCT_BUILD_VERSION\=23E252
    export PLATFORM_REQUIRES_SWIFT_AUTOLINK_EXTRACT\=NO
    export PLATFORM_REQUIRES_SWIFT_MODULEWRAP\=NO
    export PLATFORM_USES_DSYMS\=YES
    export PLIST_FILE_OUTPUT_FORMAT\=binary
    export PODS_BUILD_DIR\=/Users/tavishagarwal/Library/Developer/Xcode/DerivedData/Vybe-eypqtupuvqzwmybaqlzhbqpdfpou/Build/Products
    export PODS_CONFIGURATION_BUILD_DIR\=/Users/tavishagarwal/Library/Developer/Xcode/DerivedData/Vybe-eypqtupuvqzwmybaqlzhbqpdfpou/Build/Products/Debug-iphonesimulator
    export PODS_DEVELOPMENT_LANGUAGE\=en
    export PODS_ROOT\=/Users/tavishagarwal/Desktop/Vybe/ios/Pods
    export PODS_TARGET_SRCROOT\=/Users/tavishagarwal/Desktop/Vybe/ios/Pods/../../node_modules/react-native/React
    export PODS_XCFRAMEWORKS_BUILD_DIR\=/Users/tavishagarwal/Library/Developer/Xcode/DerivedData/Vybe-eypqtupuvqzwmybaqlzhbqpdfpou/Build/Products/Debug-iphonesimulator/XCFrameworkIntermediates
    export PRECOMPS_INCLUDE_HEADERS_FROM_BUILT_PRODUCTS_DIR\=YES
    export PRECOMP_DESTINATION_DIR\=/Users/tavishagarwal/Library/Developer/Xcode/DerivedData/Vybe-eypqtupuvqzwmybaqlzhbqpdfpou/Build/Intermediates.noindex/Pods.build/Debug-iphonesimulator/React-RCTFBReactNativeSpec.build/PrefixHeaders
    export PROCESSED_INFOPLIST_PATH\=/Users/tavishagarwal/Library/Developer/Xcode/DerivedData/Vybe-eypqtupuvqzwmybaqlzhbqpdfpou/Build/Intermediates.noindex/Pods.build/Debug-iphonesimulator/React-RCTFBReactNativeSpec.build/Objects-normal/undefined_arch/Processed-Info.plist
    export PRODUCT_BUNDLE_IDENTIFIER\=org.cocoapods.React-RCTFBReactNativeSpec
    export PRODUCT_MODULE_NAME\=React_RCTFBReactNativeSpec
    export PRODUCT_NAME\=React-RCTFBReactNativeSpec
    export PRODUCT_SETTINGS_PATH\=
    export PROFILING_CODE\=NO
    export PROJECT\=Pods
    export PROJECT_DERIVED_FILE_DIR\=/Users/tavishagarwal/Library/Developer/Xcode/DerivedData/Vybe-eypqtupuvqzwmybaqlzhbqpdfpou/Build/Intermediates.noindex/Pods.build/DerivedSources
    export PROJECT_DIR\=/Users/tavishagarwal/Desktop/Vybe/ios/Pods
    export PROJECT_FILE_PATH\=/Users/tavishagarwal/Desktop/Vybe/ios/Pods/Pods.xcodeproj
    export PROJECT_GUID\=8699adb1dd336b26511df848a716bd42
    export PROJECT_NAME\=Pods
    export PROJECT_TEMP_DIR\=/Users/tavishagarwal/Library/Developer/Xcode/DerivedData/Vybe-eypqtupuvqzwmybaqlzhbqpdfpou/Build/Intermediates.noindex/Pods.build
    export PROJECT_TEMP_ROOT\=/Users/tavishagarwal/Library/Developer/Xcode/DerivedData/Vybe-eypqtupuvqzwmybaqlzhbqpdfpou/Build/Intermediates.noindex
    export REACT_NATIVE_PATH\=/Users/tavishagarwal/Desktop/Vybe/ios/Pods/../../node_modules/react-native
    export RECOMMENDED_IPHONEOS_DEPLOYMENT_TARGET\=15.0
    export RECURSIVE_SEARCH_PATHS_FOLLOW_SYMLINKS\=YES
    export REMOVE_CVS_FROM_RESOURCES\=YES
    export REMOVE_GIT_FROM_RESOURCES\=YES
    export REMOVE_HEADERS_FROM_EMBEDDED_BUNDLES\=YES
    export REMOVE_HG_FROM_RESOURCES\=YES
    export REMOVE_STATIC_EXECUTABLES_FROM_EMBEDDED_BUNDLES\=YES
    export REMOVE_SVN_FROM_RESOURCES\=YES
    export RESCHEDULE_INDEPENDENT_HEADERS_PHASES\=YES
    export REZ_COLLECTOR_DIR\=/Users/tavishagarwal/Library/Developer/Xcode/DerivedData/Vybe-eypqtupuvqzwmybaqlzhbqpdfpou/Build/Intermediates.noindex/Pods.build/Debug-iphonesimulator/React-RCTFBReactNativeSpec.build/ResourceManagerResources
    export REZ_OBJECTS_DIR\=/Users/tavishagarwal/Library/Developer/Xcode/DerivedData/Vybe-eypqtupuvqzwmybaqlzhbqpdfpou/Build/Intermediates.noindex/Pods.build/Debug-iphonesimulator/React-RCTFBReactNativeSpec.build/ResourceManagerResources/Objects
    export RPATH_ORIGIN\=@loader_path
    export RUNTIME_EXCEPTION_ALLOW_DYLD_ENVIRONMENT_VARIABLES\=NO
    export RUNTIME_EXCEPTION_ALLOW_JIT\=NO
    export RUNTIME_EXCEPTION_ALLOW_UNSIGNED_EXECUTABLE_MEMORY\=NO
    export RUNTIME_EXCEPTION_DEBUGGING_TOOL\=NO
    export RUNTIME_EXCEPTION_DISABLE_EXECUTABLE_PAGE_PROTECTION\=NO
    export RUNTIME_EXCEPTION_DISABLE_LIBRARY_VALIDATION\=NO
    export SCANNING_PCM_KEEP_CACHE_DIRECTORY\=YES
    export SCAN_ALL_SOURCE_FILES_FOR_INCLUDES\=NO
    export SCRIPT_INPUT_FILE_COUNT\=0
    export SCRIPT_INPUT_FILE_LIST_COUNT\=0
    export SCRIPT_OUTPUT_FILE_COUNT\=0
    export SCRIPT_OUTPUT_FILE_LIST_COUNT\=0
    export SDKROOT\=/Applications/Xcode.app/Contents/Developer/Platforms/iPhoneSimulator.platform/Developer/SDKs/iPhoneSimulator26.4.sdk
    export SDK_DIR\=/Applications/Xcode.app/Contents/Developer/Platforms/iPhoneSimulator.platform/Developer/SDKs/iPhoneSimulator26.4.sdk
    export SDK_DIR_iphonesimulator\=/Applications/Xcode.app/Contents/Developer/Platforms/iPhoneSimulator.platform/Developer/SDKs/iPhoneSimulator26.4.sdk
    export SDK_DIR_iphonesimulator26_4\=/Applications/Xcode.app/Contents/Developer/Platforms/iPhoneSimulator.platform/Developer/SDKs/iPhoneSimulator26.4.sdk
    export SDK_NAME\=iphonesimulator26.4
    export SDK_NAMES\=iphonesimulator26.4
    export SDK_PRODUCT_BUILD_VERSION\=23E252
    export SDK_STAT_CACHE_DIR\=/Users/tavishagarwal/Library/Developer/Xcode/DerivedData
    export SDK_STAT_CACHE_ENABLE\=YES
    export SDK_STAT_CACHE_PATH\=/Users/tavishagarwal/Library/Developer/Xcode/DerivedData/SDKStatCaches.noindex/iphonesimulator26.4-23E252-686eebb5dc1d8ecb277353a59184f4aa.sdkstatcache
    export SDK_VERSION\=26.4
    export SDK_VERSION_ACTUAL\=260400
    export SDK_VERSION_MAJOR\=260000
    export SDK_VERSION_MINOR\=260400
    export SED\=/usr/bin/sed
    export SEPARATE_STRIP\=NO
    export SEPARATE_SYMBOL_EDIT\=NO
    export SET_DIR_MODE_OWNER_GROUP\=YES
    export SET_FILE_MODE_OWNER_GROUP\=NO
    export SHALLOW_BUNDLE\=NO
    export SHARED_DERIVED_FILE_DIR\=/Users/tavishagarwal/Library/Developer/Xcode/DerivedData/Vybe-eypqtupuvqzwmybaqlzhbqpdfpou/Build/Products/Debug-iphonesimulator/React-RCTFBReactNativeSpec/DerivedSources
    export SHARED_PRECOMPS_DIR\=/Users/tavishagarwal/Library/Developer/Xcode/DerivedData/Vybe-eypqtupuvqzwmybaqlzhbqpdfpou/Build/Intermediates.noindex/PrecompiledHeaders
    export SKIP_INSTALL\=YES
    export SKIP_MERGEABLE_LIBRARY_BUNDLE_HOOK\=NO
    export SOURCE_ROOT\=/Users/tavishagarwal/Desktop/Vybe/ios/Pods
    export SRCROOT\=/Users/tavishagarwal/Desktop/Vybe/ios/Pods
    export STRINGSDATA_DIR\=/Users/tavishagarwal/Library/Developer/Xcode/DerivedData/Vybe-eypqtupuvqzwmybaqlzhbqpdfpou/Build/Intermediates.noindex/Pods.build/Debug-iphonesimulator/React-RCTFBReactNativeSpec.build/Objects-normal/undefined_arch
    export STRINGSDATA_ROOT\=/Users/tavishagarwal/Library/Developer/Xcode/DerivedData/Vybe-eypqtupuvqzwmybaqlzhbqpdfpou/Build/Intermediates.noindex/Pods.build/Debug-iphonesimulator/React-RCTFBReactNativeSpec.build
    export STRINGS_FILE_INFOPLIST_RENAME\=YES
    export STRINGS_FILE_OUTPUT_ENCODING\=binary
    export STRING_CATALOG_GENERATE_SYMBOLS\=NO
    export STRIP_BITCODE_FROM_COPIED_FILES\=NO
    export STRIP_INSTALLED_PRODUCT\=NO
    export STRIP_STYLE\=all
    export STRIP_SWIFT_SYMBOLS\=YES
    export SUPPORTED_DEVICE_FAMILIES\=1,2
    export SUPPORTED_PLATFORMS\=iphoneos\ iphonesimulator
    export SUPPORTS_TEXT_BASED_API\=NO
    export SUPPRESS_WARNINGS\=NO
    export SWIFT_ACTIVE_COMPILATION_CONDITIONS\=\ DEBUG
    export SWIFT_EMIT_CONST_VALUE_PROTOCOLS\=AnyResolverProviding\ AppEntity\ AppEnum\ AppExtension\ AppIntent\ AppIntentsPackage\ AppShortcutProviding\ AppShortcutsProvider\ AppUnionValue\ AppUnionValueCasesProviding\ DynamicOptionsProvider\ EntityQuery\ ExtensionPointDefining\ IntentValueQuery\ Resolver\ TransientEntity\ _AssistantIntentsProvider\ _GenerativeFunctionExtractable\ _IntentValueRepresentable
    export SWIFT_EMIT_LOC_STRINGS\=NO
    export SWIFT_EMIT_MODULE_INTERFACE\=NO
    export SWIFT_ENABLE_EXPLICIT_MODULES\=NO
    export SWIFT_OPTIMIZATION_LEVEL\=-Onone
    export SWIFT_PLATFORM_TARGET_PREFIX\=ios
    export SWIFT_RESPONSE_FILE_PATH_normal_arm64\=/Users/tavishagarwal/Library/Developer/Xcode/DerivedData/Vybe-eypqtupuvqzwmybaqlzhbqpdfpou/Build/Intermediates.noindex/Pods.build/Debug-iphonesimulator/React-RCTFBReactNativeSpec.build/Objects-normal/arm64/React-RCTFBReactNativeSpec.SwiftFileList
    export SWIFT_VERSION\=5.0
    export SYMROOT\=/Users/tavishagarwal/Library/Developer/Xcode/DerivedData/Vybe-eypqtupuvqzwmybaqlzhbqpdfpou/Build/Products
    export SYSTEM_ADMIN_APPS_DIR\=/Applications/Utilities
    export SYSTEM_APPS_DIR\=/Applications
    export SYSTEM_CORE_SERVICES_DIR\=/System/Library/CoreServices
    export SYSTEM_DEMOS_DIR\=/Applications/Extras
    export SYSTEM_DEVELOPER_APPS_DIR\=/Applications/Xcode.app/Contents/Developer/Applications
    export SYSTEM_DEVELOPER_BIN_DIR\=/Applications/Xcode.app/Contents/Developer/usr/bin
    export SYSTEM_DEVELOPER_DEMOS_DIR\=/Applications/Xcode.app/Contents/Developer/Applications/Utilities/Built\ Examples
    export SYSTEM_DEVELOPER_DIR\=/Applications/Xcode.app/Contents/Developer
    export SYSTEM_DEVELOPER_DOC_DIR\=/Applications/Xcode.app/Contents/Developer/ADC\ Reference\ Library
    export SYSTEM_DEVELOPER_GRAPHICS_TOOLS_DIR\=/Applications/Xcode.app/Contents/Developer/Applications/Graphics\ Tools
    export SYSTEM_DEVELOPER_JAVA_TOOLS_DIR\=/Applications/Xcode.app/Contents/Developer/Applications/Java\ Tools
    export SYSTEM_DEVELOPER_PERFORMANCE_TOOLS_DIR\=/Applications/Xcode.app/Contents/Developer/Applications/Performance\ Tools
    export SYSTEM_DEVELOPER_RELEASENOTES_DIR\=/Applications/Xcode.app/Contents/Developer/ADC\ Reference\ Library/releasenotes
    export SYSTEM_DEVELOPER_TOOLS\=/Applications/Xcode.app/Contents/Developer/Tools
    export SYSTEM_DEVELOPER_TOOLS_DOC_DIR\=/Applications/Xcode.app/Contents/Developer/ADC\ Reference\ Library/documentation/DeveloperTools
    export SYSTEM_DEVELOPER_TOOLS_RELEASENOTES_DIR\=/Applications/Xcode.app/Contents/Developer/ADC\ Reference\ Library/releasenotes/DeveloperTools
    export SYSTEM_DEVELOPER_USR_DIR\=/Applications/Xcode.app/Contents/Developer/usr
    export SYSTEM_DEVELOPER_UTILITIES_DIR\=/Applications/Xcode.app/Contents/Developer/Applications/Utilities
    export SYSTEM_DEXT_INSTALL_PATH\=/System/Library/DriverExtensions
    export SYSTEM_DOCUMENTATION_DIR\=/Library/Documentation
    export SYSTEM_KEXT_INSTALL_PATH\=/System/Library/Extensions
    export SYSTEM_LIBRARY_DIR\=/System/Library
    export TAPI_DEMANGLE\=YES
    export TAPI_ENABLE_PROJECT_HEADERS\=NO
    export TAPI_LANGUAGE\=objective-c
    export TAPI_LANGUAGE_STANDARD\=compiler-default
    export TAPI_USE_SRCROOT\=YES
    export TAPI_VERIFY_MODE\=Pedantic
    export TARGETED_DEVICE_FAMILY\=1,2
    export TARGETNAME\=React-RCTFBReactNativeSpec
    export TARGET_BUILD_DIR\=/Users/tavishagarwal/Library/Developer/Xcode/DerivedData/Vybe-eypqtupuvqzwmybaqlzhbqpdfpou/Build/Products/Debug-iphonesimulator/React-RCTFBReactNativeSpec
    export TARGET_DEVICE_IDENTIFIER\=7748A3AC-7593-4AD0-8637-3D3EAE9040AF
    export TARGET_DEVICE_MODEL\=iPhone18,1
    export TARGET_DEVICE_OS_VERSION\=26.4.1
    export TARGET_DEVICE_PLATFORM_NAME\=iphonesimulator
    export TARGET_NAME\=React-RCTFBReactNativeSpec
    export TARGET_TEMP_DIR\=/Users/tavishagarwal/Library/Developer/Xcode/DerivedData/Vybe-eypqtupuvqzwmybaqlzhbqpdfpou/Build/Intermediates.noindex/Pods.build/Debug-iphonesimulator/React-RCTFBReactNativeSpec.build
    export TEMP_DIR\=/Users/tavishagarwal/Library/Developer/Xcode/DerivedData/Vybe-eypqtupuvqzwmybaqlzhbqpdfpou/Build/Intermediates.noindex/Pods.build/Debug-iphonesimulator/React-RCTFBReactNativeSpec.build
    export TEMP_FILES_DIR\=/Users/tavishagarwal/Library/Developer/Xcode/DerivedData/Vybe-eypqtupuvqzwmybaqlzhbqpdfpou/Build/Intermediates.noindex/Pods.build/Debug-iphonesimulator/React-RCTFBReactNativeSpec.build
    export TEMP_FILE_DIR\=/Users/tavishagarwal/Library/Developer/Xcode/DerivedData/Vybe-eypqtupuvqzwmybaqlzhbqpdfpou/Build/Intermediates.noindex/Pods.build/Debug-iphonesimulator/React-RCTFBReactNativeSpec.build
    export TEMP_ROOT\=/Users/tavishagarwal/Library/Developer/Xcode/DerivedData/Vybe-eypqtupuvqzwmybaqlzhbqpdfpou/Build/Intermediates.noindex
    export TEMP_SANDBOX_DIR\=/Users/tavishagarwal/Library/Developer/Xcode/DerivedData/Vybe-eypqtupuvqzwmybaqlzhbqpdfpou/Build/Intermediates.noindex/TemporaryTaskSandboxes
    export TEST_FRAMEWORK_SEARCH_PATHS\=\ /Applications/Xcode.app/Contents/Developer/Platforms/iPhoneSimulator.platform/Developer/Library/Frameworks\ /Applications/Xcode.app/Contents/Developer/Platforms/iPhoneSimulator.platform/Developer/SDKs/iPhoneSimulator26.4.sdk/Developer/Library/Frameworks
    export TEST_LIBRARY_SEARCH_PATHS\=\ /Applications/Xcode.app/Contents/Developer/Platforms/iPhoneSimulator.platform/Developer/usr/lib
    export TOOLCHAINS\=com.apple.dt.toolchain.XcodeDefault
    export TOOLCHAIN_DIR\=/Applications/Xcode.app/Contents/Developer/Toolchains/XcodeDefault.xctoolchain
    export TREAT_MISSING_BASELINES_AS_TEST_FAILURES\=NO
    export TREAT_MISSING_SCRIPT_PHASE_OUTPUTS_AS_ERRORS\=NO
    export UID\=501
    export UNINSTALLED_PRODUCTS_DIR\=/Users/tavishagarwal/Library/Developer/Xcode/DerivedData/Vybe-eypqtupuvqzwmybaqlzhbqpdfpou/Build/Intermediates.noindex/UninstalledProducts
    export UNSTRIPPED_PRODUCT\=NO
    export USER\=tavishagarwal
    export USER_APPS_DIR\=/Users/tavishagarwal/Applications
    export USER_LIBRARY_DIR\=/Users/tavishagarwal/Library
    export USE_DYNAMIC_NO_PIC\=YES
    export USE_HEADERMAP\=NO
    export USE_HEADER_SYMLINKS\=NO
    export USE_HERMES\=true
    export USE_RECURSIVE_SCRIPT_INPUTS_IN_SCRIPT_PHASES\=YES
    export VALIDATE_DEVELOPMENT_ASSET_PATHS\=YES_ERROR
    export VALIDATE_PRODUCT\=NO
    export VALID_ARCHS\=arm64\ x86_64
    export VERBOSE_PBXCP\=NO
    export VERSION_INFO_BUILDER\=tavishagarwal
    export VERSION_INFO_FILE\=React-RCTFBReactNativeSpec_vers.c
    export VERSION_INFO_STRING\=\"@\(\#\)PROGRAM:React-RCTFBReactNativeSpec\ \ PROJECT:Pods-\"
    export WORKSPACE_DIR\=/Users/tavishagarwal/Desktop/Vybe/ios
    export WRAP_ASSET_PACKS_IN_SEPARATE_DIRECTORIES\=NO
    export XCODE_APP_SUPPORT_DIR\=/Applications/Xcode.app/Contents/Developer/Library/Xcode
    export XCODE_PRODUCT_BUILD_VERSION\=17E202
    export XCODE_VERSION_ACTUAL\=2641
    export XCODE_VERSION_MAJOR\=2600
    export XCODE_VERSION_MINOR\=2640
    export XPCSERVICES_FOLDER_PATH\=/XPCServices
    export YACC\=yacc
    export _DISCOVER_COMMAND_LINE_LINKER_INPUTS\=YES
    export _DISCOVER_COMMAND_LINE_LINKER_INPUTS_INCLUDE_WL\=YES
    export _LD_MULTIARCH\=YES
    export __DIAGNOSE_DEPRECATED_ARCHS\=YES
    export __ORIGINAL_SDK_DEFINED_LLVM_TARGET_TRIPLE_SYS\=ios
    export arch\=undefined_arch
    export variant\=normal
    /bin/sh -c /Users/tavishagarwal/Library/Developer/Xcode/DerivedData/Vybe-eypqtupuvqzwmybaqlzhbqpdfpou/Build/Intermediates.noindex/Pods.build/Debug-iphonesimulator/React-RCTFBReactNativeSpec.build/Script-46EB2E00041670.sh
Checking whether Codegen has run...

ScanDependencies /Users/tavishagarwal/Library/Developer/Xcode/DerivedData/Vybe-eypqtupuvqzwmybaqlzhbqpdfpou/Build/Intermediates.noindex/Pods.build/Debug-iphonesimulator/RNPaywalls.build/Objects-normal/arm64/CustomerCenterViewManager.o /Users/tavishagarwal/Desktop/Vybe/node_modules/react-native-purchases-ui/ios/CustomerCenterViewManager.m normal arm64 objective-c com.apple.compilers.llvm.clang.1_0.compiler (in target 'RNPaywalls' from project 'Pods')
    cd /Users/tavishagarwal/Desktop/Vybe/ios/Pods
    
    Using response file: /Users/tavishagarwal/Library/Developer/Xcode/DerivedData/Vybe-eypqtupuvqzwmybaqlzhbqpdfpou/Build/Intermediates.noindex/Pods.build/Debug-iphonesimulator/RNPaywalls.build/Objects-normal/arm64/e6072d4f65d7061329687fe24e3d63a7-common-args.resp
    
    builtin-ScanDependencies -o /Users/tavishagarwal/Library/Developer/Xcode/DerivedData/Vybe-eypqtupuvqzwmybaqlzhbqpdfpou/Build/Intermediates.noindex/Pods.build/Debug-iphonesimulator/RNPaywalls.build/Objects-normal/arm64/CustomerCenterViewManager.o.scan -- /Applications/Xcode.app/Contents/Developer/Toolchains/XcodeDefault.xctoolchain/usr/bin/clang -x objective-c -ivfsstatcache /Users/tavishagarwal/Library/Developer/Xcode/DerivedData/SDKStatCaches.noindex/iphonesimulator26.4-23E252-686eebb5dc1d8ecb277353a59184f4aa.sdkstatcache -target arm64-apple-ios15.1-simulator -fmessage-length\=0 -fdiagnostics-show-note-include-stack -fmacro-backtrace-limit\=0 -fno-color-diagnostics -fmodules-prune-interval\=86400 -fmodules-prune-after\=345600 -fbuild-session-file\=/Users/tavishagarwal/Library/Developer/Xcode/DerivedData/ModuleCache.noindex/Session.modulevalidation -fmodules-validate-once-per-build-session -Wnon-modular-include-in-framework-module -Werror\=non-modular-include-in-framework-module -Wno-trigraphs -Wno-missing-field-initializers -Wno-missing-prototypes -Werror\=return-type -Wdocumentation -Wunreachable-code -Wno-implicit-atomic-properties -Werror\=deprecated-objc-isa-usage -Wno-objc-interface-ivars -Werror\=objc-root-class -Wno-arc-repeated-use-of-weak -Wimplicit-retain-self -Wduplicate-method-match -Wno-missing-braces -Wparentheses -Wswitch -Wunused-function -Wno-unused-label -Wno-unused-parameter -Wunused-variable -Wunused-value -Wempty-body -Wuninitialized -Wconditional-uninitialized -Wno-unknown-pragmas -Wno-shadow -Wno-four-char-constants -Wno-conversion -Wconstant-conversion -Wint-conversion -Wbool-conversion -Wenum-conversion -Wno-float-conversion -Wnon-literal-null-conversion -Wobjc-literal-conversion -Wshorten-64-to-32 -Wpointer-sign -Wno-newline-eof -Wno-selector -Wno-strict-selector-match -Wundeclared-selector -Wdeprecated-implementations -Wno-implicit-fallthrough -isysroot /Applications/Xcode.app/Contents/Developer/Platforms/iPhoneSimulator.platform/Developer/SDKs/iPhoneSimulator26.4.sdk -fstrict-aliasing -Wprotocol -Wdeprecated-declarations -Wno-sign-conversion -Winfinite-recursion -Wcomma -Wblock-capture-autoreleasing -Wstrict-prototypes -Wno-semicolon-before-method-body -Wunguarded-availability -index-store-path /Users/tavishagarwal/Library/Developer/Xcode/DerivedData/Vybe-eypqtupuvqzwmybaqlzhbqpdfpou/Index.noindex/DataStore @/Users/tavishagarwal/Library/Developer/Xcode/DerivedData/Vybe-eypqtupuvqzwmybaqlzhbqpdfpou/Build/Intermediates.noindex/Pods.build/Debug-iphonesimulator/RNPaywalls.build/Objects-normal/arm64/e6072d4f65d7061329687fe24e3d63a7-common-args.resp -include /Users/tavishagarwal/Desktop/Vybe/ios/Pods/Target\ Support\ Files/RNPaywalls/RNPaywalls-prefix.pch -MMD -MT dependencies -MF /Users/tavishagarwal/Library/Developer/Xcode/DerivedData/Vybe-eypqtupuvqzwmybaqlzhbqpdfpou/Build/Intermediates.noindex/Pods.build/Debug-iphonesimulator/RNPaywalls.build/Objects-normal/arm64/CustomerCenterViewManager.d --serialize-diagnostics /Users/tavishagarwal/Library/Developer/Xcode/DerivedData/Vybe-eypqtupuvqzwmybaqlzhbqpdfpou/Build/Intermediates.noindex/Pods.build/Debug-iphonesimulator/RNPaywalls.build/Objects-normal/arm64/CustomerCenterViewManager.dia -c /Users/tavishagarwal/Desktop/Vybe/node_modules/react-native-purchases-ui/ios/CustomerCenterViewManager.m -o /Users/tavishagarwal/Library/Developer/Xcode/DerivedData/Vybe-eypqtupuvqzwmybaqlzhbqpdfpou/Build/Intermediates.noindex/Pods.build/Debug-iphonesimulator/RNPaywalls.build/Objects-normal/arm64/CustomerCenterViewManager.o -index-unit-output-path /Pods.build/Debug-iphonesimulator/RNPaywalls.build/Objects-normal/arm64/CustomerCenterViewManager.o

CompileC /Users/tavishagarwal/Library/Developer/Xcode/DerivedData/Vybe-eypqtupuvqzwmybaqlzhbqpdfpou/Build/Intermediates.noindex/Pods.build/Debug-iphonesimulator/ReactAppDependencyProvider.build/Objects-normal/arm64/RCTAppDependencyProvider.o /Users/tavishagarwal/Desktop/Vybe/ios/build/generated/ios/ReactAppDependencyProvider/RCTAppDependencyProvider.mm normal arm64 objective-c++ com.apple.compilers.llvm.clang.1_0.compiler (in target 'ReactAppDependencyProvider' from project 'Pods')
    cd /Users/tavishagarwal/Desktop/Vybe/ios/Pods
    
    Using response file: /Users/tavishagarwal/Library/Developer/Xcode/DerivedData/Vybe-eypqtupuvqzwmybaqlzhbqpdfpou/Build/Intermediates.noindex/Pods.build/Debug-iphonesimulator/ReactAppDependencyProvider.build/Objects-normal/arm64/af3fcb34312c57c0f52879cdce924b91-common-args.resp
    
    /Applications/Xcode.app/Contents/Developer/Toolchains/XcodeDefault.xctoolchain/usr/bin/clang -x objective-c++ -ivfsstatcache /Users/tavishagarwal/Library/Developer/Xcode/DerivedData/SDKStatCaches.noindex/iphonesimulator26.4-23E252-686eebb5dc1d8ecb277353a59184f4aa.sdkstatcache -target arm64-apple-ios15.1-simulator -fmessage-length\=0 -fdiagnostics-show-note-include-stack -fmacro-backtrace-limit\=0 -fno-color-diagnostics -fmodules-prune-interval\=86400 -fmodules-prune-after\=345600 -fbuild-session-file\=/Users/tavishagarwal/Library/Developer/Xcode/DerivedData/ModuleCache.noindex/Session.modulevalidation -fmodules-validate-once-per-build-session -Wnon-modular-include-in-framework-module -Werror\=non-modular-include-in-framework-module -Wno-trigraphs -Wno-missing-field-initializers -Wno-missing-prototypes -Werror\=return-type -Wdocumentation -Wunreachable-code -Wno-implicit-atomic-properties -Werror\=deprecated-objc-isa-usage -Wno-objc-interface-ivars -Werror\=objc-root-class -Wno-arc-repeated-use-of-weak -Wimplicit-retain-self -Wno-non-virtual-dtor -Wno-overloaded-virtual -Wno-exit-time-destructors -Wduplicate-method-match -Wno-missing-braces -Wparentheses -Wswitch -Wunused-function -Wno-unused-label -Wno-unused-parameter -Wunused-variable -Wunused-value -Wempty-body -Wuninitialized -Wconditional-uninitialized -Wno-unknown-pragmas -Wno-shadow -Wno-four-char-constants -Wno-conversion -Wconstant-conversion -Wint-conversion -Wbool-conversion -Wenum-conversion -Wno-float-conversion -Wnon-literal-null-conversion -Wobjc-literal-conversion -Wshorten-64-to-32 -Wno-newline-eof -Wno-selector -Wno-strict-selector-match -Wundeclared-selector -Wdeprecated-implementations -Wno-c++11-extensions -Wno-implicit-fallthrough -isysroot /Applications/Xcode.app/Contents/Developer/Platforms/iPhoneSimulator.platform/Developer/SDKs/iPhoneSimulator26.4.sdk -fstrict-aliasing -Wprotocol -Wdeprecated-declarations -Winvalid-offsetof -Wno-sign-conversion -Winfinite-recursion -Wmove -Wcomma -Wblock-capture-autoreleasing -Wstrict-prototypes -Wrange-loop-analysis -Wno-semicolon-before-method-body -Wunguarded-availability -index-store-path /Users/tavishagarwal/Library/Developer/Xcode/DerivedData/Vybe-eypqtupuvqzwmybaqlzhbqpdfpou/Index.noindex/DataStore @/Users/tavishagarwal/Library/Developer/Xcode/DerivedData/Vybe-eypqtupuvqzwmybaqlzhbqpdfpou/Build/Intermediates.noindex/Pods.build/Debug-iphonesimulator/ReactAppDependencyProvider.build/Objects-normal/arm64/af3fcb34312c57c0f52879cdce924b91-common-args.resp -include /Users/tavishagarwal/Desktop/Vybe/ios/Pods/Target\ Support\ Files/ReactAppDependencyProvider/ReactAppDependencyProvider-prefix.pch -MMD -MT dependencies -MF /Users/tavishagarwal/Library/Developer/Xcode/DerivedData/Vybe-eypqtupuvqzwmybaqlzhbqpdfpou/Build/Intermediates.noindex/Pods.build/Debug-iphonesimulator/ReactAppDependencyProvider.build/Objects-normal/arm64/RCTAppDependencyProvider.d --serialize-diagnostics /Users/tavishagarwal/Library/Developer/Xcode/DerivedData/Vybe-eypqtupuvqzwmybaqlzhbqpdfpou/Build/Intermediates.noindex/Pods.build/Debug-iphonesimulator/ReactAppDependencyProvider.build/Objects-normal/arm64/RCTAppDependencyProvider.dia -c /Users/tavishagarwal/Desktop/Vybe/ios/build/generated/ios/ReactAppDependencyProvider/RCTAppDependencyProvider.mm -o /Users/tavishagarwal/Library/Developer/Xcode/DerivedData/Vybe-eypqtupuvqzwmybaqlzhbqpdfpou/Build/Intermediates.noindex/Pods.build/Debug-iphonesimulator/ReactAppDependencyProvider.build/Objects-normal/arm64/RCTAppDependencyProvider.o -index-unit-output-path /Pods.build/Debug-iphonesimulator/ReactAppDependencyProvider.build/Objects-normal/arm64/RCTAppDependencyProvider.o

CompileC /Users/tavishagarwal/Library/Developer/Xcode/DerivedData/Vybe-eypqtupuvqzwmybaqlzhbqpdfpou/Build/Intermediates.noindex/Pods.build/Debug-iphonesimulator/ReactCodegen.build/Objects-normal/arm64/ComponentDescriptors-2c12c3d12f116331edef71d43454c9aa.o /Users/tavishagarwal/Desktop/Vybe/ios/build/generated/ios/ReactCodegen/react/renderer/components/lottiereactnative/ComponentDescriptors.cpp normal arm64 c++ com.apple.compilers.llvm.clang.1_0.compiler (in target 'ReactCodegen' from project 'Pods')
    cd /Users/tavishagarwal/Desktop/Vybe/ios/Pods
    
    Using response file: /Users/tavishagarwal/Library/Developer/Xcode/DerivedData/Vybe-eypqtupuvqzwmybaqlzhbqpdfpou/Build/Intermediates.noindex/Pods.build/Debug-iphonesimulator/ReactCodegen.build/Objects-normal/arm64/82b82416624d2658e5098eb0a28c15c5-common-args.resp
    
    /Applications/Xcode.app/Contents/Developer/Toolchains/XcodeDefault.xctoolchain/usr/bin/clang -x c++ -ivfsstatcache /Users/tavishagarwal/Library/Developer/Xcode/DerivedData/SDKStatCaches.noindex/iphonesimulator26.4-23E252-686eebb5dc1d8ecb277353a59184f4aa.sdkstatcache -target arm64-apple-ios15.1-simulator -fmessage-length\=0 -fdiagnostics-show-note-include-stack -fmacro-backtrace-limit\=0 -fno-color-diagnostics -fmodules-prune-interval\=86400 -fmodules-prune-after\=345600 -fbuild-session-file\=/Users/tavishagarwal/Library/Developer/Xcode/DerivedData/ModuleCache.noindex/Session.modulevalidation -fmodules-validate-once-per-build-session -Wnon-modular-include-in-framework-module -Werror\=non-modular-include-in-framework-module -Wno-trigraphs -Wno-missing-field-initializers -Wno-missing-prototypes -Werror\=return-type -Wdocumentation -Wunreachable-code -Werror\=deprecated-objc-isa-usage -Werror\=objc-root-class -Wno-non-virtual-dtor -Wno-overloaded-virtual -Wno-exit-time-destructors -Wno-missing-braces -Wparentheses -Wswitch -Wunused-function -Wno-unused-label -Wno-unused-parameter -Wunused-variable -Wunused-value -Wempty-body -Wuninitialized -Wconditional-uninitialized -Wno-unknown-pragmas -Wno-shadow -Wno-four-char-constants -Wno-conversion -Wconstant-conversion -Wint-conversion -Wbool-conversion -Wenum-conversion -Wno-float-conversion -Wnon-literal-null-conversion -Wobjc-literal-conversion -Wshorten-64-to-32 -Wno-newline-eof -Wno-c++11-extensions -Wno-implicit-fallthrough -isysroot /Applications/Xcode.app/Contents/Developer/Platforms/iPhoneSimulator.platform/Developer/SDKs/iPhoneSimulator26.4.sdk -fstrict-aliasing -Wdeprecated-declarations -Winvalid-offsetof -Wno-sign-conversion -Winfinite-recursion -Wmove -Wcomma -Wblock-capture-autoreleasing -Wstrict-prototypes -Wrange-loop-analysis -Wno-semicolon-before-method-body -Wunguarded-availability -index-store-path /Users/tavishagarwal/Library/Developer/Xcode/DerivedData/Vybe-eypqtupuvqzwmybaqlzhbqpdfpou/Index.noindex/DataStore -Wno-comma -Wno-shorten-64-to-32 -Wno-documentation @/Users/tavishagarwal/Library/Developer/Xcode/DerivedData/Vybe-eypqtupuvqzwmybaqlzhbqpdfpou/Build/Intermediates.noindex/Pods.build/Debug-iphonesimulator/ReactCodegen.build/Objects-normal/arm64/82b82416624d2658e5098eb0a28c15c5-common-args.resp -DFOLLY_MOBILE\=1 -DFOLLY_USE_LIBCPP\=1 -DFOLLY_CFG_NO_COROUTINES\=1 -DFOLLY_HAVE_CLOCK_GETTIME\=1 -Wno-comma -Wno-shorten-64-to-32 -Wno-documentation -Wno-nullability-completeness -std\=c++20 -include /Users/tavishagarwal/Desktop/Vybe/ios/Pods/Target\ Support\ Files/ReactCodegen/ReactCodegen-prefix.pch -MMD -MT dependencies -MF /Users/tavishagarwal/Library/Developer/Xcode/DerivedData/Vybe-eypqtupuvqzwmybaqlzhbqpdfpou/Build/Intermediates.noindex/Pods.build/Debug-iphonesimulator/ReactCodegen.build/Objects-normal/arm64/ComponentDescriptors-2c12c3d12f116331edef71d43454c9aa.d --serialize-diagnostics /Users/tavishagarwal/Library/Developer/Xcode/DerivedData/Vybe-eypqtupuvqzwmybaqlzhbqpdfpou/Build/Intermediates.noindex/Pods.build/Debug-iphonesimulator/ReactCodegen.build/Objects-normal/arm64/ComponentDescriptors-2c12c3d12f116331edef71d43454c9aa.dia -c /Users/tavishagarwal/Desktop/Vybe/ios/build/generated/ios/ReactCodegen/react/renderer/components/lottiereactnative/ComponentDescriptors.cpp -o /Users/tavishagarwal/Library/Developer/Xcode/DerivedData/Vybe-eypqtupuvqzwmybaqlzhbqpdfpou/Build/Intermediates.noindex/Pods.build/Debug-iphonesimulator/ReactCodegen.build/Objects-normal/arm64/ComponentDescriptors-2c12c3d12f116331edef71d43454c9aa.o -index-unit-output-path /Pods.build/Debug-iphonesimulator/ReactCodegen.build/Objects-normal/arm64/ComponentDescriptors-2c12c3d12f116331edef71d43454c9aa.o

CompileC /Users/tavishagarwal/Library/Developer/Xcode/DerivedData/Vybe-eypqtupuvqzwmybaqlzhbqpdfpou/Build/Intermediates.noindex/Pods.build/Debug-iphonesimulator/NitroModules.build/Objects-normal/arm64/NativeNitroModules+OldArch.o /Users/tavishagarwal/Desktop/Vybe/node_modules/react-native-nitro-modules/ios/turbomodule/NativeNitroModules+OldArch.mm normal arm64 objective-c++ com.apple.compilers.llvm.clang.1_0.compiler (in target 'NitroModules' from project 'Pods')
    cd /Users/tavishagarwal/Desktop/Vybe/ios/Pods
    
    Using response file: /Users/tavishagarwal/Library/Developer/Xcode/DerivedData/Vybe-eypqtupuvqzwmybaqlzhbqpdfpou/Build/Intermediates.noindex/Pods.build/Debug-iphonesimulator/NitroModules.build/Objects-normal/arm64/af3fcb34312c57c0f52879cdce924b91-common-args.resp
    
    /Applications/Xcode.app/Contents/Developer/Toolchains/XcodeDefault.xctoolchain/usr/bin/clang -x objective-c++ -ivfsstatcache /Users/tavishagarwal/Library/Developer/Xcode/DerivedData/SDKStatCaches.noindex/iphonesimulator26.4-23E252-686eebb5dc1d8ecb277353a59184f4aa.sdkstatcache -target arm64-apple-ios15.1-simulator -fmessage-length\=0 -fdiagnostics-show-note-include-stack -fmacro-backtrace-limit\=0 -fno-color-diagnostics -fmodules-prune-interval\=86400 -fmodules-prune-after\=345600 -fbuild-session-file\=/Users/tavishagarwal/Library/Developer/Xcode/DerivedData/ModuleCache.noindex/Session.modulevalidation -fmodules-validate-once-per-build-session -Wnon-modular-include-in-framework-module -Werror\=non-modular-include-in-framework-module -Wno-trigraphs -Wno-missing-field-initializers -Wno-missing-prototypes -Werror\=return-type -Wdocumentation -Wunreachable-code -Wno-implicit-atomic-properties -Werror\=deprecated-objc-isa-usage -Wno-objc-interface-ivars -Werror\=objc-root-class -Wno-arc-repeated-use-of-weak -Wimplicit-retain-self -Wno-non-virtual-dtor -Wno-overloaded-virtual -Wno-exit-time-destructors -Wduplicate-method-match -Wno-missing-braces -Wparentheses -Wswitch -Wunused-function -Wno-unused-label -Wno-unused-parameter -Wunused-variable -Wunused-value -Wempty-body -Wuninitialized -Wconditional-uninitialized -Wno-unknown-pragmas -Wno-shadow -Wno-four-char-constants -Wno-conversion -Wconstant-conversion -Wint-conversion -Wbool-conversion -Wenum-conversion -Wno-float-conversion -Wnon-literal-null-conversion -Wobjc-literal-conversion -Wshorten-64-to-32 -Wno-newline-eof -Wno-selector -Wno-strict-selector-match -Wundeclared-selector -Wdeprecated-implementations -Wno-c++11-extensions -Wno-implicit-fallthrough -isysroot /Applications/Xcode.app/Contents/Developer/Platforms/iPhoneSimulator.platform/Developer/SDKs/iPhoneSimulator26.4.sdk -fstrict-aliasing -Wprotocol -Wdeprecated-declarations -Winvalid-offsetof -Wno-sign-conversion -Winfinite-recursion -Wmove -Wcomma -Wblock-capture-autoreleasing -Wstrict-prototypes -Wrange-loop-analysis -Wno-semicolon-before-method-body -Wunguarded-availability -index-store-path /Users/tavishagarwal/Library/Developer/Xcode/DerivedData/Vybe-eypqtupuvqzwmybaqlzhbqpdfpou/Index.noindex/DataStore @/Users/tavishagarwal/Library/Developer/Xcode/DerivedData/Vybe-eypqtupuvqzwmybaqlzhbqpdfpou/Build/Intermediates.noindex/Pods.build/Debug-iphonesimulator/NitroModules.build/Objects-normal/arm64/af3fcb34312c57c0f52879cdce924b91-common-args.resp -DRCT_NEW_ARCH_ENABLED\=1 -include /Users/tavishagarwal/Desktop/Vybe/ios/Pods/Target\ Support\ Files/NitroModules/NitroModules-prefix.pch -MMD -MT dependencies -MF /Users/tavishagarwal/Library/Developer/Xcode/DerivedData/Vybe-eypqtupuvqzwmybaqlzhbqpdfpou/Build/Intermediates.noindex/Pods.build/Debug-iphonesimulator/NitroModules.build/Objects-normal/arm64/NativeNitroModules+OldArch.d --serialize-diagnostics /Users/tavishagarwal/Library/Developer/Xcode/DerivedData/Vybe-eypqtupuvqzwmybaqlzhbqpdfpou/Build/Intermediates.noindex/Pods.build/Debug-iphonesimulator/NitroModules.build/Objects-normal/arm64/NativeNitroModules+OldArch.dia -c /Users/tavishagarwal/Desktop/Vybe/node_modules/react-native-nitro-modules/ios/turbomodule/NativeNitroModules+OldArch.mm -o /Users/tavishagarwal/Library/Developer/Xcode/DerivedData/Vybe-eypqtupuvqzwmybaqlzhbqpdfpou/Build/Intermediates.noindex/Pods.build/Debug-iphonesimulator/NitroModules.build/Objects-normal/arm64/NativeNitroModules+OldArch.o -index-unit-output-path /Pods.build/Debug-iphonesimulator/NitroModules.build/Objects-normal/arm64/NativeNitroModules+OldArch.o

ScanDependencies /Users/tavishagarwal/Library/Developer/Xcode/DerivedData/Vybe-eypqtupuvqzwmybaqlzhbqpdfpou/Build/Intermediates.noindex/Pods.build/Debug-iphonesimulator/RNPaywalls.build/Objects-normal/arm64/RNPaywalls.o /Users/tavishagarwal/Desktop/Vybe/node_modules/react-native-purchases-ui/ios/RNPaywalls.m normal arm64 objective-c com.apple.compilers.llvm.clang.1_0.compiler (in target 'RNPaywalls' from project 'Pods')
    cd /Users/tavishagarwal/Desktop/Vybe/ios/Pods
    
    Using response file: /Users/tavishagarwal/Library/Developer/Xcode/DerivedData/Vybe-eypqtupuvqzwmybaqlzhbqpdfpou/Build/Intermediates.noindex/Pods.build/Debug-iphonesimulator/RNPaywalls.build/Objects-normal/arm64/e6072d4f65d7061329687fe24e3d63a7-common-args.resp
    
    builtin-ScanDependencies -o /Users/tavishagarwal/Library/Developer/Xcode/DerivedData/Vybe-eypqtupuvqzwmybaqlzhbqpdfpou/Build/Intermediates.noindex/Pods.build/Debug-iphonesimulator/RNPaywalls.build/Objects-normal/arm64/RNPaywalls.o.scan -- /Applications/Xcode.app/Contents/Developer/Toolchains/XcodeDefault.xctoolchain/usr/bin/clang -x objective-c -ivfsstatcache /Users/tavishagarwal/Library/Developer/Xcode/DerivedData/SDKStatCaches.noindex/iphonesimulator26.4-23E252-686eebb5dc1d8ecb277353a59184f4aa.sdkstatcache -target arm64-apple-ios15.1-simulator -fmessage-length\=0 -fdiagnostics-show-note-include-stack -fmacro-backtrace-limit\=0 -fno-color-diagnostics -fmodules-prune-interval\=86400 -fmodules-prune-after\=345600 -fbuild-session-file\=/Users/tavishagarwal/Library/Developer/Xcode/DerivedData/ModuleCache.noindex/Session.modulevalidation -fmodules-validate-once-per-build-session -Wnon-modular-include-in-framework-module -Werror\=non-modular-include-in-framework-module -Wno-trigraphs -Wno-missing-field-initializers -Wno-missing-prototypes -Werror\=return-type -Wdocumentation -Wunreachable-code -Wno-implicit-atomic-properties -Werror\=deprecated-objc-isa-usage -Wno-objc-interface-ivars -Werror\=objc-root-class -Wno-arc-repeated-use-of-weak -Wimplicit-retain-self -Wduplicate-method-match -Wno-missing-braces -Wparentheses -Wswitch -Wunused-function -Wno-unused-label -Wno-unused-parameter -Wunused-variable -Wunused-value -Wempty-body -Wuninitialized -Wconditional-uninitialized -Wno-unknown-pragmas -Wno-shadow -Wno-four-char-constants -Wno-conversion -Wconstant-conversion -Wint-conversion -Wbool-conversion -Wenum-conversion -Wno-float-conversion -Wnon-literal-null-conversion -Wobjc-literal-conversion -Wshorten-64-to-32 -Wpointer-sign -Wno-newline-eof -Wno-selector -Wno-strict-selector-match -Wundeclared-selector -Wdeprecated-implementations -Wno-implicit-fallthrough -isysroot /Applications/Xcode.app/Contents/Developer/Platforms/iPhoneSimulator.platform/Developer/SDKs/iPhoneSimulator26.4.sdk -fstrict-aliasing -Wprotocol -Wdeprecated-declarations -Wno-sign-conversion -Winfinite-recursion -Wcomma -Wblock-capture-autoreleasing -Wstrict-prototypes -Wno-semicolon-before-method-body -Wunguarded-availability -index-store-path /Users/tavishagarwal/Library/Developer/Xcode/DerivedData/Vybe-eypqtupuvqzwmybaqlzhbqpdfpou/Index.noindex/DataStore @/Users/tavishagarwal/Library/Developer/Xcode/DerivedData/Vybe-eypqtupuvqzwmybaqlzhbqpdfpou/Build/Intermediates.noindex/Pods.build/Debug-iphonesimulator/RNPaywalls.build/Objects-normal/arm64/e6072d4f65d7061329687fe24e3d63a7-common-args.resp -include /Users/tavishagarwal/Desktop/Vybe/ios/Pods/Target\ Support\ Files/RNPaywalls/RNPaywalls-prefix.pch -MMD -MT dependencies -MF /Users/tavishagarwal/Library/Developer/Xcode/DerivedData/Vybe-eypqtupuvqzwmybaqlzhbqpdfpou/Build/Intermediates.noindex/Pods.build/Debug-iphonesimulator/RNPaywalls.build/Objects-normal/arm64/RNPaywalls.d --serialize-diagnostics /Users/tavishagarwal/Library/Developer/Xcode/DerivedData/Vybe-eypqtupuvqzwmybaqlzhbqpdfpou/Build/Intermediates.noindex/Pods.build/Debug-iphonesimulator/RNPaywalls.build/Objects-normal/arm64/RNPaywalls.dia -c /Users/tavishagarwal/Desktop/Vybe/node_modules/react-native-purchases-ui/ios/RNPaywalls.m -o /Users/tavishagarwal/Library/Developer/Xcode/DerivedData/Vybe-eypqtupuvqzwmybaqlzhbqpdfpou/Build/Intermediates.noindex/Pods.build/Debug-iphonesimulator/RNPaywalls.build/Objects-normal/arm64/RNPaywalls.o -index-unit-output-path /Pods.build/Debug-iphonesimulator/RNPaywalls.build/Objects-normal/arm64/RNPaywalls.o

ScanDependencies /Users/tavishagarwal/Library/Developer/Xcode/DerivedData/Vybe-eypqtupuvqzwmybaqlzhbqpdfpou/Build/Intermediates.noindex/Pods.build/Debug-iphonesimulator/RNPaywalls.build/Objects-normal/arm64/RNCustomerCenter.o /Users/tavishagarwal/Desktop/Vybe/node_modules/react-native-purchases-ui/ios/RNCustomerCenter.m normal arm64 objective-c com.apple.compilers.llvm.clang.1_0.compiler (in target 'RNPaywalls' from project 'Pods')
    cd /Users/tavishagarwal/Desktop/Vybe/ios/Pods
    
    Using response file: /Users/tavishagarwal/Library/Developer/Xcode/DerivedData/Vybe-eypqtupuvqzwmybaqlzhbqpdfpou/Build/Intermediates.noindex/Pods.build/Debug-iphonesimulator/RNPaywalls.build/Objects-normal/arm64/e6072d4f65d7061329687fe24e3d63a7-common-args.resp
    
    builtin-ScanDependencies -o /Users/tavishagarwal/Library/Developer/Xcode/DerivedData/Vybe-eypqtupuvqzwmybaqlzhbqpdfpou/Build/Intermediates.noindex/Pods.build/Debug-iphonesimulator/RNPaywalls.build/Objects-normal/arm64/RNCustomerCenter.o.scan -- /Applications/Xcode.app/Contents/Developer/Toolchains/XcodeDefault.xctoolchain/usr/bin/clang -x objective-c -ivfsstatcache /Users/tavishagarwal/Library/Developer/Xcode/DerivedData/SDKStatCaches.noindex/iphonesimulator26.4-23E252-686eebb5dc1d8ecb277353a59184f4aa.sdkstatcache -target arm64-apple-ios15.1-simulator -fmessage-length\=0 -fdiagnostics-show-note-include-stack -fmacro-backtrace-limit\=0 -fno-color-diagnostics -fmodules-prune-interval\=86400 -fmodules-prune-after\=345600 -fbuild-session-file\=/Users/tavishagarwal/Library/Developer/Xcode/DerivedData/ModuleCache.noindex/Session.modulevalidation -fmodules-validate-once-per-build-session -Wnon-modular-include-in-framework-module -Werror\=non-modular-include-in-framework-module -Wno-trigraphs -Wno-missing-field-initializers -Wno-missing-prototypes -Werror\=return-type -Wdocumentation -Wunreachable-code -Wno-implicit-atomic-properties -Werror\=deprecated-objc-isa-usage -Wno-objc-interface-ivars -Werror\=objc-root-class -Wno-arc-repeated-use-of-weak -Wimplicit-retain-self -Wduplicate-method-match -Wno-missing-braces -Wparentheses -Wswitch -Wunused-function -Wno-unused-label -Wno-unused-parameter -Wunused-variable -Wunused-value -Wempty-body -Wuninitialized -Wconditional-uninitialized -Wno-unknown-pragmas -Wno-shadow -Wno-four-char-constants -Wno-conversion -Wconstant-conversion -Wint-conversion -Wbool-conversion -Wenum-conversion -Wno-float-conversion -Wnon-literal-null-conversion -Wobjc-literal-conversion -Wshorten-64-to-32 -Wpointer-sign -Wno-newline-eof -Wno-selector -Wno-strict-selector-match -Wundeclared-selector -Wdeprecated-implementations -Wno-implicit-fallthrough -isysroot /Applications/Xcode.app/Contents/Developer/Platforms/iPhoneSimulator.platform/Developer/SDKs/iPhoneSimulator26.4.sdk -fstrict-aliasing -Wprotocol -Wdeprecated-declarations -Wno-sign-conversion -Winfinite-recursion -Wcomma -Wblock-capture-autoreleasing -Wstrict-prototypes -Wno-semicolon-before-method-body -Wunguarded-availability -index-store-path /Users/tavishagarwal/Library/Developer/Xcode/DerivedData/Vybe-eypqtupuvqzwmybaqlzhbqpdfpou/Index.noindex/DataStore @/Users/tavishagarwal/Library/Developer/Xcode/DerivedData/Vybe-eypqtupuvqzwmybaqlzhbqpdfpou/Build/Intermediates.noindex/Pods.build/Debug-iphonesimulator/RNPaywalls.build/Objects-normal/arm64/e6072d4f65d7061329687fe24e3d63a7-common-args.resp -include /Users/tavishagarwal/Desktop/Vybe/ios/Pods/Target\ Support\ Files/RNPaywalls/RNPaywalls-prefix.pch -MMD -MT dependencies -MF /Users/tavishagarwal/Library/Developer/Xcode/DerivedData/Vybe-eypqtupuvqzwmybaqlzhbqpdfpou/Build/Intermediates.noindex/Pods.build/Debug-iphonesimulator/RNPaywalls.build/Objects-normal/arm64/RNCustomerCenter.d --serialize-diagnostics /Users/tavishagarwal/Library/Developer/Xcode/DerivedData/Vybe-eypqtupuvqzwmybaqlzhbqpdfpou/Build/Intermediates.noindex/Pods.build/Debug-iphonesimulator/RNPaywalls.build/Objects-normal/arm64/RNCustomerCenter.dia -c /Users/tavishagarwal/Desktop/Vybe/node_modules/react-native-purchases-ui/ios/RNCustomerCenter.m -o /Users/tavishagarwal/Library/Developer/Xcode/DerivedData/Vybe-eypqtupuvqzwmybaqlzhbqpdfpou/Build/Intermediates.noindex/Pods.build/Debug-iphonesimulator/RNPaywalls.build/Objects-normal/arm64/RNCustomerCenter.o -index-unit-output-path /Pods.build/Debug-iphonesimulator/RNPaywalls.build/Objects-normal/arm64/RNCustomerCenter.o

ScanDependencies /Users/tavishagarwal/Library/Developer/Xcode/DerivedData/Vybe-eypqtupuvqzwmybaqlzhbqpdfpou/Build/Intermediates.noindex/Pods.build/Debug-iphonesimulator/RNPaywalls.build/Objects-normal/arm64/RCPaywallFooterViewManager.o /Users/tavishagarwal/Desktop/Vybe/node_modules/react-native-purchases-ui/ios/RCPaywallFooterViewManager.m normal arm64 objective-c com.apple.compilers.llvm.clang.1_0.compiler (in target 'RNPaywalls' from project 'Pods')
    cd /Users/tavishagarwal/Desktop/Vybe/ios/Pods
    
    Using response file: /Users/tavishagarwal/Library/Developer/Xcode/DerivedData/Vybe-eypqtupuvqzwmybaqlzhbqpdfpou/Build/Intermediates.noindex/Pods.build/Debug-iphonesimulator/RNPaywalls.build/Objects-normal/arm64/e6072d4f65d7061329687fe24e3d63a7-common-args.resp
    
    builtin-ScanDependencies -o /Users/tavishagarwal/Library/Developer/Xcode/DerivedData/Vybe-eypqtupuvqzwmybaqlzhbqpdfpou/Build/Intermediates.noindex/Pods.build/Debug-iphonesimulator/RNPaywalls.build/Objects-normal/arm64/RCPaywallFooterViewManager.o.scan -- /Applications/Xcode.app/Contents/Developer/Toolchains/XcodeDefault.xctoolchain/usr/bin/clang -x objective-c -ivfsstatcache /Users/tavishagarwal/Library/Developer/Xcode/DerivedData/SDKStatCaches.noindex/iphonesimulator26.4-23E252-686eebb5dc1d8ecb277353a59184f4aa.sdkstatcache -target arm64-apple-ios15.1-simulator -fmessage-length\=0 -fdiagnostics-show-note-include-stack -fmacro-backtrace-limit\=0 -fno-color-diagnostics -fmodules-prune-interval\=86400 -fmodules-prune-after\=345600 -fbuild-session-file\=/Users/tavishagarwal/Library/Developer/Xcode/DerivedData/ModuleCache.noindex/Session.modulevalidation -fmodules-validate-once-per-build-session -Wnon-modular-include-in-framework-module -Werror\=non-modular-include-in-framework-module -Wno-trigraphs -Wno-missing-field-initializers -Wno-missing-prototypes -Werror\=return-type -Wdocumentation -Wunreachable-code -Wno-implicit-atomic-properties -Werror\=deprecated-objc-isa-usage -Wno-objc-interface-ivars -Werror\=objc-root-class -Wno-arc-repeated-use-of-weak -Wimplicit-retain-self -Wduplicate-method-match -Wno-missing-braces -Wparentheses -Wswitch -Wunused-function -Wno-unused-label -Wno-unused-parameter -Wunused-variable -Wunused-value -Wempty-body -Wuninitialized -Wconditional-uninitialized -Wno-unknown-pragmas -Wno-shadow -Wno-four-char-constants -Wno-conversion -Wconstant-conversion -Wint-conversion -Wbool-conversion -Wenum-conversion -Wno-float-conversion -Wnon-literal-null-conversion -Wobjc-literal-conversion -Wshorten-64-to-32 -Wpointer-sign -Wno-newline-eof -Wno-selector -Wno-strict-selector-match -Wundeclared-selector -Wdeprecated-implementations -Wno-implicit-fallthrough -isysroot /Applications/Xcode.app/Contents/Developer/Platforms/iPhoneSimulator.platform/Developer/SDKs/iPhoneSimulator26.4.sdk -fstrict-aliasing -Wprotocol -Wdeprecated-declarations -Wno-sign-conversion -Winfinite-recursion -Wcomma -Wblock-capture-autoreleasing -Wstrict-prototypes -Wno-semicolon-before-method-body -Wunguarded-availability -index-store-path /Users/tavishagarwal/Library/Developer/Xcode/DerivedData/Vybe-eypqtupuvqzwmybaqlzhbqpdfpou/Index.noindex/DataStore @/Users/tavishagarwal/Library/Developer/Xcode/DerivedData/Vybe-eypqtupuvqzwmybaqlzhbqpdfpou/Build/Intermediates.noindex/Pods.build/Debug-iphonesimulator/RNPaywalls.build/Objects-normal/arm64/e6072d4f65d7061329687fe24e3d63a7-common-args.resp -include /Users/tavishagarwal/Desktop/Vybe/ios/Pods/Target\ Support\ Files/RNPaywalls/RNPaywalls-prefix.pch -MMD -MT dependencies -MF /Users/tavishagarwal/Library/Developer/Xcode/DerivedData/Vybe-eypqtupuvqzwmybaqlzhbqpdfpou/Build/Intermediates.noindex/Pods.build/Debug-iphonesimulator/RNPaywalls.build/Objects-normal/arm64/RCPaywallFooterViewManager.d --serialize-diagnostics /Users/tavishagarwal/Library/Developer/Xcode/DerivedData/Vybe-eypqtupuvqzwmybaqlzhbqpdfpou/Build/Intermediates.noindex/Pods.build/Debug-iphonesimulator/RNPaywalls.build/Objects-normal/arm64/RCPaywallFooterViewManager.dia -c /Users/tavishagarwal/Desktop/Vybe/node_modules/react-native-purchases-ui/ios/RCPaywallFooterViewManager.m -o /Users/tavishagarwal/Library/Developer/Xcode/DerivedData/Vybe-eypqtupuvqzwmybaqlzhbqpdfpou/Build/Intermediates.noindex/Pods.build/Debug-iphonesimulator/RNPaywalls.build/Objects-normal/arm64/RCPaywallFooterViewManager.o -index-unit-output-path /Pods.build/Debug-iphonesimulator/RNPaywalls.build/Objects-normal/arm64/RCPaywallFooterViewManager.o

ScanDependencies /Users/tavishagarwal/Library/Developer/Xcode/DerivedData/Vybe-eypqtupuvqzwmybaqlzhbqpdfpou/Build/Intermediates.noindex/Pods.build/Debug-iphonesimulator/RNPaywalls.build/Objects-normal/arm64/PaywallViewWrapper.o /Users/tavishagarwal/Desktop/Vybe/node_modules/react-native-purchases-ui/ios/PaywallViewWrapper.m normal arm64 objective-c com.apple.compilers.llvm.clang.1_0.compiler (in target 'RNPaywalls' from project 'Pods')
    cd /Users/tavishagarwal/Desktop/Vybe/ios/Pods
    
    Using response file: /Users/tavishagarwal/Library/Developer/Xcode/DerivedData/Vybe-eypqtupuvqzwmybaqlzhbqpdfpou/Build/Intermediates.noindex/Pods.build/Debug-iphonesimulator/RNPaywalls.build/Objects-normal/arm64/e6072d4f65d7061329687fe24e3d63a7-common-args.resp
    
    builtin-ScanDependencies -o /Users/tavishagarwal/Library/Developer/Xcode/DerivedData/Vybe-eypqtupuvqzwmybaqlzhbqpdfpou/Build/Intermediates.noindex/Pods.build/Debug-iphonesimulator/RNPaywalls.build/Objects-normal/arm64/PaywallViewWrapper.o.scan -- /Applications/Xcode.app/Contents/Developer/Toolchains/XcodeDefault.xctoolchain/usr/bin/clang -x objective-c -ivfsstatcache /Users/tavishagarwal/Library/Developer/Xcode/DerivedData/SDKStatCaches.noindex/iphonesimulator26.4-23E252-686eebb5dc1d8ecb277353a59184f4aa.sdkstatcache -target arm64-apple-ios15.1-simulator -fmessage-length\=0 -fdiagnostics-show-note-include-stack -fmacro-backtrace-limit\=0 -fno-color-diagnostics -fmodules-prune-interval\=86400 -fmodules-prune-after\=345600 -fbuild-session-file\=/Users/tavishagarwal/Library/Developer/Xcode/DerivedData/ModuleCache.noindex/Session.modulevalidation -fmodules-validate-once-per-build-session -Wnon-modular-include-in-framework-module -Werror\=non-modular-include-in-framework-module -Wno-trigraphs -Wno-missing-field-initializers -Wno-missing-prototypes -Werror\=return-type -Wdocumentation -Wunreachable-code -Wno-implicit-atomic-properties -Werror\=deprecated-objc-isa-usage -Wno-objc-interface-ivars -Werror\=objc-root-class -Wno-arc-repeated-use-of-weak -Wimplicit-retain-self -Wduplicate-method-match -Wno-missing-braces -Wparentheses -Wswitch -Wunused-function -Wno-unused-label -Wno-unused-parameter -Wunused-variable -Wunused-value -Wempty-body -Wuninitialized -Wconditional-uninitialized -Wno-unknown-pragmas -Wno-shadow -Wno-four-char-constants -Wno-conversion -Wconstant-conversion -Wint-conversion -Wbool-conversion -Wenum-conversion -Wno-float-conversion -Wnon-literal-null-conversion -Wobjc-literal-conversion -Wshorten-64-to-32 -Wpointer-sign -Wno-newline-eof -Wno-selector -Wno-strict-selector-match -Wundeclared-selector -Wdeprecated-implementations -Wno-implicit-fallthrough -isysroot /Applications/Xcode.app/Contents/Developer/Platforms/iPhoneSimulator.platform/Developer/SDKs/iPhoneSimulator26.4.sdk -fstrict-aliasing -Wprotocol -Wdeprecated-declarations -Wno-sign-conversion -Winfinite-recursion -Wcomma -Wblock-capture-autoreleasing -Wstrict-prototypes -Wno-semicolon-before-method-body -Wunguarded-availability -index-store-path /Users/tavishagarwal/Library/Developer/Xcode/DerivedData/Vybe-eypqtupuvqzwmybaqlzhbqpdfpou/Index.noindex/DataStore @/Users/tavishagarwal/Library/Developer/Xcode/DerivedData/Vybe-eypqtupuvqzwmybaqlzhbqpdfpou/Build/Intermediates.noindex/Pods.build/Debug-iphonesimulator/RNPaywalls.build/Objects-normal/arm64/e6072d4f65d7061329687fe24e3d63a7-common-args.resp -include /Users/tavishagarwal/Desktop/Vybe/ios/Pods/Target\ Support\ Files/RNPaywalls/RNPaywalls-prefix.pch -MMD -MT dependencies -MF /Users/tavishagarwal/Library/Developer/Xcode/DerivedData/Vybe-eypqtupuvqzwmybaqlzhbqpdfpou/Build/Intermediates.noindex/Pods.build/Debug-iphonesimulator/RNPaywalls.build/Objects-normal/arm64/PaywallViewWrapper.d --serialize-diagnostics /Users/tavishagarwal/Library/Developer/Xcode/DerivedData/Vybe-eypqtupuvqzwmybaqlzhbqpdfpou/Build/Intermediates.noindex/Pods.build/Debug-iphonesimulator/RNPaywalls.build/Objects-normal/arm64/PaywallViewWrapper.dia -c /Users/tavishagarwal/Desktop/Vybe/node_modules/react-native-purchases-ui/ios/PaywallViewWrapper.m -o /Users/tavishagarwal/Library/Developer/Xcode/DerivedData/Vybe-eypqtupuvqzwmybaqlzhbqpdfpou/Build/Intermediates.noindex/Pods.build/Debug-iphonesimulator/RNPaywalls.build/Objects-normal/arm64/PaywallViewWrapper.o -index-unit-output-path /Pods.build/Debug-iphonesimulator/RNPaywalls.build/Objects-normal/arm64/PaywallViewWrapper.o

ScanDependencies /Users/tavishagarwal/Library/Developer/Xcode/DerivedData/Vybe-eypqtupuvqzwmybaqlzhbqpdfpou/Build/Intermediates.noindex/Pods.build/Debug-iphonesimulator/RNPaywalls.build/Objects-normal/arm64/PaywallViewManager.o /Users/tavishagarwal/Desktop/Vybe/node_modules/react-native-purchases-ui/ios/PaywallViewManager.m normal arm64 objective-c com.apple.compilers.llvm.clang.1_0.compiler (in target 'RNPaywalls' from project 'Pods')
    cd /Users/tavishagarwal/Desktop/Vybe/ios/Pods
    
    Using response file: /Users/tavishagarwal/Library/Developer/Xcode/DerivedData/Vybe-eypqtupuvqzwmybaqlzhbqpdfpou/Build/Intermediates.noindex/Pods.build/Debug-iphonesimulator/RNPaywalls.build/Objects-normal/arm64/e6072d4f65d7061329687fe24e3d63a7-common-args.resp
    
    builtin-ScanDependencies -o /Users/tavishagarwal/Library/Developer/Xcode/DerivedData/Vybe-eypqtupuvqzwmybaqlzhbqpdfpou/Build/Intermediates.noindex/Pods.build/Debug-iphonesimulator/RNPaywalls.build/Objects-normal/arm64/PaywallViewManager.o.scan -- /Applications/Xcode.app/Contents/Developer/Toolchains/XcodeDefault.xctoolchain/usr/bin/clang -x objective-c -ivfsstatcache /Users/tavishagarwal/Library/Developer/Xcode/DerivedData/SDKStatCaches.noindex/iphonesimulator26.4-23E252-686eebb5dc1d8ecb277353a59184f4aa.sdkstatcache -target arm64-apple-ios15.1-simulator -fmessage-length\=0 -fdiagnostics-show-note-include-stack -fmacro-backtrace-limit\=0 -fno-color-diagnostics -fmodules-prune-interval\=86400 -fmodules-prune-after\=345600 -fbuild-session-file\=/Users/tavishagarwal/Library/Developer/Xcode/DerivedData/ModuleCache.noindex/Session.modulevalidation -fmodules-validate-once-per-build-session -Wnon-modular-include-in-framework-module -Werror\=non-modular-include-in-framework-module -Wno-trigraphs -Wno-missing-field-initializers -Wno-missing-prototypes -Werror\=return-type -Wdocumentation -Wunreachable-code -Wno-implicit-atomic-properties -Werror\=deprecated-objc-isa-usage -Wno-objc-interface-ivars -Werror\=objc-root-class -Wno-arc-repeated-use-of-weak -Wimplicit-retain-self -Wduplicate-method-match -Wno-missing-braces -Wparentheses -Wswitch -Wunused-function -Wno-unused-label -Wno-unused-parameter -Wunused-variable -Wunused-value -Wempty-body -Wuninitialized -Wconditional-uninitialized -Wno-unknown-pragmas -Wno-shadow -Wno-four-char-constants -Wno-conversion -Wconstant-conversion -Wint-conversion -Wbool-conversion -Wenum-conversion -Wno-float-conversion -Wnon-literal-null-conversion -Wobjc-literal-conversion -Wshorten-64-to-32 -Wpointer-sign -Wno-newline-eof -Wno-selector -Wno-strict-selector-match -Wundeclared-selector -Wdeprecated-implementations -Wno-implicit-fallthrough -isysroot /Applications/Xcode.app/Contents/Developer/Platforms/iPhoneSimulator.platform/Developer/SDKs/iPhoneSimulator26.4.sdk -fstrict-aliasing -Wprotocol -Wdeprecated-declarations -Wno-sign-conversion -Winfinite-recursion -Wcomma -Wblock-capture-autoreleasing -Wstrict-prototypes -Wno-semicolon-before-method-body -Wunguarded-availability -index-store-path /Users/tavishagarwal/Library/Developer/Xcode/DerivedData/Vybe-eypqtupuvqzwmybaqlzhbqpdfpou/Index.noindex/DataStore @/Users/tavishagarwal/Library/Developer/Xcode/DerivedData/Vybe-eypqtupuvqzwmybaqlzhbqpdfpou/Build/Intermediates.noindex/Pods.build/Debug-iphonesimulator/RNPaywalls.build/Objects-normal/arm64/e6072d4f65d7061329687fe24e3d63a7-common-args.resp -include /Users/tavishagarwal/Desktop/Vybe/ios/Pods/Target\ Support\ Files/RNPaywalls/RNPaywalls-prefix.pch -MMD -MT dependencies -MF /Users/tavishagarwal/Library/Developer/Xcode/DerivedData/Vybe-eypqtupuvqzwmybaqlzhbqpdfpou/Build/Intermediates.noindex/Pods.build/Debug-iphonesimulator/RNPaywalls.build/Objects-normal/arm64/PaywallViewManager.d --serialize-diagnostics /Users/tavishagarwal/Library/Developer/Xcode/DerivedData/Vybe-eypqtupuvqzwmybaqlzhbqpdfpou/Build/Intermediates.noindex/Pods.build/Debug-iphonesimulator/RNPaywalls.build/Objects-normal/arm64/PaywallViewManager.dia -c /Users/tavishagarwal/Desktop/Vybe/node_modules/react-native-purchases-ui/ios/PaywallViewManager.m -o /Users/tavishagarwal/Library/Developer/Xcode/DerivedData/Vybe-eypqtupuvqzwmybaqlzhbqpdfpou/Build/Intermediates.noindex/Pods.build/Debug-iphonesimulator/RNPaywalls.build/Objects-normal/arm64/PaywallViewManager.o -index-unit-output-path /Pods.build/Debug-iphonesimulator/RNPaywalls.build/Objects-normal/arm64/PaywallViewManager.o

ScanDependencies /Users/tavishagarwal/Library/Developer/Xcode/DerivedData/Vybe-eypqtupuvqzwmybaqlzhbqpdfpou/Build/Intermediates.noindex/Pods.build/Debug-iphonesimulator/RNPaywalls.build/Objects-normal/arm64/CustomerCenterViewWrapper.o /Users/tavishagarwal/Desktop/Vybe/node_modules/react-native-purchases-ui/ios/CustomerCenterViewWrapper.m normal arm64 objective-c com.apple.compilers.llvm.clang.1_0.compiler (in target 'RNPaywalls' from project 'Pods')
    cd /Users/tavishagarwal/Desktop/Vybe/ios/Pods
    
    Using response file: /Users/tavishagarwal/Library/Developer/Xcode/DerivedData/Vybe-eypqtupuvqzwmybaqlzhbqpdfpou/Build/Intermediates.noindex/Pods.build/Debug-iphonesimulator/RNPaywalls.build/Objects-normal/arm64/e6072d4f65d7061329687fe24e3d63a7-common-args.resp
    
    builtin-ScanDependencies -o /Users/tavishagarwal/Library/Developer/Xcode/DerivedData/Vybe-eypqtupuvqzwmybaqlzhbqpdfpou/Build/Intermediates.noindex/Pods.build/Debug-iphonesimulator/RNPaywalls.build/Objects-normal/arm64/CustomerCenterViewWrapper.o.scan -- /Applications/Xcode.app/Contents/Developer/Toolchains/XcodeDefault.xctoolchain/usr/bin/clang -x objective-c -ivfsstatcache /Users/tavishagarwal/Library/Developer/Xcode/DerivedData/SDKStatCaches.noindex/iphonesimulator26.4-23E252-686eebb5dc1d8ecb277353a59184f4aa.sdkstatcache -target arm64-apple-ios15.1-simulator -fmessage-length\=0 -fdiagnostics-show-note-include-stack -fmacro-backtrace-limit\=0 -fno-color-diagnostics -fmodules-prune-interval\=86400 -fmodules-prune-after\=345600 -fbuild-session-file\=/Users/tavishagarwal/Library/Developer/Xcode/DerivedData/ModuleCache.noindex/Session.modulevalidation -fmodules-validate-once-per-build-session -Wnon-modular-include-in-framework-module -Werror\=non-modular-include-in-framework-module -Wno-trigraphs -Wno-missing-field-initializers -Wno-missing-prototypes -Werror\=return-type -Wdocumentation -Wunreachable-code -Wno-implicit-atomic-properties -Werror\=deprecated-objc-isa-usage -Wno-objc-interface-ivars -Werror\=objc-root-class -Wno-arc-repeated-use-of-weak -Wimplicit-retain-self -Wduplicate-method-match -Wno-missing-braces -Wparentheses -Wswitch -Wunused-function -Wno-unused-label -Wno-unused-parameter -Wunused-variable -Wunused-value -Wempty-body -Wuninitialized -Wconditional-uninitialized -Wno-unknown-pragmas -Wno-shadow -Wno-four-char-constants -Wno-conversion -Wconstant-conversion -Wint-conversion -Wbool-conversion -Wenum-conversion -Wno-float-conversion -Wnon-literal-null-conversion -Wobjc-literal-conversion -Wshorten-64-to-32 -Wpointer-sign -Wno-newline-eof -Wno-selector -Wno-strict-selector-match -Wundeclared-selector -Wdeprecated-implementations -Wno-implicit-fallthrough -isysroot /Applications/Xcode.app/Contents/Developer/Platforms/iPhoneSimulator.platform/Developer/SDKs/iPhoneSimulator26.4.sdk -fstrict-aliasing -Wprotocol -Wdeprecated-declarations -Wno-sign-conversion -Winfinite-recursion -Wcomma -Wblock-capture-autoreleasing -Wstrict-prototypes -Wno-semicolon-before-method-body -Wunguarded-availability -index-store-path /Users/tavishagarwal/Library/Developer/Xcode/DerivedData/Vybe-eypqtupuvqzwmybaqlzhbqpdfpou/Index.noindex/DataStore @/Users/tavishagarwal/Library/Developer/Xcode/DerivedData/Vybe-eypqtupuvqzwmybaqlzhbqpdfpou/Build/Intermediates.noindex/Pods.build/Debug-iphonesimulator/RNPaywalls.build/Objects-normal/arm64/e6072d4f65d7061329687fe24e3d63a7-common-args.resp -include /Users/tavishagarwal/Desktop/Vybe/ios/Pods/Target\ Support\ Files/RNPaywalls/RNPaywalls-prefix.pch -MMD -MT dependencies -MF /Users/tavishagarwal/Library/Developer/Xcode/DerivedData/Vybe-eypqtupuvqzwmybaqlzhbqpdfpou/Build/Intermediates.noindex/Pods.build/Debug-iphonesimulator/RNPaywalls.build/Objects-normal/arm64/CustomerCenterViewWrapper.d --serialize-diagnostics /Users/tavishagarwal/Library/Developer/Xcode/DerivedData/Vybe-eypqtupuvqzwmybaqlzhbqpdfpou/Build/Intermediates.noindex/Pods.build/Debug-iphonesimulator/RNPaywalls.build/Objects-normal/arm64/CustomerCenterViewWrapper.dia -c /Users/tavishagarwal/Desktop/Vybe/node_modules/react-native-purchases-ui/ios/CustomerCenterViewWrapper.m -o /Users/tavishagarwal/Library/Developer/Xcode/DerivedData/Vybe-eypqtupuvqzwmybaqlzhbqpdfpou/Build/Intermediates.noindex/Pods.build/Debug-iphonesimulator/RNPaywalls.build/Objects-normal/arm64/CustomerCenterViewWrapper.o -index-unit-output-path /Pods.build/Debug-iphonesimulator/RNPaywalls.build/Objects-normal/arm64/CustomerCenterViewWrapper.o

CompileC /Users/tavishagarwal/Library/Developer/Xcode/DerivedData/Vybe-eypqtupuvqzwmybaqlzhbqpdfpou/Build/Intermediates.noindex/Pods.build/Debug-iphonesimulator/RNPaywalls.build/Objects-normal/arm64/UIView+Extensions.o /Users/tavishagarwal/Desktop/Vybe/node_modules/react-native-purchases-ui/ios/UIView+Extensions.m normal arm64 objective-c com.apple.compilers.llvm.clang.1_0.compiler (in target 'RNPaywalls' from project 'Pods')
    cd /Users/tavishagarwal/Desktop/Vybe/ios/Pods
    
    Using response file: /Users/tavishagarwal/Library/Developer/Xcode/DerivedData/Vybe-eypqtupuvqzwmybaqlzhbqpdfpou/Build/Intermediates.noindex/Pods.build/Debug-iphonesimulator/RNPaywalls.build/Objects-normal/arm64/e6072d4f65d7061329687fe24e3d63a7-common-args.resp
    
    /Applications/Xcode.app/Contents/Developer/Toolchains/XcodeDefault.xctoolchain/usr/bin/clang -x objective-c -ivfsstatcache /Users/tavishagarwal/Library/Developer/Xcode/DerivedData/SDKStatCaches.noindex/iphonesimulator26.4-23E252-686eebb5dc1d8ecb277353a59184f4aa.sdkstatcache -target arm64-apple-ios15.1-simulator -fmessage-length\=0 -fdiagnostics-show-note-include-stack -fmacro-backtrace-limit\=0 -fno-color-diagnostics -fmodules-prune-interval\=86400 -fmodules-prune-after\=345600 -fbuild-session-file\=/Users/tavishagarwal/Library/Developer/Xcode/DerivedData/ModuleCache.noindex/Session.modulevalidation -fmodules-validate-once-per-build-session -Wnon-modular-include-in-framework-module -Werror\=non-modular-include-in-framework-module -Wno-trigraphs -Wno-missing-field-initializers -Wno-missing-prototypes -Werror\=return-type -Wdocumentation -Wunreachable-code -Wno-implicit-atomic-properties -Werror\=deprecated-objc-isa-usage -Wno-objc-interface-ivars -Werror\=objc-root-class -Wno-arc-repeated-use-of-weak -Wimplicit-retain-self -Wduplicate-method-match -Wno-missing-braces -Wparentheses -Wswitch -Wunused-function -Wno-unused-label -Wno-unused-parameter -Wunused-variable -Wunused-value -Wempty-body -Wuninitialized -Wconditional-uninitialized -Wno-unknown-pragmas -Wno-shadow -Wno-four-char-constants -Wno-conversion -Wconstant-conversion -Wint-conversion -Wbool-conversion -Wenum-conversion -Wno-float-conversion -Wnon-literal-null-conversion -Wobjc-literal-conversion -Wshorten-64-to-32 -Wpointer-sign -Wno-newline-eof -Wno-selector -Wno-strict-selector-match -Wundeclared-selector -Wdeprecated-implementations -Wno-implicit-fallthrough -isysroot /Applications/Xcode.app/Contents/Developer/Platforms/iPhoneSimulator.platform/Developer/SDKs/iPhoneSimulator26.4.sdk -fstrict-aliasing -Wprotocol -Wdeprecated-declarations -Wno-sign-conversion -Winfinite-recursion -Wcomma -Wblock-capture-autoreleasing -Wstrict-prototypes -Wno-semicolon-before-method-body -Wunguarded-availability -index-store-path /Users/tavishagarwal/Library/Developer/Xcode/DerivedData/Vybe-eypqtupuvqzwmybaqlzhbqpdfpou/Index.noindex/DataStore @/Users/tavishagarwal/Library/Developer/Xcode/DerivedData/Vybe-eypqtupuvqzwmybaqlzhbqpdfpou/Build/Intermediates.noindex/Pods.build/Debug-iphonesimulator/RNPaywalls.build/Objects-normal/arm64/e6072d4f65d7061329687fe24e3d63a7-common-args.resp -include /Users/tavishagarwal/Desktop/Vybe/ios/Pods/Target\ Support\ Files/RNPaywalls/RNPaywalls-prefix.pch -MMD -MT dependencies -MF /Users/tavishagarwal/Library/Developer/Xcode/DerivedData/Vybe-eypqtupuvqzwmybaqlzhbqpdfpou/Build/Intermediates.noindex/Pods.build/Debug-iphonesimulator/RNPaywalls.build/Objects-normal/arm64/UIView+Extensions.d --serialize-diagnostics /Users/tavishagarwal/Library/Developer/Xcode/DerivedData/Vybe-eypqtupuvqzwmybaqlzhbqpdfpou/Build/Intermediates.noindex/Pods.build/Debug-iphonesimulator/RNPaywalls.build/Objects-normal/arm64/UIView+Extensions.dia -c /Users/tavishagarwal/Desktop/Vybe/node_modules/react-native-purchases-ui/ios/UIView+Extensions.m -o /Users/tavishagarwal/Library/Developer/Xcode/DerivedData/Vybe-eypqtupuvqzwmybaqlzhbqpdfpou/Build/Intermediates.noindex/Pods.build/Debug-iphonesimulator/RNPaywalls.build/Objects-normal/arm64/UIView+Extensions.o -index-unit-output-path /Pods.build/Debug-iphonesimulator/RNPaywalls.build/Objects-normal/arm64/UIView+Extensions.o

CompileC /Users/tavishagarwal/Library/Developer/Xcode/DerivedData/Vybe-eypqtupuvqzwmybaqlzhbqpdfpou/Build/Intermediates.noindex/Pods.build/Debug-iphonesimulator/RNPaywalls.build/Objects-normal/arm64/RNPaywalls-dummy.o /Users/tavishagarwal/Desktop/Vybe/ios/Pods/Target\ Support\ Files/RNPaywalls/RNPaywalls-dummy.m normal arm64 objective-c com.apple.compilers.llvm.clang.1_0.compiler (in target 'RNPaywalls' from project 'Pods')
    cd /Users/tavishagarwal/Desktop/Vybe/ios/Pods
    
    Using response file: /Users/tavishagarwal/Library/Developer/Xcode/DerivedData/Vybe-eypqtupuvqzwmybaqlzhbqpdfpou/Build/Intermediates.noindex/Pods.build/Debug-iphonesimulator/RNPaywalls.build/Objects-normal/arm64/e6072d4f65d7061329687fe24e3d63a7-common-args.resp
    
    /Applications/Xcode.app/Contents/Developer/Toolchains/XcodeDefault.xctoolchain/usr/bin/clang -x objective-c -ivfsstatcache /Users/tavishagarwal/Library/Developer/Xcode/DerivedData/SDKStatCaches.noindex/iphonesimulator26.4-23E252-686eebb5dc1d8ecb277353a59184f4aa.sdkstatcache -target arm64-apple-ios15.1-simulator -fmessage-length\=0 -fdiagnostics-show-note-include-stack -fmacro-backtrace-limit\=0 -fno-color-diagnostics -fmodules-prune-interval\=86400 -fmodules-prune-after\=345600 -fbuild-session-file\=/Users/tavishagarwal/Library/Developer/Xcode/DerivedData/ModuleCache.noindex/Session.modulevalidation -fmodules-validate-once-per-build-session -Wnon-modular-include-in-framework-module -Werror\=non-modular-include-in-framework-module -Wno-trigraphs -Wno-missing-field-initializers -Wno-missing-prototypes -Werror\=return-type -Wdocumentation -Wunreachable-code -Wno-implicit-atomic-properties -Werror\=deprecated-objc-isa-usage -Wno-objc-interface-ivars -Werror\=objc-root-class -Wno-arc-repeated-use-of-weak -Wimplicit-retain-self -Wduplicate-method-match -Wno-missing-braces -Wparentheses -Wswitch -Wunused-function -Wno-unused-label -Wno-unused-parameter -Wunused-variable -Wunused-value -Wempty-body -Wuninitialized -Wconditional-uninitialized -Wno-unknown-pragmas -Wno-shadow -Wno-four-char-constants -Wno-conversion -Wconstant-conversion -Wint-conversion -Wbool-conversion -Wenum-conversion -Wno-float-conversion -Wnon-literal-null-conversion -Wobjc-literal-conversion -Wshorten-64-to-32 -Wpointer-sign -Wno-newline-eof -Wno-selector -Wno-strict-selector-match -Wundeclared-selector -Wdeprecated-implementations -Wno-implicit-fallthrough -isysroot /Applications/Xcode.app/Contents/Developer/Platforms/iPhoneSimulator.platform/Developer/SDKs/iPhoneSimulator26.4.sdk -fstrict-aliasing -Wprotocol -Wdeprecated-declarations -Wno-sign-conversion -Winfinite-recursion -Wcomma -Wblock-capture-autoreleasing -Wstrict-prototypes -Wno-semicolon-before-method-body -Wunguarded-availability -index-store-path /Users/tavishagarwal/Library/Developer/Xcode/DerivedData/Vybe-eypqtupuvqzwmybaqlzhbqpdfpou/Index.noindex/DataStore @/Users/tavishagarwal/Library/Developer/Xcode/DerivedData/Vybe-eypqtupuvqzwmybaqlzhbqpdfpou/Build/Intermediates.noindex/Pods.build/Debug-iphonesimulator/RNPaywalls.build/Objects-normal/arm64/e6072d4f65d7061329687fe24e3d63a7-common-args.resp -include /Users/tavishagarwal/Desktop/Vybe/ios/Pods/Target\ Support\ Files/RNPaywalls/RNPaywalls-prefix.pch -MMD -MT dependencies -MF /Users/tavishagarwal/Library/Developer/Xcode/DerivedData/Vybe-eypqtupuvqzwmybaqlzhbqpdfpou/Build/Intermediates.noindex/Pods.build/Debug-iphonesimulator/RNPaywalls.build/Objects-normal/arm64/RNPaywalls-dummy.d --serialize-diagnostics /Users/tavishagarwal/Library/Developer/Xcode/DerivedData/Vybe-eypqtupuvqzwmybaqlzhbqpdfpou/Build/Intermediates.noindex/Pods.build/Debug-iphonesimulator/RNPaywalls.build/Objects-normal/arm64/RNPaywalls-dummy.dia -c /Users/tavishagarwal/Desktop/Vybe/ios/Pods/Target\ Support\ Files/RNPaywalls/RNPaywalls-dummy.m -o /Users/tavishagarwal/Library/Developer/Xcode/DerivedData/Vybe-eypqtupuvqzwmybaqlzhbqpdfpou/Build/Intermediates.noindex/Pods.build/Debug-iphonesimulator/RNPaywalls.build/Objects-normal/arm64/RNPaywalls-dummy.o -index-unit-output-path /Pods.build/Debug-iphonesimulator/RNPaywalls.build/Objects-normal/arm64/RNPaywalls-dummy.o

PrecompileModule /Users/tavishagarwal/Library/Developer/Xcode/DerivedData/Vybe-eypqtupuvqzwmybaqlzhbqpdfpou/Build/Intermediates.noindex/ExplicitPrecompiledModules/RevenueCatUI-2KGVSX049LSU2MGKO4ZVI0NJB.scan
    cd /
    builtin-precompileModule /Users/tavishagarwal/Library/Developer/Xcode/DerivedData/Vybe-eypqtupuvqzwmybaqlzhbqpdfpou/Build/Intermediates.noindex/ExplicitPrecompiledModules/RevenueCatUI-2KGVSX049LSU2MGKO4ZVI0NJB.scan

PrecompileModule /Users/tavishagarwal/Library/Developer/Xcode/DerivedData/Vybe-eypqtupuvqzwmybaqlzhbqpdfpou/Build/Intermediates.noindex/ExplicitPrecompiledModules/PurchasesHybridCommonUI-67Y4RILKC2WSTACLCQX4HXYDZ.scan
    cd /
    builtin-precompileModule /Users/tavishagarwal/Library/Developer/Xcode/DerivedData/Vybe-eypqtupuvqzwmybaqlzhbqpdfpou/Build/Intermediates.noindex/ExplicitPrecompiledModules/PurchasesHybridCommonUI-67Y4RILKC2WSTACLCQX4HXYDZ.scan

CompileC /Users/tavishagarwal/Library/Developer/Xcode/DerivedData/Vybe-eypqtupuvqzwmybaqlzhbqpdfpou/Build/Intermediates.noindex/Pods.build/Debug-iphonesimulator/RNPaywalls.build/Objects-normal/arm64/PaywallViewWrapper.o /Users/tavishagarwal/Desktop/Vybe/node_modules/react-native-purchases-ui/ios/PaywallViewWrapper.m normal arm64 objective-c com.apple.compilers.llvm.clang.1_0.compiler (in target 'RNPaywalls' from project 'Pods')
    cd /Users/tavishagarwal/Desktop/Vybe/ios/Pods
    
    Using response file: /Users/tavishagarwal/Library/Developer/Xcode/DerivedData/Vybe-eypqtupuvqzwmybaqlzhbqpdfpou/Build/Intermediates.noindex/Pods.build/Debug-iphonesimulator/RNPaywalls.build/Objects-normal/arm64/e6072d4f65d7061329687fe24e3d63a7-common-args.resp
    
    /Applications/Xcode.app/Contents/Developer/Toolchains/XcodeDefault.xctoolchain/usr/bin/clang -x objective-c -ivfsstatcache /Users/tavishagarwal/Library/Developer/Xcode/DerivedData/SDKStatCaches.noindex/iphonesimulator26.4-23E252-686eebb5dc1d8ecb277353a59184f4aa.sdkstatcache -target arm64-apple-ios15.1-simulator -fmessage-length\=0 -fdiagnostics-show-note-include-stack -fmacro-backtrace-limit\=0 -fno-color-diagnostics -fmodules-prune-interval\=86400 -fmodules-prune-after\=345600 -fbuild-session-file\=/Users/tavishagarwal/Library/Developer/Xcode/DerivedData/ModuleCache.noindex/Session.modulevalidation -fmodules-validate-once-per-build-session -Wnon-modular-include-in-framework-module -Werror\=non-modular-include-in-framework-module -Wno-trigraphs -Wno-missing-field-initializers -Wno-missing-prototypes -Werror\=return-type -Wdocumentation -Wunreachable-code -Wno-implicit-atomic-properties -Werror\=deprecated-objc-isa-usage -Wno-objc-interface-ivars -Werror\=objc-root-class -Wno-arc-repeated-use-of-weak -Wimplicit-retain-self -Wduplicate-method-match -Wno-missing-braces -Wparentheses -Wswitch -Wunused-function -Wno-unused-label -Wno-unused-parameter -Wunused-variable -Wunused-value -Wempty-body -Wuninitialized -Wconditional-uninitialized -Wno-unknown-pragmas -Wno-shadow -Wno-four-char-constants -Wno-conversion -Wconstant-conversion -Wint-conversion -Wbool-conversion -Wenum-conversion -Wno-float-conversion -Wnon-literal-null-conversion -Wobjc-literal-conversion -Wshorten-64-to-32 -Wpointer-sign -Wno-newline-eof -Wno-selector -Wno-strict-selector-match -Wundeclared-selector -Wdeprecated-implementations -Wno-implicit-fallthrough -isysroot /Applications/Xcode.app/Contents/Developer/Platforms/iPhoneSimulator.platform/Developer/SDKs/iPhoneSimulator26.4.sdk -fstrict-aliasing -Wprotocol -Wdeprecated-declarations -Wno-sign-conversion -Winfinite-recursion -Wcomma -Wblock-capture-autoreleasing -Wstrict-prototypes -Wno-semicolon-before-method-body -Wunguarded-availability -index-store-path /Users/tavishagarwal/Library/Developer/Xcode/DerivedData/Vybe-eypqtupuvqzwmybaqlzhbqpdfpou/Index.noindex/DataStore @/Users/tavishagarwal/Library/Developer/Xcode/DerivedData/Vybe-eypqtupuvqzwmybaqlzhbqpdfpou/Build/Intermediates.noindex/Pods.build/Debug-iphonesimulator/RNPaywalls.build/Objects-normal/arm64/e6072d4f65d7061329687fe24e3d63a7-common-args.resp -include /Users/tavishagarwal/Desktop/Vybe/ios/Pods/Target\ Support\ Files/RNPaywalls/RNPaywalls-prefix.pch -MMD -MT dependencies -MF /Users/tavishagarwal/Library/Developer/Xcode/DerivedData/Vybe-eypqtupuvqzwmybaqlzhbqpdfpou/Build/Intermediates.noindex/Pods.build/Debug-iphonesimulator/RNPaywalls.build/Objects-normal/arm64/PaywallViewWrapper.d --serialize-diagnostics /Users/tavishagarwal/Library/Developer/Xcode/DerivedData/Vybe-eypqtupuvqzwmybaqlzhbqpdfpou/Build/Intermediates.noindex/Pods.build/Debug-iphonesimulator/RNPaywalls.build/Objects-normal/arm64/PaywallViewWrapper.dia -c /Users/tavishagarwal/Desktop/Vybe/node_modules/react-native-purchases-ui/ios/PaywallViewWrapper.m -o /Users/tavishagarwal/Library/Developer/Xcode/DerivedData/Vybe-eypqtupuvqzwmybaqlzhbqpdfpou/Build/Intermediates.noindex/Pods.build/Debug-iphonesimulator/RNPaywalls.build/Objects-normal/arm64/PaywallViewWrapper.o -index-unit-output-path /Pods.build/Debug-iphonesimulator/RNPaywalls.build/Objects-normal/arm64/PaywallViewWrapper.o
/Users/tavishagarwal/Desktop/Vybe/node_modules/react-native-purchases-ui/ios/PaywallViewWrapper.m:118:40: warning: incompatible pointer types assigning to 'RCPaywallViewController *' from 'UIViewController * _Nullable' [-Wincompatible-pointer-types]
  118 |             self.paywallViewController = self.createViewController(bridge);
      |                                        ^ ~~~~~~~~~~~~~~~~~~~~~~~~~~~~~~~~~
1 warning generated.

CompileC /Users/tavishagarwal/Library/Developer/Xcode/DerivedData/Vybe-eypqtupuvqzwmybaqlzhbqpdfpou/Build/Intermediates.noindex/Pods.build/Debug-iphonesimulator/RNPaywalls.build/Objects-normal/arm64/RCPaywallFooterViewManager.o /Users/tavishagarwal/Desktop/Vybe/node_modules/react-native-purchases-ui/ios/RCPaywallFooterViewManager.m normal arm64 objective-c com.apple.compilers.llvm.clang.1_0.compiler (in target 'RNPaywalls' from project 'Pods')
    cd /Users/tavishagarwal/Desktop/Vybe/ios/Pods
    
    Using response file: /Users/tavishagarwal/Library/Developer/Xcode/DerivedData/Vybe-eypqtupuvqzwmybaqlzhbqpdfpou/Build/Intermediates.noindex/Pods.build/Debug-iphonesimulator/RNPaywalls.build/Objects-normal/arm64/e6072d4f65d7061329687fe24e3d63a7-common-args.resp
    
    /Applications/Xcode.app/Contents/Developer/Toolchains/XcodeDefault.xctoolchain/usr/bin/clang -x objective-c -ivfsstatcache /Users/tavishagarwal/Library/Developer/Xcode/DerivedData/SDKStatCaches.noindex/iphonesimulator26.4-23E252-686eebb5dc1d8ecb277353a59184f4aa.sdkstatcache -target arm64-apple-ios15.1-simulator -fmessage-length\=0 -fdiagnostics-show-note-include-stack -fmacro-backtrace-limit\=0 -fno-color-diagnostics -fmodules-prune-interval\=86400 -fmodules-prune-after\=345600 -fbuild-session-file\=/Users/tavishagarwal/Library/Developer/Xcode/DerivedData/ModuleCache.noindex/Session.modulevalidation -fmodules-validate-once-per-build-session -Wnon-modular-include-in-framework-module -Werror\=non-modular-include-in-framework-module -Wno-trigraphs -Wno-missing-field-initializers -Wno-missing-prototypes -Werror\=return-type -Wdocumentation -Wunreachable-code -Wno-implicit-atomic-properties -Werror\=deprecated-objc-isa-usage -Wno-objc-interface-ivars -Werror\=objc-root-class -Wno-arc-repeated-use-of-weak -Wimplicit-retain-self -Wduplicate-method-match -Wno-missing-braces -Wparentheses -Wswitch -Wunused-function -Wno-unused-label -Wno-unused-parameter -Wunused-variable -Wunused-value -Wempty-body -Wuninitialized -Wconditional-uninitialized -Wno-unknown-pragmas -Wno-shadow -Wno-four-char-constants -Wno-conversion -Wconstant-conversion -Wint-conversion -Wbool-conversion -Wenum-conversion -Wno-float-conversion -Wnon-literal-null-conversion -Wobjc-literal-conversion -Wshorten-64-to-32 -Wpointer-sign -Wno-newline-eof -Wno-selector -Wno-strict-selector-match -Wundeclared-selector -Wdeprecated-implementations -Wno-implicit-fallthrough -isysroot /Applications/Xcode.app/Contents/Developer/Platforms/iPhoneSimulator.platform/Developer/SDKs/iPhoneSimulator26.4.sdk -fstrict-aliasing -Wprotocol -Wdeprecated-declarations -Wno-sign-conversion -Winfinite-recursion -Wcomma -Wblock-capture-autoreleasing -Wstrict-prototypes -Wno-semicolon-before-method-body -Wunguarded-availability -index-store-path /Users/tavishagarwal/Library/Developer/Xcode/DerivedData/Vybe-eypqtupuvqzwmybaqlzhbqpdfpou/Index.noindex/DataStore @/Users/tavishagarwal/Library/Developer/Xcode/DerivedData/Vybe-eypqtupuvqzwmybaqlzhbqpdfpou/Build/Intermediates.noindex/Pods.build/Debug-iphonesimulator/RNPaywalls.build/Objects-normal/arm64/e6072d4f65d7061329687fe24e3d63a7-common-args.resp -include /Users/tavishagarwal/Desktop/Vybe/ios/Pods/Target\ Support\ Files/RNPaywalls/RNPaywalls-prefix.pch -MMD -MT dependencies -MF /Users/tavishagarwal/Library/Developer/Xcode/DerivedData/Vybe-eypqtupuvqzwmybaqlzhbqpdfpou/Build/Intermediates.noindex/Pods.build/Debug-iphonesimulator/RNPaywalls.build/Objects-normal/arm64/RCPaywallFooterViewManager.d --serialize-diagnostics /Users/tavishagarwal/Library/Developer/Xcode/DerivedData/Vybe-eypqtupuvqzwmybaqlzhbqpdfpou/Build/Intermediates.noindex/Pods.build/Debug-iphonesimulator/RNPaywalls.build/Objects-normal/arm64/RCPaywallFooterViewManager.dia -c /Users/tavishagarwal/Desktop/Vybe/node_modules/react-native-purchases-ui/ios/RCPaywallFooterViewManager.m -o /Users/tavishagarwal/Library/Developer/Xcode/DerivedData/Vybe-eypqtupuvqzwmybaqlzhbqpdfpou/Build/Intermediates.noindex/Pods.build/Debug-iphonesimulator/RNPaywalls.build/Objects-normal/arm64/RCPaywallFooterViewManager.o -index-unit-output-path /Pods.build/Debug-iphonesimulator/RNPaywalls.build/Objects-normal/arm64/RCPaywallFooterViewManager.o
In file included from /Users/tavishagarwal/Desktop/Vybe/node_modules/react-native-purchases-ui/ios/RCPaywallFooterViewManager.m:19:
/Users/tavishagarwal/Desktop/Vybe/ios/Pods/Headers/Public/React-Core/React/RCTRootViewDelegate.h:28:41: warning: 'RCTRootView' is deprecated: This API will be removed along with the legacy architecture. [-Wdeprecated-declarations]
   28 | - (void)rootViewDidChangeIntrinsicSize:(RCTRootView *)rootView;
      |                                         ^
In file included from /Users/tavishagarwal/Desktop/Vybe/node_modules/react-native-purchases-ui/ios/RCPaywallFooterViewManager.m:16:
In file included from /Users/tavishagarwal/Desktop/Vybe/ios/Pods/Headers/Public/React-Core/React/RCTShadowView.h:14:
/Users/tavishagarwal/Desktop/Vybe/ios/Pods/Headers/Public/React-Core/React/RCTRootView.h:50:1: note: 'RCTRootView' has been explicitly marked deprecated here
   50 | __deprecated_msg("This API will be removed along with the legacy architecture.") @interface RCTRootView : UIView
      | ^
In module '_DarwinFoundation1' imported from /Users/tavishagarwal/Desktop/Vybe/ios/Pods/Headers/Public/React-Core-prebuilt/yoga/YGValue.h:22:
/Applications/Xcode.app/Contents/Developer/Platforms/iPhoneSimulator.platform/Developer/SDKs/iPhoneSimulator26.4.sdk/usr/include/sys/cdefs.h:227:48: note: expanded from macro '__deprecated_msg'
  227 |         #define __deprecated_msg(_msg) __attribute__((__deprecated__(_msg)))
      |                                                       ^
1 warning generated.

CompileC /Users/tavishagarwal/Library/Developer/Xcode/DerivedData/Vybe-eypqtupuvqzwmybaqlzhbqpdfpou/Build/Intermediates.noindex/Pods.build/Debug-iphonesimulator/RNPaywalls.build/Objects-normal/arm64/PaywallViewManager.o /Users/tavishagarwal/Desktop/Vybe/node_modules/react-native-purchases-ui/ios/PaywallViewManager.m normal arm64 objective-c com.apple.compilers.llvm.clang.1_0.compiler (in target 'RNPaywalls' from project 'Pods')
    cd /Users/tavishagarwal/Desktop/Vybe/ios/Pods
    
    Using response file: /Users/tavishagarwal/Library/Developer/Xcode/DerivedData/Vybe-eypqtupuvqzwmybaqlzhbqpdfpou/Build/Intermediates.noindex/Pods.build/Debug-iphonesimulator/RNPaywalls.build/Objects-normal/arm64/e6072d4f65d7061329687fe24e3d63a7-common-args.resp
    
    /Applications/Xcode.app/Contents/Developer/Toolchains/XcodeDefault.xctoolchain/usr/bin/clang -x objective-c -ivfsstatcache /Users/tavishagarwal/Library/Developer/Xcode/DerivedData/SDKStatCaches.noindex/iphonesimulator26.4-23E252-686eebb5dc1d8ecb277353a59184f4aa.sdkstatcache -target arm64-apple-ios15.1-simulator -fmessage-length\=0 -fdiagnostics-show-note-include-stack -fmacro-backtrace-limit\=0 -fno-color-diagnostics -fmodules-prune-interval\=86400 -fmodules-prune-after\=345600 -fbuild-session-file\=/Users/tavishagarwal/Library/Developer/Xcode/DerivedData/ModuleCache.noindex/Session.modulevalidation -fmodules-validate-once-per-build-session -Wnon-modular-include-in-framework-module -Werror\=non-modular-include-in-framework-module -Wno-trigraphs -Wno-missing-field-initializers -Wno-missing-prototypes -Werror\=return-type -Wdocumentation -Wunreachable-code -Wno-implicit-atomic-properties -Werror\=deprecated-objc-isa-usage -Wno-objc-interface-ivars -Werror\=objc-root-class -Wno-arc-repeated-use-of-weak -Wimplicit-retain-self -Wduplicate-method-match -Wno-missing-braces -Wparentheses -Wswitch -Wunused-function -Wno-unused-label -Wno-unused-parameter -Wunused-variable -Wunused-value -Wempty-body -Wuninitialized -Wconditional-uninitialized -Wno-unknown-pragmas -Wno-shadow -Wno-four-char-constants -Wno-conversion -Wconstant-conversion -Wint-conversion -Wbool-conversion -Wenum-conversion -Wno-float-conversion -Wnon-literal-null-conversion -Wobjc-literal-conversion -Wshorten-64-to-32 -Wpointer-sign -Wno-newline-eof -Wno-selector -Wno-strict-selector-match -Wundeclared-selector -Wdeprecated-implementations -Wno-implicit-fallthrough -isysroot /Applications/Xcode.app/Contents/Developer/Platforms/iPhoneSimulator.platform/Developer/SDKs/iPhoneSimulator26.4.sdk -fstrict-aliasing -Wprotocol -Wdeprecated-declarations -Wno-sign-conversion -Winfinite-recursion -Wcomma -Wblock-capture-autoreleasing -Wstrict-prototypes -Wno-semicolon-before-method-body -Wunguarded-availability -index-store-path /Users/tavishagarwal/Library/Developer/Xcode/DerivedData/Vybe-eypqtupuvqzwmybaqlzhbqpdfpou/Index.noindex/DataStore @/Users/tavishagarwal/Library/Developer/Xcode/DerivedData/Vybe-eypqtupuvqzwmybaqlzhbqpdfpou/Build/Intermediates.noindex/Pods.build/Debug-iphonesimulator/RNPaywalls.build/Objects-normal/arm64/e6072d4f65d7061329687fe24e3d63a7-common-args.resp -include /Users/tavishagarwal/Desktop/Vybe/ios/Pods/Target\ Support\ Files/RNPaywalls/RNPaywalls-prefix.pch -MMD -MT dependencies -MF /Users/tavishagarwal/Library/Developer/Xcode/DerivedData/Vybe-eypqtupuvqzwmybaqlzhbqpdfpou/Build/Intermediates.noindex/Pods.build/Debug-iphonesimulator/RNPaywalls.build/Objects-normal/arm64/PaywallViewManager.d --serialize-diagnostics /Users/tavishagarwal/Library/Developer/Xcode/DerivedData/Vybe-eypqtupuvqzwmybaqlzhbqpdfpou/Build/Intermediates.noindex/Pods.build/Debug-iphonesimulator/RNPaywalls.build/Objects-normal/arm64/PaywallViewManager.dia -c /Users/tavishagarwal/Desktop/Vybe/node_modules/react-native-purchases-ui/ios/PaywallViewManager.m -o /Users/tavishagarwal/Library/Developer/Xcode/DerivedData/Vybe-eypqtupuvqzwmybaqlzhbqpdfpou/Build/Intermediates.noindex/Pods.build/Debug-iphonesimulator/RNPaywalls.build/Objects-normal/arm64/PaywallViewManager.o -index-unit-output-path /Pods.build/Debug-iphonesimulator/RNPaywalls.build/Objects-normal/arm64/PaywallViewManager.o

CompileC /Users/tavishagarwal/Library/Developer/Xcode/DerivedData/Vybe-eypqtupuvqzwmybaqlzhbqpdfpou/Build/Intermediates.noindex/Pods.build/Debug-iphonesimulator/RNPaywalls.build/Objects-normal/arm64/RNCustomerCenter.o /Users/tavishagarwal/Desktop/Vybe/node_modules/react-native-purchases-ui/ios/RNCustomerCenter.m normal arm64 objective-c com.apple.compilers.llvm.clang.1_0.compiler (in target 'RNPaywalls' from project 'Pods')
    cd /Users/tavishagarwal/Desktop/Vybe/ios/Pods
    
    Using response file: /Users/tavishagarwal/Library/Developer/Xcode/DerivedData/Vybe-eypqtupuvqzwmybaqlzhbqpdfpou/Build/Intermediates.noindex/Pods.build/Debug-iphonesimulator/RNPaywalls.build/Objects-normal/arm64/e6072d4f65d7061329687fe24e3d63a7-common-args.resp
    
    /Applications/Xcode.app/Contents/Developer/Toolchains/XcodeDefault.xctoolchain/usr/bin/clang -x objective-c -ivfsstatcache /Users/tavishagarwal/Library/Developer/Xcode/DerivedData/SDKStatCaches.noindex/iphonesimulator26.4-23E252-686eebb5dc1d8ecb277353a59184f4aa.sdkstatcache -target arm64-apple-ios15.1-simulator -fmessage-length\=0 -fdiagnostics-show-note-include-stack -fmacro-backtrace-limit\=0 -fno-color-diagnostics -fmodules-prune-interval\=86400 -fmodules-prune-after\=345600 -fbuild-session-file\=/Users/tavishagarwal/Library/Developer/Xcode/DerivedData/ModuleCache.noindex/Session.modulevalidation -fmodules-validate-once-per-build-session -Wnon-modular-include-in-framework-module -Werror\=non-modular-include-in-framework-module -Wno-trigraphs -Wno-missing-field-initializers -Wno-missing-prototypes -Werror\=return-type -Wdocumentation -Wunreachable-code -Wno-implicit-atomic-properties -Werror\=deprecated-objc-isa-usage -Wno-objc-interface-ivars -Werror\=objc-root-class -Wno-arc-repeated-use-of-weak -Wimplicit-retain-self -Wduplicate-method-match -Wno-missing-braces -Wparentheses -Wswitch -Wunused-function -Wno-unused-label -Wno-unused-parameter -Wunused-variable -Wunused-value -Wempty-body -Wuninitialized -Wconditional-uninitialized -Wno-unknown-pragmas -Wno-shadow -Wno-four-char-constants -Wno-conversion -Wconstant-conversion -Wint-conversion -Wbool-conversion -Wenum-conversion -Wno-float-conversion -Wnon-literal-null-conversion -Wobjc-literal-conversion -Wshorten-64-to-32 -Wpointer-sign -Wno-newline-eof -Wno-selector -Wno-strict-selector-match -Wundeclared-selector -Wdeprecated-implementations -Wno-implicit-fallthrough -isysroot /Applications/Xcode.app/Contents/Developer/Platforms/iPhoneSimulator.platform/Developer/SDKs/iPhoneSimulator26.4.sdk -fstrict-aliasing -Wprotocol -Wdeprecated-declarations -Wno-sign-conversion -Winfinite-recursion -Wcomma -Wblock-capture-autoreleasing -Wstrict-prototypes -Wno-semicolon-before-method-body -Wunguarded-availability -index-store-path /Users/tavishagarwal/Library/Developer/Xcode/DerivedData/Vybe-eypqtupuvqzwmybaqlzhbqpdfpou/Index.noindex/DataStore @/Users/tavishagarwal/Library/Developer/Xcode/DerivedData/Vybe-eypqtupuvqzwmybaqlzhbqpdfpou/Build/Intermediates.noindex/Pods.build/Debug-iphonesimulator/RNPaywalls.build/Objects-normal/arm64/e6072d4f65d7061329687fe24e3d63a7-common-args.resp -include /Users/tavishagarwal/Desktop/Vybe/ios/Pods/Target\ Support\ Files/RNPaywalls/RNPaywalls-prefix.pch -MMD -MT dependencies -MF /Users/tavishagarwal/Library/Developer/Xcode/DerivedData/Vybe-eypqtupuvqzwmybaqlzhbqpdfpou/Build/Intermediates.noindex/Pods.build/Debug-iphonesimulator/RNPaywalls.build/Objects-normal/arm64/RNCustomerCenter.d --serialize-diagnostics /Users/tavishagarwal/Library/Developer/Xcode/DerivedData/Vybe-eypqtupuvqzwmybaqlzhbqpdfpou/Build/Intermediates.noindex/Pods.build/Debug-iphonesimulator/RNPaywalls.build/Objects-normal/arm64/RNCustomerCenter.dia -c /Users/tavishagarwal/Desktop/Vybe/node_modules/react-native-purchases-ui/ios/RNCustomerCenter.m -o /Users/tavishagarwal/Library/Developer/Xcode/DerivedData/Vybe-eypqtupuvqzwmybaqlzhbqpdfpou/Build/Intermediates.noindex/Pods.build/Debug-iphonesimulator/RNPaywalls.build/Objects-normal/arm64/RNCustomerCenter.o -index-unit-output-path /Pods.build/Debug-iphonesimulator/RNPaywalls.build/Objects-normal/arm64/RNCustomerCenter.o

CompileC /Users/tavishagarwal/Library/Developer/Xcode/DerivedData/Vybe-eypqtupuvqzwmybaqlzhbqpdfpou/Build/Intermediates.noindex/Pods.build/Debug-iphonesimulator/RNPaywalls.build/Objects-normal/arm64/RNPaywalls.o /Users/tavishagarwal/Desktop/Vybe/node_modules/react-native-purchases-ui/ios/RNPaywalls.m normal arm64 objective-c com.apple.compilers.llvm.clang.1_0.compiler (in target 'RNPaywalls' from project 'Pods')
    cd /Users/tavishagarwal/Desktop/Vybe/ios/Pods
    
    Using response file: /Users/tavishagarwal/Library/Developer/Xcode/DerivedData/Vybe-eypqtupuvqzwmybaqlzhbqpdfpou/Build/Intermediates.noindex/Pods.build/Debug-iphonesimulator/RNPaywalls.build/Objects-normal/arm64/e6072d4f65d7061329687fe24e3d63a7-common-args.resp
    
    /Applications/Xcode.app/Contents/Developer/Toolchains/XcodeDefault.xctoolchain/usr/bin/clang -x objective-c -ivfsstatcache /Users/tavishagarwal/Library/Developer/Xcode/DerivedData/SDKStatCaches.noindex/iphonesimulator26.4-23E252-686eebb5dc1d8ecb277353a59184f4aa.sdkstatcache -target arm64-apple-ios15.1-simulator -fmessage-length\=0 -fdiagnostics-show-note-include-stack -fmacro-backtrace-limit\=0 -fno-color-diagnostics -fmodules-prune-interval\=86400 -fmodules-prune-after\=345600 -fbuild-session-file\=/Users/tavishagarwal/Library/Developer/Xcode/DerivedData/ModuleCache.noindex/Session.modulevalidation -fmodules-validate-once-per-build-session -Wnon-modular-include-in-framework-module -Werror\=non-modular-include-in-framework-module -Wno-trigraphs -Wno-missing-field-initializers -Wno-missing-prototypes -Werror\=return-type -Wdocumentation -Wunreachable-code -Wno-implicit-atomic-properties -Werror\=deprecated-objc-isa-usage -Wno-objc-interface-ivars -Werror\=objc-root-class -Wno-arc-repeated-use-of-weak -Wimplicit-retain-self -Wduplicate-method-match -Wno-missing-braces -Wparentheses -Wswitch -Wunused-function -Wno-unused-label -Wno-unused-parameter -Wunused-variable -Wunused-value -Wempty-body -Wuninitialized -Wconditional-uninitialized -Wno-unknown-pragmas -Wno-shadow -Wno-four-char-constants -Wno-conversion -Wconstant-conversion -Wint-conversion -Wbool-conversion -Wenum-conversion -Wno-float-conversion -Wnon-literal-null-conversion -Wobjc-literal-conversion -Wshorten-64-to-32 -Wpointer-sign -Wno-newline-eof -Wno-selector -Wno-strict-selector-match -Wundeclared-selector -Wdeprecated-implementations -Wno-implicit-fallthrough -isysroot /Applications/Xcode.app/Contents/Developer/Platforms/iPhoneSimulator.platform/Developer/SDKs/iPhoneSimulator26.4.sdk -fstrict-aliasing -Wprotocol -Wdeprecated-declarations -Wno-sign-conversion -Winfinite-recursion -Wcomma -Wblock-capture-autoreleasing -Wstrict-prototypes -Wno-semicolon-before-method-body -Wunguarded-availability -index-store-path /Users/tavishagarwal/Library/Developer/Xcode/DerivedData/Vybe-eypqtupuvqzwmybaqlzhbqpdfpou/Index.noindex/DataStore @/Users/tavishagarwal/Library/Developer/Xcode/DerivedData/Vybe-eypqtupuvqzwmybaqlzhbqpdfpou/Build/Intermediates.noindex/Pods.build/Debug-iphonesimulator/RNPaywalls.build/Objects-normal/arm64/e6072d4f65d7061329687fe24e3d63a7-common-args.resp -include /Users/tavishagarwal/Desktop/Vybe/ios/Pods/Target\ Support\ Files/RNPaywalls/RNPaywalls-prefix.pch -MMD -MT dependencies -MF /Users/tavishagarwal/Library/Developer/Xcode/DerivedData/Vybe-eypqtupuvqzwmybaqlzhbqpdfpou/Build/Intermediates.noindex/Pods.build/Debug-iphonesimulator/RNPaywalls.build/Objects-normal/arm64/RNPaywalls.d --serialize-diagnostics /Users/tavishagarwal/Library/Developer/Xcode/DerivedData/Vybe-eypqtupuvqzwmybaqlzhbqpdfpou/Build/Intermediates.noindex/Pods.build/Debug-iphonesimulator/RNPaywalls.build/Objects-normal/arm64/RNPaywalls.dia -c /Users/tavishagarwal/Desktop/Vybe/node_modules/react-native-purchases-ui/ios/RNPaywalls.m -o /Users/tavishagarwal/Library/Developer/Xcode/DerivedData/Vybe-eypqtupuvqzwmybaqlzhbqpdfpou/Build/Intermediates.noindex/Pods.build/Debug-iphonesimulator/RNPaywalls.build/Objects-normal/arm64/RNPaywalls.o -index-unit-output-path /Pods.build/Debug-iphonesimulator/RNPaywalls.build/Objects-normal/arm64/RNPaywalls.o
/Users/tavishagarwal/Desktop/Vybe/node_modules/react-native-purchases-ui/ios/RNPaywalls.m:87:24: warning: 'presentPaywallWithOptions:paywallResultHandler:' is deprecated: Use presentPaywall with purchaseLogicBridge instead [-Wdeprecated-declarations]
   87 |         [self.paywalls presentPaywallWithOptions:options
      |                        ^
In module 'PurchasesHybridCommonUI' imported from /Users/tavishagarwal/Desktop/Vybe/node_modules/react-native-purchases-ui/ios/RNPaywalls.m:9:
/Users/tavishagarwal/Library/Developer/Xcode/DerivedData/Vybe-eypqtupuvqzwmybaqlzhbqpdfpou/Build/Products/Debug-iphonesimulator/PurchasesHybridCommonUI/Swift Compatibility Header/PurchasesHybridCommonUI-Swift.h:484:166: note: 'presentPaywallWithOptions:paywallResultHandler:' has been explicitly marked deprecated here
  484 | - (void)presentPaywallWithOptions:(NSDictionary<NSString *, id> * _Nonnull)options paywallResultHandler:(void (^ _Nonnull)(NSString * _Nonnull))paywallResultHandler SWIFT_DEPRECATED_MSG("Use presentPaywall with purchaseLogicBridge instead");
      |                                                                                                                                                                      ^
In module 'PurchasesHybridCommonUI' imported from /Users/tavishagarwal/Desktop/Vybe/node_modules/react-native-purchases-ui/ios/RNPaywalls.m:9:
In module 'RevenueCatUI' imported from /Users/tavishagarwal/Library/Developer/Xcode/DerivedData/Vybe-eypqtupuvqzwmybaqlzhbqpdfpou/Build/Products/Debug-iphonesimulator/PurchasesHybridCommonUI/Swift Compatibility Header/PurchasesHybridCommonUI-Swift.h:352:
/Users/tavishagarwal/Library/Developer/Xcode/DerivedData/Vybe-eypqtupuvqzwmybaqlzhbqpdfpou/Build/Products/Debug-iphonesimulator/RevenueCatUI/Swift Compatibility Header/RevenueCatUI-Swift.h:243:51: note: expanded from macro 'SWIFT_DEPRECATED_MSG'
  243 | # define SWIFT_DEPRECATED_MSG(...) __attribute__((deprecated(__VA_ARGS__)))
      |                                                   ^
/Users/tavishagarwal/Desktop/Vybe/node_modules/react-native-purchases-ui/ios/RNPaywalls.m:121:24: warning: 'presentPaywallIfNeededWithOptions:paywallResultHandler:' is deprecated: Use presentPaywallIfNeeded with purchaseLogicBridge instead [-Wdeprecated-declarations]
  121 |         [self.paywalls presentPaywallIfNeededWithOptions:options
      |                        ^
In module 'PurchasesHybridCommonUI' imported from /Users/tavishagarwal/Desktop/Vybe/node_modules/react-native-purchases-ui/ios/RNPaywalls.m:9:
/Users/tavishagarwal/Library/Developer/Xcode/DerivedData/Vybe-eypqtupuvqzwmybaqlzhbqpdfpou/Build/Products/Debug-iphonesimulator/PurchasesHybridCommonUI/Swift Compatibility Header/PurchasesHybridCommonUI-Swift.h:485:174: note: 'presentPaywallIfNeededWithOptions:paywallResultHandler:' has been explicitly marked deprecated here
  485 | - (void)presentPaywallIfNeededWithOptions:(NSDictionary<NSString *, id> * _Nonnull)options paywallResultHandler:(void (^ _Nonnull)(NSString * _Nonnull))paywallResultHandler SWIFT_DEPRECATED_MSG("Use presentPaywallIfNeeded with purchaseLogicBridge instead");
      |                                                                                                                                                                              ^
In module 'PurchasesHybridCommonUI' imported from /Users/tavishagarwal/Desktop/Vybe/node_modules/react-native-purchases-ui/ios/RNPaywalls.m:9:
In module 'RevenueCatUI' imported from /Users/tavishagarwal/Library/Developer/Xcode/DerivedData/Vybe-eypqtupuvqzwmybaqlzhbqpdfpou/Build/Products/Debug-iphonesimulator/PurchasesHybridCommonUI/Swift Compatibility Header/PurchasesHybridCommonUI-Swift.h:352:
/Users/tavishagarwal/Library/Developer/Xcode/DerivedData/Vybe-eypqtupuvqzwmybaqlzhbqpdfpou/Build/Products/Debug-iphonesimulator/RevenueCatUI/Swift Compatibility Header/RevenueCatUI-Swift.h:243:51: note: expanded from macro 'SWIFT_DEPRECATED_MSG'
  243 | # define SWIFT_DEPRECATED_MSG(...) __attribute__((deprecated(__VA_ARGS__)))
      |                                                   ^
2 warnings generated.

CompileC /Users/tavishagarwal/Library/Developer/Xcode/DerivedData/Vybe-eypqtupuvqzwmybaqlzhbqpdfpou/Build/Intermediates.noindex/Pods.build/Debug-iphonesimulator/RNPaywalls.build/Objects-normal/arm64/CustomerCenterViewWrapper.o /Users/tavishagarwal/Desktop/Vybe/node_modules/react-native-purchases-ui/ios/CustomerCenterViewWrapper.m normal arm64 objective-c com.apple.compilers.llvm.clang.1_0.compiler (in target 'RNPaywalls' from project 'Pods')
    cd /Users/tavishagarwal/Desktop/Vybe/ios/Pods
    
    Using response file: /Users/tavishagarwal/Library/Developer/Xcode/DerivedData/Vybe-eypqtupuvqzwmybaqlzhbqpdfpou/Build/Intermediates.noindex/Pods.build/Debug-iphonesimulator/RNPaywalls.build/Objects-normal/arm64/e6072d4f65d7061329687fe24e3d63a7-common-args.resp
    
    /Applications/Xcode.app/Contents/Developer/Toolchains/XcodeDefault.xctoolchain/usr/bin/clang -x objective-c -ivfsstatcache /Users/tavishagarwal/Library/Developer/Xcode/DerivedData/SDKStatCaches.noindex/iphonesimulator26.4-23E252-686eebb5dc1d8ecb277353a59184f4aa.sdkstatcache -target arm64-apple-ios15.1-simulator -fmessage-length\=0 -fdiagnostics-show-note-include-stack -fmacro-backtrace-limit\=0 -fno-color-diagnostics -fmodules-prune-interval\=86400 -fmodules-prune-after\=345600 -fbuild-session-file\=/Users/tavishagarwal/Library/Developer/Xcode/DerivedData/ModuleCache.noindex/Session.modulevalidation -fmodules-validate-once-per-build-session -Wnon-modular-include-in-framework-module -Werror\=non-modular-include-in-framework-module -Wno-trigraphs -Wno-missing-field-initializers -Wno-missing-prototypes -Werror\=return-type -Wdocumentation -Wunreachable-code -Wno-implicit-atomic-properties -Werror\=deprecated-objc-isa-usage -Wno-objc-interface-ivars -Werror\=objc-root-class -Wno-arc-repeated-use-of-weak -Wimplicit-retain-self -Wduplicate-method-match -Wno-missing-braces -Wparentheses -Wswitch -Wunused-function -Wno-unused-label -Wno-unused-parameter -Wunused-variable -Wunused-value -Wempty-body -Wuninitialized -Wconditional-uninitialized -Wno-unknown-pragmas -Wno-shadow -Wno-four-char-constants -Wno-conversion -Wconstant-conversion -Wint-conversion -Wbool-conversion -Wenum-conversion -Wno-float-conversion -Wnon-literal-null-conversion -Wobjc-literal-conversion -Wshorten-64-to-32 -Wpointer-sign -Wno-newline-eof -Wno-selector -Wno-strict-selector-match -Wundeclared-selector -Wdeprecated-implementations -Wno-implicit-fallthrough -isysroot /Applications/Xcode.app/Contents/Developer/Platforms/iPhoneSimulator.platform/Developer/SDKs/iPhoneSimulator26.4.sdk -fstrict-aliasing -Wprotocol -Wdeprecated-declarations -Wno-sign-conversion -Winfinite-recursion -Wcomma -Wblock-capture-autoreleasing -Wstrict-prototypes -Wno-semicolon-before-method-body -Wunguarded-availability -index-store-path /Users/tavishagarwal/Library/Developer/Xcode/DerivedData/Vybe-eypqtupuvqzwmybaqlzhbqpdfpou/Index.noindex/DataStore @/Users/tavishagarwal/Library/Developer/Xcode/DerivedData/Vybe-eypqtupuvqzwmybaqlzhbqpdfpou/Build/Intermediates.noindex/Pods.build/Debug-iphonesimulator/RNPaywalls.build/Objects-normal/arm64/e6072d4f65d7061329687fe24e3d63a7-common-args.resp -include /Users/tavishagarwal/Desktop/Vybe/ios/Pods/Target\ Support\ Files/RNPaywalls/RNPaywalls-prefix.pch -MMD -MT dependencies -MF /Users/tavishagarwal/Library/Developer/Xcode/DerivedData/Vybe-eypqtupuvqzwmybaqlzhbqpdfpou/Build/Intermediates.noindex/Pods.build/Debug-iphonesimulator/RNPaywalls.build/Objects-normal/arm64/CustomerCenterViewWrapper.d --serialize-diagnostics /Users/tavishagarwal/Library/Developer/Xcode/DerivedData/Vybe-eypqtupuvqzwmybaqlzhbqpdfpou/Build/Intermediates.noindex/Pods.build/Debug-iphonesimulator/RNPaywalls.build/Objects-normal/arm64/CustomerCenterViewWrapper.dia -c /Users/tavishagarwal/Desktop/Vybe/node_modules/react-native-purchases-ui/ios/CustomerCenterViewWrapper.m -o /Users/tavishagarwal/Library/Developer/Xcode/DerivedData/Vybe-eypqtupuvqzwmybaqlzhbqpdfpou/Build/Intermediates.noindex/Pods.build/Debug-iphonesimulator/RNPaywalls.build/Objects-normal/arm64/CustomerCenterViewWrapper.o -index-unit-output-path /Pods.build/Debug-iphonesimulator/RNPaywalls.build/Objects-normal/arm64/CustomerCenterViewWrapper.o

CompileC /Users/tavishagarwal/Library/Developer/Xcode/DerivedData/Vybe-eypqtupuvqzwmybaqlzhbqpdfpou/Build/Intermediates.noindex/Pods.build/Debug-iphonesimulator/RNPaywalls.build/Objects-normal/arm64/CustomerCenterViewManager.o /Users/tavishagarwal/Desktop/Vybe/node_modules/react-native-purchases-ui/ios/CustomerCenterViewManager.m normal arm64 objective-c com.apple.compilers.llvm.clang.1_0.compiler (in target 'RNPaywalls' from project 'Pods')
    cd /Users/tavishagarwal/Desktop/Vybe/ios/Pods
    
    Using response file: /Users/tavishagarwal/Library/Developer/Xcode/DerivedData/Vybe-eypqtupuvqzwmybaqlzhbqpdfpou/Build/Intermediates.noindex/Pods.build/Debug-iphonesimulator/RNPaywalls.build/Objects-normal/arm64/e6072d4f65d7061329687fe24e3d63a7-common-args.resp
    
    /Applications/Xcode.app/Contents/Developer/Toolchains/XcodeDefault.xctoolchain/usr/bin/clang -x objective-c -ivfsstatcache /Users/tavishagarwal/Library/Developer/Xcode/DerivedData/SDKStatCaches.noindex/iphonesimulator26.4-23E252-686eebb5dc1d8ecb277353a59184f4aa.sdkstatcache -target arm64-apple-ios15.1-simulator -fmessage-length\=0 -fdiagnostics-show-note-include-stack -fmacro-backtrace-limit\=0 -fno-color-diagnostics -fmodules-prune-interval\=86400 -fmodules-prune-after\=345600 -fbuild-session-file\=/Users/tavishagarwal/Library/Developer/Xcode/DerivedData/ModuleCache.noindex/Session.modulevalidation -fmodules-validate-once-per-build-session -Wnon-modular-include-in-framework-module -Werror\=non-modular-include-in-framework-module -Wno-trigraphs -Wno-missing-field-initializers -Wno-missing-prototypes -Werror\=return-type -Wdocumentation -Wunreachable-code -Wno-implicit-atomic-properties -Werror\=deprecated-objc-isa-usage -Wno-objc-interface-ivars -Werror\=objc-root-class -Wno-arc-repeated-use-of-weak -Wimplicit-retain-self -Wduplicate-method-match -Wno-missing-braces -Wparentheses -Wswitch -Wunused-function -Wno-unused-label -Wno-unused-parameter -Wunused-variable -Wunused-value -Wempty-body -Wuninitialized -Wconditional-uninitialized -Wno-unknown-pragmas -Wno-shadow -Wno-four-char-constants -Wno-conversion -Wconstant-conversion -Wint-conversion -Wbool-conversion -Wenum-conversion -Wno-float-conversion -Wnon-literal-null-conversion -Wobjc-literal-conversion -Wshorten-64-to-32 -Wpointer-sign -Wno-newline-eof -Wno-selector -Wno-strict-selector-match -Wundeclared-selector -Wdeprecated-implementations -Wno-implicit-fallthrough -isysroot /Applications/Xcode.app/Contents/Developer/Platforms/iPhoneSimulator.platform/Developer/SDKs/iPhoneSimulator26.4.sdk -fstrict-aliasing -Wprotocol -Wdeprecated-declarations -Wno-sign-conversion -Winfinite-recursion -Wcomma -Wblock-capture-autoreleasing -Wstrict-prototypes -Wno-semicolon-before-method-body -Wunguarded-availability -index-store-path /Users/tavishagarwal/Library/Developer/Xcode/DerivedData/Vybe-eypqtupuvqzwmybaqlzhbqpdfpou/Index.noindex/DataStore @/Users/tavishagarwal/Library/Developer/Xcode/DerivedData/Vybe-eypqtupuvqzwmybaqlzhbqpdfpou/Build/Intermediates.noindex/Pods.build/Debug-iphonesimulator/RNPaywalls.build/Objects-normal/arm64/e6072d4f65d7061329687fe24e3d63a7-common-args.resp -include /Users/tavishagarwal/Desktop/Vybe/ios/Pods/Target\ Support\ Files/RNPaywalls/RNPaywalls-prefix.pch -MMD -MT dependencies -MF /Users/tavishagarwal/Library/Developer/Xcode/DerivedData/Vybe-eypqtupuvqzwmybaqlzhbqpdfpou/Build/Intermediates.noindex/Pods.build/Debug-iphonesimulator/RNPaywalls.build/Objects-normal/arm64/CustomerCenterViewManager.d --serialize-diagnostics /Users/tavishagarwal/Library/Developer/Xcode/DerivedData/Vybe-eypqtupuvqzwmybaqlzhbqpdfpou/Build/Intermediates.noindex/Pods.build/Debug-iphonesimulator/RNPaywalls.build/Objects-normal/arm64/CustomerCenterViewManager.dia -c /Users/tavishagarwal/Desktop/Vybe/node_modules/react-native-purchases-ui/ios/CustomerCenterViewManager.m -o /Users/tavishagarwal/Library/Developer/Xcode/DerivedData/Vybe-eypqtupuvqzwmybaqlzhbqpdfpou/Build/Intermediates.noindex/Pods.build/Debug-iphonesimulator/RNPaywalls.build/Objects-normal/arm64/CustomerCenterViewManager.o -index-unit-output-path /Pods.build/Debug-iphonesimulator/RNPaywalls.build/Objects-normal/arm64/CustomerCenterViewManager.o

Libtool /Users/tavishagarwal/Library/Developer/Xcode/DerivedData/Vybe-eypqtupuvqzwmybaqlzhbqpdfpou/Build/Products/Debug-iphonesimulator/RNPaywalls/libRNPaywalls.a normal (in target 'RNPaywalls' from project 'Pods')
    cd /Users/tavishagarwal/Desktop/Vybe/ios/Pods
    /Applications/Xcode.app/Contents/Developer/Toolchains/XcodeDefault.xctoolchain/usr/bin/libtool -static -arch_only arm64 -D -syslibroot /Applications/Xcode.app/Contents/Developer/Platforms/iPhoneSimulator.platform/Developer/SDKs/iPhoneSimulator26.4.sdk -L/Users/tavishagarwal/Library/Developer/Xcode/DerivedData/Vybe-eypqtupuvqzwmybaqlzhbqpdfpou/Build/Products/Debug-iphonesimulator/RNPaywalls -filelist /Users/tavishagarwal/Library/Developer/Xcode/DerivedData/Vybe-eypqtupuvqzwmybaqlzhbqpdfpou/Build/Intermediates.noindex/Pods.build/Debug-iphonesimulator/RNPaywalls.build/Objects-normal/arm64/RNPaywalls.LinkFileList -dependency_info /Users/tavishagarwal/Library/Developer/Xcode/DerivedData/Vybe-eypqtupuvqzwmybaqlzhbqpdfpou/Build/Intermediates.noindex/Pods.build/Debug-iphonesimulator/RNPaywalls.build/Objects-normal/arm64/RNPaywalls_libtool_dependency_info.dat -o /Users/tavishagarwal/Library/Developer/Xcode/DerivedData/Vybe-eypqtupuvqzwmybaqlzhbqpdfpou/Build/Products/Debug-iphonesimulator/RNPaywalls/libRNPaywalls.a
libtool: warning: 'UIView+Extensions.o' has no symbols

PhaseScriptExecution Copy\ generated\ compatibility\ header /Users/tavishagarwal/Library/Developer/Xcode/DerivedData/Vybe-eypqtupuvqzwmybaqlzhbqpdfpou/Build/Intermediates.noindex/Pods.build/Debug-iphonesimulator/RNPaywalls.build/Script-46EB2E0002DB00.sh (in target 'RNPaywalls' from project 'Pods')
    cd /Users/tavishagarwal/Desktop/Vybe/ios/Pods
    export ACTION\=build
    export AD_HOC_CODE_SIGNING_ALLOWED\=YES
    export ALLOW_BUILD_REQUEST_OVERRIDES\=NO
    export ALLOW_TARGET_PLATFORM_SPECIALIZATION\=NO
    export ALTERNATE_GROUP\=staff
    export ALTERNATE_MODE\=u+w,go-w,a+rX
    export ALTERNATE_OWNER\=tavishagarwal
    export ALTERNATIVE_DISTRIBUTION_WEB\=NO
    export ALWAYS_EMBED_SWIFT_STANDARD_LIBRARIES\=NO
    export ALWAYS_SEARCH_USER_PATHS\=NO
    export ALWAYS_USE_SEPARATE_HEADERMAPS\=NO
    export APPLICATION_EXTENSION_API_ONLY\=NO
    export APPLY_RULES_IN_COPY_FILES\=NO
    export APPLY_RULES_IN_COPY_HEADERS\=NO
    export APP_SHORTCUTS_ENABLE_FLEXIBLE_MATCHING\=YES
    export ARCHS\=arm64
    export ARCHS_BASE\=arm64
    export ARCHS_STANDARD\=arm64\ x86_64
    export ARCHS_STANDARD_32_64_BIT\=arm64\ x86_64
    export ARCHS_STANDARD_64_BIT\=arm64\ x86_64
    export ARCHS_STANDARD_INCLUDING_64_BIT\=arm64\ x86_64
    export ARCHS_UNIVERSAL_IPHONE_OS\=arm64\ x86_64
    export ASSETCATALOG_FILTER_FOR_DEVICE_MODEL\=iPhone18,1
    export ASSETCATALOG_FILTER_FOR_DEVICE_OS_VERSION\=26.4.1
    export ASSETCATALOG_FILTER_FOR_THINNING_DEVICE_CONFIGURATION\=iPhone18,1
    export AUTOMATICALLY_MERGE_DEPENDENCIES\=NO
    export AUTOMATION_APPLE_EVENTS\=NO
    export AVAILABLE_PLATFORMS\=android\ appletvos\ appletvsimulator\ driverkit\ freebsd\ iphoneos\ iphonesimulator\ linux\ macosx\ none\ openbsd\ qnx\ watchos\ watchsimulator\ webassembly\ xros\ xrsimulator
    export BUILD_ACTIVE_RESOURCES_ONLY\=YES
    export BUILD_COMPONENTS\=headers\ build
    export BUILD_DIR\=/Users/tavishagarwal/Library/Developer/Xcode/DerivedData/Vybe-eypqtupuvqzwmybaqlzhbqpdfpou/Build/Products
    export BUILD_LIBRARY_FOR_DISTRIBUTION\=NO
    export BUILD_ONLY_KNOWN_LOCALIZATIONS\=NO
    export BUILD_ROOT\=/Users/tavishagarwal/Library/Developer/Xcode/DerivedData/Vybe-eypqtupuvqzwmybaqlzhbqpdfpou/Build/Products
    export BUILD_STYLE\=
    export BUILD_VARIANTS\=normal
    export BUILT_PRODUCTS_DIR\=/Users/tavishagarwal/Library/Developer/Xcode/DerivedData/Vybe-eypqtupuvqzwmybaqlzhbqpdfpou/Build/Products/Debug-iphonesimulator/RNPaywalls
    export BUNDLE_CONTENTS_FOLDER_PATH_deep\=Contents/
    export BUNDLE_EXECUTABLE_FOLDER_NAME_deep\=MacOS
    export BUNDLE_EXTENSIONS_FOLDER_PATH\=Extensions
    export BUNDLE_FORMAT\=shallow
    export BUNDLE_FRAMEWORKS_FOLDER_PATH\=Frameworks
    export BUNDLE_PLUGINS_FOLDER_PATH\=PlugIns
    export BUNDLE_PRIVATE_HEADERS_FOLDER_PATH\=PrivateHeaders
    export BUNDLE_PUBLIC_HEADERS_FOLDER_PATH\=Headers
    export CACHE_ROOT\=/var/folders/_5/9b77vj2s591d31xqz29hj7fw0000gn/C/com.apple.DeveloperTools/26.4.1-17E202/Xcode
    export CCHROOT\=/var/folders/_5/9b77vj2s591d31xqz29hj7fw0000gn/C/com.apple.DeveloperTools/26.4.1-17E202/Xcode
    export CHMOD\=/bin/chmod
    export CHOWN\=chown
    export CLANG_ANALYZER_LOCALIZABILITY_NONLOCALIZED\=YES
    export CLANG_ANALYZER_NONNULL\=YES
    export CLANG_ANALYZER_NUMBER_OBJECT_CONVERSION\=YES_AGGRESSIVE
    export CLANG_CACHE_FINE_GRAINED_OUTPUTS\=YES
    export CLANG_CXX_LANGUAGE_STANDARD\=c++20
    export CLANG_CXX_LIBRARY\=libc++
    export CLANG_ENABLE_EXPLICIT_MODULES\=YES
    export CLANG_ENABLE_MODULES\=YES
    export CLANG_ENABLE_MODULE_DEBUGGING\=NO
    export CLANG_ENABLE_OBJC_ARC\=YES
    export CLANG_ENABLE_OBJC_WEAK\=NO
    export CLANG_MODULES_BUILD_SESSION_FILE\=/Users/tavishagarwal/Library/Developer/Xcode/DerivedData/ModuleCache.noindex/Session.modulevalidation
    export CLANG_WARN_BLOCK_CAPTURE_AUTORELEASING\=YES
    export CLANG_WARN_BOOL_CONVERSION\=YES
    export CLANG_WARN_COMMA\=YES
    export CLANG_WARN_CONSTANT_CONVERSION\=YES
    export CLANG_WARN_DEPRECATED_OBJC_IMPLEMENTATIONS\=YES
    export CLANG_WARN_DIRECT_OBJC_ISA_USAGE\=YES_ERROR
    export CLANG_WARN_DOCUMENTATION_COMMENTS\=YES
    export CLANG_WARN_EMPTY_BODY\=YES
    export CLANG_WARN_ENUM_CONVERSION\=YES
    export CLANG_WARN_INFINITE_RECURSION\=YES
    export CLANG_WARN_INT_CONVERSION\=YES
    export CLANG_WARN_NON_LITERAL_NULL_CONVERSION\=YES
    export CLANG_WARN_OBJC_IMPLICIT_RETAIN_SELF\=YES
    export CLANG_WARN_OBJC_LITERAL_CONVERSION\=YES
    export CLANG_WARN_OBJC_ROOT_CLASS\=YES_ERROR
    export CLANG_WARN_QUOTED_INCLUDE_IN_FRAMEWORK_HEADER\=NO
    export CLANG_WARN_RANGE_LOOP_ANALYSIS\=YES
    export CLANG_WARN_STRICT_PROTOTYPES\=YES
    export CLANG_WARN_SUSPICIOUS_MOVE\=YES
    export CLANG_WARN_UNGUARDED_AVAILABILITY\=YES_AGGRESSIVE
    export CLANG_WARN_UNREACHABLE_CODE\=YES
    export CLANG_WARN__DUPLICATE_METHOD_MATCH\=YES
    export CLASS_FILE_DIR\=/Users/tavishagarwal/Library/Developer/Xcode/DerivedData/Vybe-eypqtupuvqzwmybaqlzhbqpdfpou/Build/Intermediates.noindex/Pods.build/Debug-iphonesimulator/RNPaywalls.build/JavaClasses
    export CLEAN_PRECOMPS\=YES
    export CLONE_HEADERS\=NO
    export CODESIGNING_FOLDER_PATH\=/Users/tavishagarwal/Library/Developer/Xcode/DerivedData/Vybe-eypqtupuvqzwmybaqlzhbqpdfpou/Build/Products/Debug-iphonesimulator/RNPaywalls/libRNPaywalls.a
    export CODE_SIGNING_ALLOWED\=NO
    export CODE_SIGNING_REQUIRED\=YES
    export CODE_SIGN_CONTEXT_CLASS\=XCiPhoneSimulatorCodeSignContext
    export CODE_SIGN_IDENTITY\=-
    export CODE_SIGN_INJECT_BASE_ENTITLEMENTS\=YES
    export COLOR_DIAGNOSTICS\=NO
    export COMBINE_HIDPI_IMAGES\=NO
    export COMPILATION_CACHE_CAS_PATH\=/Users/tavishagarwal/Library/Developer/Xcode/DerivedData/CompilationCache.noindex
    export COMPILATION_CACHE_KEEP_CAS_DIRECTORY\=YES
    export COMPILER_INDEX_STORE_ENABLE\=Default
    export COMPOSITE_SDK_DIRS\=/Users/tavishagarwal/Library/Developer/Xcode/DerivedData/Vybe-eypqtupuvqzwmybaqlzhbqpdfpou/Build/Intermediates.noindex/CompositeSDKs
    export COMPRESS_PNG_FILES\=YES
    export CONFIGURATION\=Debug
    export CONFIGURATION_BUILD_DIR\=/Users/tavishagarwal/Library/Developer/Xcode/DerivedData/Vybe-eypqtupuvqzwmybaqlzhbqpdfpou/Build/Products/Debug-iphonesimulator/RNPaywalls
    export CONFIGURATION_TEMP_DIR\=/Users/tavishagarwal/Library/Developer/Xcode/DerivedData/Vybe-eypqtupuvqzwmybaqlzhbqpdfpou/Build/Intermediates.noindex/Pods.build/Debug-iphonesimulator
    export COPYING_PRESERVES_HFS_DATA\=NO
    export COPY_HEADERS_RUN_UNIFDEF\=NO
    export COPY_PHASE_STRIP\=NO
    export CORRESPONDING_DEVICE_PLATFORM_DIR\=/Applications/Xcode.app/Contents/Developer/Platforms/iPhoneOS.platform
    export CORRESPONDING_DEVICE_PLATFORM_NAME\=iphoneos
    export CORRESPONDING_DEVICE_SDK_DIR\=/Applications/Xcode.app/Contents/Developer/Platforms/iPhoneOS.platform/Developer/SDKs/iPhoneOS26.4.sdk
    export CORRESPONDING_DEVICE_SDK_NAME\=iphoneos26.4
    export CP\=/bin/cp
    export CREATE_INFOPLIST_SECTION_IN_BINARY\=NO
    export CURRENT_ARCH\=undefined_arch
    export CURRENT_VARIANT\=normal
    export DEAD_CODE_STRIPPING\=YES
    export DEBUGGING_SYMBOLS\=YES
    export DEBUG_INFORMATION_FORMAT\=dwarf
    export DEBUG_INFORMATION_VERSION\=compiler-default
    export DEFAULT_COMPILER\=com.apple.compilers.llvm.clang.1_0
    export DEFAULT_DEXT_INSTALL_PATH\=/System/Library/DriverExtensions
    export DEFAULT_KEXT_INSTALL_PATH\=/System/Library/Extensions
    export DEFINES_MODULE\=YES
    export DEPLOYMENT_LOCATION\=NO
    export DEPLOYMENT_POSTPROCESSING\=NO
    export DEPLOYMENT_TARGET_SETTING_NAME\=IPHONEOS_DEPLOYMENT_TARGET
    export DEPLOYMENT_TARGET_SUGGESTED_VALUES\=12.0\ 12.1\ 12.2\ 12.3\ 12.4\ 13.0\ 13.1\ 13.2\ 13.3\ 13.4\ 13.5\ 13.6\ 14.0\ 14.1\ 14.2\ 14.3\ 14.4\ 14.5\ 14.6\ 14.7\ 15.0\ 15.1\ 15.2\ 15.3\ 15.4\ 15.5\ 15.6\ 16.0\ 16.1\ 16.2\ 16.3\ 16.4\ 16.5\ 16.6\ 17.0\ 17.1\ 17.2\ 17.3\ 17.4\ 17.5\ 17.6\ 18.0\ 18.1\ 18.2\ 18.3\ 18.4\ 18.5\ 18.6\ 26.0\ 26.2\ 26.3\ 26.4
    export DERIVED_FILES_DIR\=/Users/tavishagarwal/Library/Developer/Xcode/DerivedData/Vybe-eypqtupuvqzwmybaqlzhbqpdfpou/Build/Intermediates.noindex/Pods.build/Debug-iphonesimulator/RNPaywalls.build/DerivedSources
    export DERIVED_FILE_DIR\=/Users/tavishagarwal/Library/Developer/Xcode/DerivedData/Vybe-eypqtupuvqzwmybaqlzhbqpdfpou/Build/Intermediates.noindex/Pods.build/Debug-iphonesimulator/RNPaywalls.build/DerivedSources
    export DERIVED_SOURCES_DIR\=/Users/tavishagarwal/Library/Developer/Xcode/DerivedData/Vybe-eypqtupuvqzwmybaqlzhbqpdfpou/Build/Intermediates.noindex/Pods.build/Debug-iphonesimulator/RNPaywalls.build/DerivedSources
    export DEVELOPER_APPLICATIONS_DIR\=/Applications/Xcode.app/Contents/Developer/Applications
    export DEVELOPER_BIN_DIR\=/Applications/Xcode.app/Contents/Developer/usr/bin
    export DEVELOPER_DIR\=/Applications/Xcode.app/Contents/Developer
    export DEVELOPER_FRAMEWORKS_DIR\=/Applications/Xcode.app/Contents/Developer/Library/Frameworks
    export DEVELOPER_FRAMEWORKS_DIR_QUOTED\=/Applications/Xcode.app/Contents/Developer/Library/Frameworks
    export DEVELOPER_LIBRARY_DIR\=/Applications/Xcode.app/Contents/Developer/Library
    export DEVELOPER_SDK_DIR\=/Applications/Xcode.app/Contents/Developer/Platforms/MacOSX.platform/Developer/SDKs
    export DEVELOPER_TOOLS_DIR\=/Applications/Xcode.app/Contents/Developer/Tools
    export DEVELOPER_USR_DIR\=/Applications/Xcode.app/Contents/Developer/usr
    export DEVELOPMENT_LANGUAGE\=en
    export DIAGNOSE_MISSING_TARGET_DEPENDENCIES\=YES
    export DIFF\=/usr/bin/diff
    export DONT_GENERATE_INFOPLIST_FILE\=NO
    export DSTROOT\=/tmp/Pods.dst
    export DT_TOOLCHAIN_DIR\=/Applications/Xcode.app/Contents/Developer/Toolchains/XcodeDefault.xctoolchain
    export DUMP_DEPENDENCIES\=NO
    export DUMP_DEPENDENCIES_OUTPUT_PATH\=/Users/tavishagarwal/Library/Developer/Xcode/DerivedData/Vybe-eypqtupuvqzwmybaqlzhbqpdfpou/Build/Intermediates.noindex/Pods.build/Debug-iphonesimulator/RNPaywalls.build/RNPaywalls-BuildDependencyInfo.json
    export DWARF_DSYM_FILE_NAME\=libRNPaywalls.a.dSYM
    export DWARF_DSYM_FILE_SHOULD_ACCOMPANY_PRODUCT\=NO
    export DWARF_DSYM_FOLDER_PATH\=/Users/tavishagarwal/Library/Developer/Xcode/DerivedData/Vybe-eypqtupuvqzwmybaqlzhbqpdfpou/Build/Products/Debug-iphonesimulator/RNPaywalls
    export DYNAMIC_LIBRARY_EXTENSION\=dylib
    export EAGER_COMPILATION_ALLOW_SCRIPTS\=NO
    export EAGER_LINKING\=NO
    export EFFECTIVE_PLATFORM_NAME\=-iphonesimulator
    export EFFECTIVE_SWIFT_VERSION\=5
    export EMBEDDED_CONTENT_CONTAINS_SWIFT\=NO
    export EMBED_ASSET_PACKS_IN_PRODUCT_BUNDLE\=NO
    export ENABLE_APP_SANDBOX\=NO
    export ENABLE_CODE_COVERAGE\=YES
    export ENABLE_COHORT_ARCHS\=NO
    export ENABLE_CPLUSPLUS_BOUNDS_SAFE_BUFFERS\=NO
    export ENABLE_C_BOUNDS_SAFETY\=NO
    export ENABLE_DEFAULT_HEADER_SEARCH_PATHS\=YES
    export ENABLE_DEFAULT_SEARCH_PATHS\=YES
    export ENABLE_ENHANCED_SECURITY\=NO
    export ENABLE_HARDENED_RUNTIME\=NO
    export ENABLE_HEADER_DEPENDENCIES\=YES
    export ENABLE_INCOMING_NETWORK_CONNECTIONS\=NO
    export ENABLE_MODULE_VERIFIER\=NO
    export ENABLE_ON_DEMAND_RESOURCES\=NO
    export ENABLE_OUTGOING_NETWORK_CONNECTIONS\=NO
    export ENABLE_POINTER_AUTHENTICATION\=NO
    export ENABLE_PREVIEWS\=NO
    export ENABLE_RESOURCE_ACCESS_AUDIO_INPUT\=NO
    export ENABLE_RESOURCE_ACCESS_BLUETOOTH\=NO
    export ENABLE_RESOURCE_ACCESS_CALENDARS\=NO
    export ENABLE_RESOURCE_ACCESS_CAMERA\=NO
    export ENABLE_RESOURCE_ACCESS_CONTACTS\=NO
    export ENABLE_RESOURCE_ACCESS_LOCATION\=NO
    export ENABLE_RESOURCE_ACCESS_PHOTO_LIBRARY\=NO
    export ENABLE_RESOURCE_ACCESS_PRINTING\=NO
    export ENABLE_RESOURCE_ACCESS_USB\=NO
    export ENABLE_SDK_IMPORTS\=NO
    export ENABLE_SECURITY_COMPILER_WARNINGS\=NO
    export ENABLE_STRICT_OBJC_MSGSEND\=YES
    export ENABLE_TESTABILITY\=YES
    export ENABLE_TESTING_SEARCH_PATHS\=NO
    export ENABLE_USER_SCRIPT_SANDBOXING\=NO
    export ENABLE_XOJIT_PREVIEWS\=YES
    export ENFORCE_VALID_ARCHS\=YES
    export ENTITLEMENTS_DESTINATION\=__entitlements
    export ENTITLEMENTS_REQUIRED\=YES
    export EXCLUDED_INSTALLSRC_SUBDIRECTORY_PATTERNS\=.DS_Store\ .svn\ .git\ .hg\ CVS
    export EXCLUDED_RECURSIVE_SEARCH_PATH_SUBDIRECTORIES\=\*.nib\ \*.lproj\ \*.framework\ \*.gch\ \*.xcode\*\ \*.xcassets\ \*.icon\ \(\*\)\ .DS_Store\ CVS\ .svn\ .git\ .hg\ \*.pbproj\ \*.pbxproj
    export EXECUTABLE_EXTENSION\=a
    export EXECUTABLE_NAME\=libRNPaywalls.a
    export EXECUTABLE_PATH\=libRNPaywalls.a
    export EXECUTABLE_PREFIX\=lib
    export EXECUTABLE_SUFFIX\=.a
    export FILE_LIST\=/Users/tavishagarwal/Library/Developer/Xcode/DerivedData/Vybe-eypqtupuvqzwmybaqlzhbqpdfpou/Build/Intermediates.noindex/Pods.build/Debug-iphonesimulator/RNPaywalls.build/Objects/LinkFileList
    export FIXED_FILES_DIR\=/Users/tavishagarwal/Library/Developer/Xcode/DerivedData/Vybe-eypqtupuvqzwmybaqlzhbqpdfpou/Build/Intermediates.noindex/Pods.build/Debug-iphonesimulator/RNPaywalls.build/FixedFiles
    export FRAMEWORK_FLAG_PREFIX\=-framework
    export FRAMEWORK_SEARCH_PATHS\=/Users/tavishagarwal/Library/Developer/Xcode/DerivedData/Vybe-eypqtupuvqzwmybaqlzhbqpdfpou/Build/Products/Debug-iphonesimulator/RNPaywalls\ \ \"/Users/tavishagarwal/Desktop/Vybe/ios/Pods/React-Core-prebuilt\"\ \"/Users/tavishagarwal/Desktop/Vybe/ios/Pods/ReactNativeDependencies/framework/packages/react-native\"\ \"/Users/tavishagarwal/Desktop/Vybe/ios/Pods/hermes-engine/destroot/Library/Frameworks/universal\"\ \"/Users/tavishagarwal/Library/Developer/Xcode/DerivedData/Vybe-eypqtupuvqzwmybaqlzhbqpdfpou/Build/Products/Debug-iphonesimulator/XCFrameworkIntermediates/React-Core-prebuilt\"\ \"/Users/tavishagarwal/Library/Developer/Xcode/DerivedData/Vybe-eypqtupuvqzwmybaqlzhbqpdfpou/Build/Products/Debug-iphonesimulator/XCFrameworkIntermediates/ReactNativeDependencies\"\ \"/Users/tavishagarwal/Library/Developer/Xcode/DerivedData/Vybe-eypqtupuvqzwmybaqlzhbqpdfpou/Build/Products/Debug-iphonesimulator/XCFrameworkIntermediates/hermes-engine/Pre-built\"
    export FRAMEWORK_VERSION\=A
    export FULL_PRODUCT_NAME\=libRNPaywalls.a
    export FUSE_BUILD_PHASES\=YES
    export FUSE_BUILD_SCRIPT_PHASES\=NO
    export GCC3_VERSION\=3.3
    export GCC_C_LANGUAGE_STANDARD\=gnu11
    export GCC_DYNAMIC_NO_PIC\=NO
    export GCC_NO_COMMON_BLOCKS\=YES
    export GCC_OBJC_LEGACY_DISPATCH\=YES
    export GCC_OPTIMIZATION_LEVEL\=0
    export GCC_PFE_FILE_C_DIALECTS\=c\ objective-c\ c++\ objective-c++
    export GCC_PREFIX_HEADER\=Target\ Support\ Files/RNPaywalls/RNPaywalls-prefix.pch
    export GCC_PREPROCESSOR_DEFINITIONS\=POD_CONFIGURATION_DEBUG\=1\ DEBUG\=1\ \ COCOAPODS\=1
    export GCC_TREAT_WARNINGS_AS_ERRORS\=NO
    export GCC_VERSION\=com.apple.compilers.llvm.clang.1_0
    export GCC_VERSION_IDENTIFIER\=com_apple_compilers_llvm_clang_1_0
    export GCC_WARN_64_TO_32_BIT_CONVERSION\=YES
    export GCC_WARN_ABOUT_RETURN_TYPE\=YES_ERROR
    export GCC_WARN_UNDECLARED_SELECTOR\=YES
    export GCC_WARN_UNINITIALIZED_AUTOS\=YES_AGGRESSIVE
    export GCC_WARN_UNUSED_FUNCTION\=YES
    export GCC_WARN_UNUSED_VARIABLE\=YES
    export GENERATED_MODULEMAP_DIR\=/Users/tavishagarwal/Library/Developer/Xcode/DerivedData/Vybe-eypqtupuvqzwmybaqlzhbqpdfpou/Build/Intermediates.noindex/GeneratedModuleMaps-iphonesimulator
    export GENERATE_INFOPLIST_FILE\=NO
    export GENERATE_INTERMEDIATE_TEXT_BASED_STUBS\=YES
    export GENERATE_PKGINFO_FILE\=NO
    export GENERATE_PRELINK_OBJECT_FILE\=NO
    export GENERATE_PROFILING_CODE\=NO
    export GENERATE_TEXT_BASED_STUBS\=NO
    export GID\=20
    export GROUP\=staff
    export HEADERMAP_INCLUDES_FLAT_ENTRIES_FOR_TARGET_BEING_BUILT\=YES
    export HEADERMAP_INCLUDES_FRAMEWORK_ENTRIES_FOR_ALL_PRODUCT_TYPES\=YES
    export HEADERMAP_INCLUDES_FRAMEWORK_ENTRIES_FOR_TARGETS_NOT_BEING_BUILT\=YES
    export HEADERMAP_INCLUDES_NONPUBLIC_NONPRIVATE_HEADERS\=YES
    export HEADERMAP_INCLUDES_PROJECT_HEADERS\=YES
    export HEADERMAP_USES_FRAMEWORK_PREFIX_ENTRIES\=YES
    export HEADERMAP_USES_VFS\=YES
    export HEADER_SEARCH_PATHS\=/Users/tavishagarwal/Library/Developer/Xcode/DerivedData/Vybe-eypqtupuvqzwmybaqlzhbqpdfpou/Build/Products/Debug-iphonesimulator/RNPaywalls/include\ \ \"/Users/tavishagarwal/Desktop/Vybe/ios/Pods/Headers/Private\"\ \"/Users/tavishagarwal/Desktop/Vybe/ios/Pods/Headers/Private/RNPaywalls\"\ \"/Users/tavishagarwal/Desktop/Vybe/ios/Pods/Headers/Public\"\ \"/Users/tavishagarwal/Desktop/Vybe/ios/Pods/Headers/Public/React-Core\"\ \"/Users/tavishagarwal/Desktop/Vybe/ios/Pods/Headers/Public/React-Core-prebuilt\"\ \"/Users/tavishagarwal/Desktop/Vybe/ios/Pods/Headers/Public/React-callinvoker\"\ \"/Users/tavishagarwal/Desktop/Vybe/ios/Pods/Headers/Public/React-cxxreact\"\ \"/Users/tavishagarwal/Desktop/Vybe/ios/Pods/Headers/Public/React-debug\"\ \"/Users/tavishagarwal/Desktop/Vybe/ios/Pods/Headers/Public/React-featureflags\"\ \"/Users/tavishagarwal/Desktop/Vybe/ios/Pods/Headers/Public/React-hermes\"\ \"/Users/tavishagarwal/Desktop/Vybe/ios/Pods/Headers/Public/React-jsi\"\ \"/Users/tavishagarwal/Desktop/Vybe/ios/Pods/Headers/Public/React-jsiexecutor\"\ \"/Users/tavishagarwal/Desktop/Vybe/ios/Pods/Headers/Public/React-jsinspector\"\ \"/Users/tavishagarwal/Desktop/Vybe/ios/Pods/Headers/Public/React-jsinspectorcdp\"\ \"/Users/tavishagarwal/Desktop/Vybe/ios/Pods/Headers/Public/React-jsinspectornetwork\"\ \"/Users/tavishagarwal/Desktop/Vybe/ios/Pods/Headers/Public/React-jsinspectortracing\"\ \"/Users/tavishagarwal/Desktop/Vybe/ios/Pods/Headers/Public/React-jsitooling\"\ \"/Users/tavishagarwal/Desktop/Vybe/ios/Pods/Headers/Public/React-logger\"\ \"/Users/tavishagarwal/Desktop/Vybe/ios/Pods/Headers/Public/React-oscompat\"\ \"/Users/tavishagarwal/Desktop/Vybe/ios/Pods/Headers/Public/React-perflogger\"\ \"/Users/tavishagarwal/Desktop/Vybe/ios/Pods/Headers/Public/React-performancetimeline\"\ \"/Users/tavishagarwal/Desktop/Vybe/ios/Pods/Headers/Public/React-rendererconsistency\"\ \"/Users/tavishagarwal/Desktop/Vybe/ios/Pods/Headers/Public/React-rendererdebug\"\ \"/Users/tavishagarwal/Desktop/Vybe/ios/Pods/Headers/Public/React-runtimeexecutor\"\ \"/Users/tavishagarwal/Desktop/Vybe/ios/Pods/Headers/Public/React-runtimescheduler\"\ \"/Users/tavishagarwal/Desktop/Vybe/ios/Pods/Headers/Public/React-timing\"\ \"/Users/tavishagarwal/Desktop/Vybe/ios/Pods/Headers/Public/React-utils\"\ \"/Users/tavishagarwal/Desktop/Vybe/ios/Pods/Headers/Public/ReactNativeDependencies\"\ \"/Users/tavishagarwal/Desktop/Vybe/ios/Pods/Headers/Public/Yoga\"\ \"/Users/tavishagarwal/Desktop/Vybe/ios/Pods/Headers/Public/hermes-engine\"
    export HOME\=/Users/tavishagarwal
    export HOST_ARCH\=arm64
    export HOST_PLATFORM\=macosx
    export ICONV\=/usr/bin/iconv
    export IMPLICIT_DEPENDENCY_DOMAIN\=default
    export INDEX_STORE_COMPRESS\=NO
    export INDEX_STORE_ONLY_PROJECT_FILES\=NO
    export INFOPLIST_ENABLE_CFBUNDLEICONS_MERGE\=YES
    export INFOPLIST_EXPAND_BUILD_SETTINGS\=YES
    export INFOPLIST_OUTPUT_FORMAT\=binary
    export INFOPLIST_PREPROCESS\=NO
    export INLINE_PRIVATE_FRAMEWORKS\=NO
    export INSTALLAPI_IGNORE_SKIP_INSTALL\=YES
    export INSTALLHDRS_COPY_PHASE\=NO
    export INSTALLHDRS_SCRIPT_PHASE\=NO
    export INSTALL_DIR\=/tmp/Pods.dst/usr/local/lib
    export INSTALL_GROUP\=staff
    export INSTALL_MODE_FLAG\=u+w,go-w,a+rX
    export INSTALL_OWNER\=tavishagarwal
    export INSTALL_PATH\=/usr/local/lib
    export INSTALL_ROOT\=/tmp/Pods.dst
    export IPHONEOS_DEPLOYMENT_TARGET\=15.1
    export IS_UNOPTIMIZED_BUILD\=YES
    export JAVAC_DEFAULT_FLAGS\=-J-Xms64m\ -J-XX:NewSize\=4M\ -J-Dfile.encoding\=UTF8
    export JAVA_APP_STUB\=/System/Library/Frameworks/JavaVM.framework/Resources/MacOS/JavaApplicationStub
    export JAVA_ARCHIVE_CLASSES\=YES
    export JAVA_ARCHIVE_TYPE\=JAR
    export JAVA_COMPILER\=/usr/bin/javac
    export JAVA_FRAMEWORK_RESOURCES_DIRS\=Resources
    export JAVA_JAR_FLAGS\=cv
    export JAVA_SOURCE_SUBDIR\=.
    export JAVA_USE_DEPENDENCIES\=YES
    export JAVA_ZIP_FLAGS\=-urg
    export JIKES_DEFAULT_FLAGS\=+E\ +OLDCSO
    export KEEP_PRIVATE_EXTERNS\=NO
    export LD_DEPENDENCY_INFO_FILE\=/Users/tavishagarwal/Library/Developer/Xcode/DerivedData/Vybe-eypqtupuvqzwmybaqlzhbqpdfpou/Build/Intermediates.noindex/Pods.build/Debug-iphonesimulator/RNPaywalls.build/Objects-normal/undefined_arch/RNPaywalls_dependency_info.dat
    export LD_EXPORT_SYMBOLS\=YES
    export LD_GENERATE_MAP_FILE\=NO
    export LD_MAP_FILE_PATH\=/Users/tavishagarwal/Library/Developer/Xcode/DerivedData/Vybe-eypqtupuvqzwmybaqlzhbqpdfpou/Build/Intermediates.noindex/Pods.build/Debug-iphonesimulator/RNPaywalls.build/RNPaywalls-LinkMap-normal-undefined_arch.txt
    export LD_NO_PIE\=NO
    export LD_QUOTE_LINKER_ARGUMENTS_FOR_COMPILER_DRIVER\=YES
    export LD_SHARED_CACHE_ELIGIBLE\=Automatic
    export LD_WARN_DUPLICATE_LIBRARIES\=NO
    export LD_WARN_UNUSED_DYLIBS\=NO
    export LEGACY_DEVELOPER_DIR\=/Applications/Xcode.app/Contents/PlugIns/Xcode3Core.ideplugin/Contents/SharedSupport/Developer
    export LEX\=lex
    export LIBRARY_DEXT_INSTALL_PATH\=/Library/DriverExtensions
    export LIBRARY_FLAG_NOSPACE\=YES
    export LIBRARY_FLAG_PREFIX\=-l
    export LIBRARY_KEXT_INSTALL_PATH\=/Library/Extensions
    export LIBRARY_SEARCH_PATHS\=/Users/tavishagarwal/Library/Developer/Xcode/DerivedData/Vybe-eypqtupuvqzwmybaqlzhbqpdfpou/Build/Products/Debug-iphonesimulator/RNPaywalls\ 
    export LINKER_DISPLAYS_MANGLED_NAMES\=NO
    export LINK_FILE_LIST_normal_arm64\=/Users/tavishagarwal/Library/Developer/Xcode/DerivedData/Vybe-eypqtupuvqzwmybaqlzhbqpdfpou/Build/Intermediates.noindex/Pods.build/Debug-iphonesimulator/RNPaywalls.build/Objects-normal/arm64/RNPaywalls.LinkFileList
    export LINK_OBJC_RUNTIME\=YES
    export LINK_WITH_STANDARD_LIBRARIES\=YES
    export LLVM_TARGET_TRIPLE_OS_VERSION\=ios15.1
    export LLVM_TARGET_TRIPLE_SUFFIX\=-simulator
    export LLVM_TARGET_TRIPLE_VENDOR\=apple
    export LM_AUX_CONST_METADATA_LIST_PATH_normal_arm64\=/Users/tavishagarwal/Library/Developer/Xcode/DerivedData/Vybe-eypqtupuvqzwmybaqlzhbqpdfpou/Build/Intermediates.noindex/Pods.build/Debug-iphonesimulator/RNPaywalls.build/Objects-normal/arm64/RNPaywalls.SwiftConstValuesFileList
    export LOCALIZATION_EXPORT_SUPPORTED\=YES
    export LOCALIZATION_PREFERS_STRING_CATALOGS\=NO
    export LOCALIZED_STRING_CODE_COMMENTS\=NO
    export LOCALIZED_STRING_MACRO_NAMES\=NSLocalizedString\ CFCopyLocalizedString
    export LOCALIZED_STRING_SWIFTUI_SUPPORT\=YES
    export LOCAL_ADMIN_APPS_DIR\=/Applications/Utilities
    export LOCAL_APPS_DIR\=/Applications
    export LOCAL_DEVELOPER_DIR\=/Library/Developer
    export LOCAL_LIBRARY_DIR\=/Library
    export LOCROOT\=/Users/tavishagarwal/Desktop/Vybe/ios/Pods
    export LOCSYMROOT\=/Users/tavishagarwal/Desktop/Vybe/ios/Pods
    export MACH_O_TYPE\=staticlib
    export MAC_OS_X_PRODUCT_BUILD_VERSION\=25E253
    export MAC_OS_X_VERSION_ACTUAL\=260401
    export MAC_OS_X_VERSION_MAJOR\=260000
    export MAC_OS_X_VERSION_MINOR\=260400
    export MAKE_MERGEABLE\=NO
    export MERGEABLE_LIBRARY\=NO
    export MERGED_BINARY_TYPE\=none
    export MERGE_LINKED_LIBRARIES\=NO
    export METAL_LIBRARY_FILE_BASE\=default
    export METAL_LIBRARY_OUTPUT_DIR\=/Users/tavishagarwal/Library/Developer/Xcode/DerivedData/Vybe-eypqtupuvqzwmybaqlzhbqpdfpou/Build/Products/Debug-iphonesimulator/RNPaywalls/
    export MODULEMAP_FILE\=Headers/Public/RNPaywalls/RNPaywalls.modulemap
    export MODULE_CACHE_DIR\=/Users/tavishagarwal/Library/Developer/Xcode/DerivedData/ModuleCache.noindex
    export MTL_ENABLE_DEBUG_INFO\=INCLUDE_SOURCE
    export MTL_FAST_MATH\=YES
    export NATIVE_ARCH\=arm64
    export NATIVE_ARCH_32_BIT\=arm
    export NATIVE_ARCH_64_BIT\=arm64
    export NATIVE_ARCH_ACTUAL\=arm64
    export NO_COMMON\=YES
    export OBJC_ABI_VERSION\=2
    export OBJECT_FILE_DIR\=/Users/tavishagarwal/Library/Developer/Xcode/DerivedData/Vybe-eypqtupuvqzwmybaqlzhbqpdfpou/Build/Intermediates.noindex/Pods.build/Debug-iphonesimulator/RNPaywalls.build/Objects
    export OBJECT_FILE_DIR_normal\=/Users/tavishagarwal/Library/Developer/Xcode/DerivedData/Vybe-eypqtupuvqzwmybaqlzhbqpdfpou/Build/Intermediates.noindex/Pods.build/Debug-iphonesimulator/RNPaywalls.build/Objects-normal
    export OBJROOT\=/Users/tavishagarwal/Library/Developer/Xcode/DerivedData/Vybe-eypqtupuvqzwmybaqlzhbqpdfpou/Build/Intermediates.noindex
    export ONLY_ACTIVE_ARCH\=YES
    export OS\=MACOS
    export OSAC\=/usr/bin/osacompile
    export OTHER_CFLAGS\=\ -fmodule-map-file\=\"/Users/tavishagarwal/Library/Developer/Xcode/DerivedData/Vybe-eypqtupuvqzwmybaqlzhbqpdfpou/Build/Products/Debug-iphonesimulator/PurchasesHybridCommon/PurchasesHybridCommon.modulemap\"\ -fmodule-map-file\=\"/Users/tavishagarwal/Library/Developer/Xcode/DerivedData/Vybe-eypqtupuvqzwmybaqlzhbqpdfpou/Build/Products/Debug-iphonesimulator/PurchasesHybridCommonUI/PurchasesHybridCommonUI.modulemap\"\ -fmodule-map-file\=\"/Users/tavishagarwal/Library/Developer/Xcode/DerivedData/Vybe-eypqtupuvqzwmybaqlzhbqpdfpou/Build/Products/Debug-iphonesimulator/RevenueCat/RevenueCat.modulemap\"\ -fmodule-map-file\=\"/Users/tavishagarwal/Library/Developer/Xcode/DerivedData/Vybe-eypqtupuvqzwmybaqlzhbqpdfpou/Build/Products/Debug-iphonesimulator/RevenueCatUI/RevenueCatUI.modulemap\"
    export OTHER_CPLUSPLUSFLAGS\=\ -fmodule-map-file\=\"/Users/tavishagarwal/Library/Developer/Xcode/DerivedData/Vybe-eypqtupuvqzwmybaqlzhbqpdfpou/Build/Products/Debug-iphonesimulator/PurchasesHybridCommon/PurchasesHybridCommon.modulemap\"\ -fmodule-map-file\=\"/Users/tavishagarwal/Library/Developer/Xcode/DerivedData/Vybe-eypqtupuvqzwmybaqlzhbqpdfpou/Build/Products/Debug-iphonesimulator/PurchasesHybridCommonUI/PurchasesHybridCommonUI.modulemap\"\ -fmodule-map-file\=\"/Users/tavishagarwal/Library/Developer/Xcode/DerivedData/Vybe-eypqtupuvqzwmybaqlzhbqpdfpou/Build/Products/Debug-iphonesimulator/RevenueCat/RevenueCat.modulemap\"\ -fmodule-map-file\=\"/Users/tavishagarwal/Library/Developer/Xcode/DerivedData/Vybe-eypqtupuvqzwmybaqlzhbqpdfpou/Build/Products/Debug-iphonesimulator/RevenueCatUI/RevenueCatUI.modulemap\"
    export OTHER_SWIFT_FLAGS\=\ -D\ COCOAPODS\ -Xcc\ -fmodule-map-file\=\"/Users/tavishagarwal/Library/Developer/Xcode/DerivedData/Vybe-eypqtupuvqzwmybaqlzhbqpdfpou/Build/Products/Debug-iphonesimulator/PurchasesHybridCommon/PurchasesHybridCommon.modulemap\"\ -Xcc\ -fmodule-map-file\=\"/Users/tavishagarwal/Library/Developer/Xcode/DerivedData/Vybe-eypqtupuvqzwmybaqlzhbqpdfpou/Build/Products/Debug-iphonesimulator/PurchasesHybridCommonUI/PurchasesHybridCommonUI.modulemap\"\ -Xcc\ -fmodule-map-file\=\"/Users/tavishagarwal/Library/Developer/Xcode/DerivedData/Vybe-eypqtupuvqzwmybaqlzhbqpdfpou/Build/Products/Debug-iphonesimulator/RevenueCat/RevenueCat.modulemap\"\ -Xcc\ -fmodule-map-file\=\"/Users/tavishagarwal/Library/Developer/Xcode/DerivedData/Vybe-eypqtupuvqzwmybaqlzhbqpdfpou/Build/Products/Debug-iphonesimulator/RevenueCatUI/RevenueCatUI.modulemap\"\ -import-underlying-module\ -Xcc\ -fmodule-map-file\=\"/Users/tavishagarwal/Desktop/Vybe/ios/Pods/Headers/Public/RNPaywalls/RNPaywalls.modulemap\"
    export PACKAGE_TYPE\=com.apple.package-type.static-library
    export PASCAL_STRINGS\=YES
    export PATH\=/Applications/Xcode.app/Contents/SharedFrameworks/SwiftBuild.framework/Versions/A/PlugIns/SWBBuildService.bundle/Contents/PlugIns/SWBUniversalPlatformPlugin.bundle/Contents/Frameworks/SWBUniversalPlatform.framework/Resources:/Applications/Xcode.app/Contents/Developer/Toolchains/XcodeDefault.xctoolchain/usr/bin:/Applications/Xcode.app/Contents/Developer/Toolchains/XcodeDefault.xctoolchain/usr/local/bin:/Applications/Xcode.app/Contents/Developer/Toolchains/XcodeDefault.xctoolchain/usr/libexec:/Applications/Xcode.app/Contents/Developer/Platforms/iPhoneSimulator.platform/usr/bin:/Applications/Xcode.app/Contents/Developer/Platforms/iPhoneSimulator.platform/usr/local/bin:/Applications/Xcode.app/Contents/Developer/Platforms/iPhoneSimulator.platform/Developer/usr/bin:/Applications/Xcode.app/Contents/Developer/Platforms/iPhoneSimulator.platform/Developer/usr/local/bin:/Applications/Xcode.app/Contents/Developer/usr/bin:/Applications/Xcode.app/Contents/Developer/usr/local/bin:/Users/tavishagarwal/.antigravity/antigravity/bin:/Users/tavishagarwal/.local/bin:/Users/tavishagarwal/.codeium/windsurf/bin:/opt/homebrew/bin:/opt/homebrew/sbin:/Library/Frameworks/Python.framework/Versions/3.14/bin:/usr/local/bin:/System/Cryptexes/App/usr/bin:/usr/bin:/bin:/usr/sbin:/sbin:/var/run/com.apple.security.cryptexd/codex.system/bootstrap/usr/local/bin:/var/run/com.apple.security.cryptexd/codex.system/bootstrap/usr/bin:/var/run/com.apple.security.cryptexd/codex.system/bootstrap/usr/appleinternal/bin:/opt/pkg/env/active/bin:/opt/pmk/env/global/bin:/Library/Apple/usr/bin:/Library/TeX/texbin:/Users/tavishagarwal/development/flutter/bin:/Users/tavishagarwal/Library/Application\ Support/Code/User/globalStorage/github.copilot-chat/debugCommand
    export PATH_PREFIXES_EXCLUDED_FROM_HEADER_DEPENDENCIES\=/usr/include\ /usr/local/include\ /System/Library/Frameworks\ /System/Library/PrivateFrameworks\ /Applications/Xcode.app/Contents/Developer/Headers\ /Applications/Xcode.app/Contents/Developer/SDKs\ /Applications/Xcode.app/Contents/Developer/Platforms
    export PER_ARCH_MODULE_FILE_DIR\=/Users/tavishagarwal/Library/Developer/Xcode/DerivedData/Vybe-eypqtupuvqzwmybaqlzhbqpdfpou/Build/Intermediates.noindex/Pods.build/Debug-iphonesimulator/RNPaywalls.build/Objects-normal/undefined_arch
    export PER_ARCH_OBJECT_FILE_DIR\=/Users/tavishagarwal/Library/Developer/Xcode/DerivedData/Vybe-eypqtupuvqzwmybaqlzhbqpdfpou/Build/Intermediates.noindex/Pods.build/Debug-iphonesimulator/RNPaywalls.build/Objects-normal/undefined_arch
    export PER_VARIANT_OBJECT_FILE_DIR\=/Users/tavishagarwal/Library/Developer/Xcode/DerivedData/Vybe-eypqtupuvqzwmybaqlzhbqpdfpou/Build/Intermediates.noindex/Pods.build/Debug-iphonesimulator/RNPaywalls.build/Objects-normal
    export PKGINFO_FILE_PATH\=/Users/tavishagarwal/Library/Developer/Xcode/DerivedData/Vybe-eypqtupuvqzwmybaqlzhbqpdfpou/Build/Intermediates.noindex/Pods.build/Debug-iphonesimulator/RNPaywalls.build/PkgInfo
    export PLATFORM_DEVELOPER_APPLICATIONS_DIR\=/Applications/Xcode.app/Contents/Developer/Platforms/iPhoneSimulator.platform/Developer/Applications
    export PLATFORM_DEVELOPER_BIN_DIR\=/Applications/Xcode.app/Contents/Developer/Platforms/iPhoneSimulator.platform/Developer/usr/bin
    export PLATFORM_DEVELOPER_LIBRARY_DIR\=/Applications/Xcode.app/Contents/Developer/Platforms/iPhoneSimulator.platform/Developer/Library
    export PLATFORM_DEVELOPER_SDK_DIR\=/Applications/Xcode.app/Contents/Developer/Platforms/iPhoneSimulator.platform/Developer/SDKs
    export PLATFORM_DEVELOPER_TOOLS_DIR\=/Applications/Xcode.app/Contents/Developer/Platforms/iPhoneSimulator.platform/Developer/Tools
    export PLATFORM_DEVELOPER_USR_DIR\=/Applications/Xcode.app/Contents/Developer/Platforms/iPhoneSimulator.platform/Developer/usr
    export PLATFORM_DIR\=/Applications/Xcode.app/Contents/Developer/Platforms/iPhoneSimulator.platform
    export PLATFORM_DISPLAY_NAME\=iOS\ Simulator
    export PLATFORM_FAMILY_NAME\=iOS
    export PLATFORM_NAME\=iphonesimulator
    export PLATFORM_PREFERRED_ARCH\=x86_64
    export PLATFORM_PRODUCT_BUILD_VERSION\=23E252
    export PLATFORM_REQUIRES_SWIFT_AUTOLINK_EXTRACT\=NO
    export PLATFORM_REQUIRES_SWIFT_MODULEWRAP\=NO
    export PLATFORM_USES_DSYMS\=YES
    export PLIST_FILE_OUTPUT_FORMAT\=binary
    export PODS_BUILD_DIR\=/Users/tavishagarwal/Library/Developer/Xcode/DerivedData/Vybe-eypqtupuvqzwmybaqlzhbqpdfpou/Build/Products
    export PODS_CONFIGURATION_BUILD_DIR\=/Users/tavishagarwal/Library/Developer/Xcode/DerivedData/Vybe-eypqtupuvqzwmybaqlzhbqpdfpou/Build/Products/Debug-iphonesimulator
    export PODS_DEVELOPMENT_LANGUAGE\=en
    export PODS_ROOT\=/Users/tavishagarwal/Desktop/Vybe/ios/Pods
    export PODS_TARGET_SRCROOT\=/Users/tavishagarwal/Desktop/Vybe/ios/Pods/../../node_modules/react-native-purchases-ui
    export PODS_XCFRAMEWORKS_BUILD_DIR\=/Users/tavishagarwal/Library/Developer/Xcode/DerivedData/Vybe-eypqtupuvqzwmybaqlzhbqpdfpou/Build/Products/Debug-iphonesimulator/XCFrameworkIntermediates
    export PRECOMPS_INCLUDE_HEADERS_FROM_BUILT_PRODUCTS_DIR\=YES
    export PRECOMP_DESTINATION_DIR\=/Users/tavishagarwal/Library/Developer/Xcode/DerivedData/Vybe-eypqtupuvqzwmybaqlzhbqpdfpou/Build/Intermediates.noindex/Pods.build/Debug-iphonesimulator/RNPaywalls.build/PrefixHeaders
    export PROCESSED_INFOPLIST_PATH\=/Users/tavishagarwal/Library/Developer/Xcode/DerivedData/Vybe-eypqtupuvqzwmybaqlzhbqpdfpou/Build/Intermediates.noindex/Pods.build/Debug-iphonesimulator/RNPaywalls.build/Objects-normal/undefined_arch/Processed-Info.plist
    export PRODUCT_BUNDLE_IDENTIFIER\=org.cocoapods.RNPaywalls
    export PRODUCT_MODULE_NAME\=RNPaywalls
    export PRODUCT_NAME\=RNPaywalls
    export PRODUCT_SETTINGS_PATH\=
    export PRODUCT_TYPE\=com.apple.product-type.library.static
    export PROFILING_CODE\=NO
    export PROJECT\=Pods
    export PROJECT_DERIVED_FILE_DIR\=/Users/tavishagarwal/Library/Developer/Xcode/DerivedData/Vybe-eypqtupuvqzwmybaqlzhbqpdfpou/Build/Intermediates.noindex/Pods.build/DerivedSources
    export PROJECT_DIR\=/Users/tavishagarwal/Desktop/Vybe/ios/Pods
    export PROJECT_FILE_PATH\=/Users/tavishagarwal/Desktop/Vybe/ios/Pods/Pods.xcodeproj
    export PROJECT_GUID\=8699adb1dd336b26511df848a716bd42
    export PROJECT_NAME\=Pods
    export PROJECT_TEMP_DIR\=/Users/tavishagarwal/Library/Developer/Xcode/DerivedData/Vybe-eypqtupuvqzwmybaqlzhbqpdfpou/Build/Intermediates.noindex/Pods.build
    export PROJECT_TEMP_ROOT\=/Users/tavishagarwal/Library/Developer/Xcode/DerivedData/Vybe-eypqtupuvqzwmybaqlzhbqpdfpou/Build/Intermediates.noindex
    export REACT_NATIVE_PATH\=/Users/tavishagarwal/Desktop/Vybe/ios/Pods/../../node_modules/react-native
    export RECOMMENDED_IPHONEOS_DEPLOYMENT_TARGET\=15.0
    export RECURSIVE_SEARCH_PATHS_FOLLOW_SYMLINKS\=YES
    export REMOVE_CVS_FROM_RESOURCES\=YES
    export REMOVE_GIT_FROM_RESOURCES\=YES
    export REMOVE_HEADERS_FROM_EMBEDDED_BUNDLES\=YES
    export REMOVE_HG_FROM_RESOURCES\=YES
    export REMOVE_STATIC_EXECUTABLES_FROM_EMBEDDED_BUNDLES\=YES
    export REMOVE_SVN_FROM_RESOURCES\=YES
    export RESCHEDULE_INDEPENDENT_HEADERS_PHASES\=YES
    export REZ_COLLECTOR_DIR\=/Users/tavishagarwal/Library/Developer/Xcode/DerivedData/Vybe-eypqtupuvqzwmybaqlzhbqpdfpou/Build/Intermediates.noindex/Pods.build/Debug-iphonesimulator/RNPaywalls.build/ResourceManagerResources
    export REZ_EXECUTABLE\=YES
    export REZ_OBJECTS_DIR\=/Users/tavishagarwal/Library/Developer/Xcode/DerivedData/Vybe-eypqtupuvqzwmybaqlzhbqpdfpou/Build/Intermediates.noindex/Pods.build/Debug-iphonesimulator/RNPaywalls.build/ResourceManagerResources/Objects
    export REZ_SEARCH_PATHS\=/Users/tavishagarwal/Library/Developer/Xcode/DerivedData/Vybe-eypqtupuvqzwmybaqlzhbqpdfpou/Build/Products/Debug-iphonesimulator/RNPaywalls\ 
    export RPATH_ORIGIN\=@loader_path
    export RUNTIME_EXCEPTION_ALLOW_DYLD_ENVIRONMENT_VARIABLES\=NO
    export RUNTIME_EXCEPTION_ALLOW_JIT\=NO
    export RUNTIME_EXCEPTION_ALLOW_UNSIGNED_EXECUTABLE_MEMORY\=NO
    export RUNTIME_EXCEPTION_DEBUGGING_TOOL\=NO
    export RUNTIME_EXCEPTION_DISABLE_EXECUTABLE_PAGE_PROTECTION\=NO
    export RUNTIME_EXCEPTION_DISABLE_LIBRARY_VALIDATION\=NO
    export SCANNING_PCM_KEEP_CACHE_DIRECTORY\=YES
    export SCAN_ALL_SOURCE_FILES_FOR_INCLUDES\=NO
    export SCRIPT_INPUT_FILE_0\=/Users/tavishagarwal/Library/Developer/Xcode/DerivedData/Vybe-eypqtupuvqzwmybaqlzhbqpdfpou/Build/Intermediates.noindex/Pods.build/Debug-iphonesimulator/RNPaywalls.build/DerivedSources/RNPaywalls-Swift.h
    export SCRIPT_INPUT_FILE_1\=/Users/tavishagarwal/Desktop/Vybe/ios/Pods/Headers/Public/RNPaywalls/RNPaywalls.modulemap
    export SCRIPT_INPUT_FILE_2\=/Users/tavishagarwal/Desktop/Vybe/ios/Pods/Headers/Public/RNPaywalls/RNPaywalls-umbrella.h
    export SCRIPT_INPUT_FILE_COUNT\=3
    export SCRIPT_INPUT_FILE_LIST_COUNT\=0
    export SCRIPT_OUTPUT_FILE_0\=/Users/tavishagarwal/Library/Developer/Xcode/DerivedData/Vybe-eypqtupuvqzwmybaqlzhbqpdfpou/Build/Products/Debug-iphonesimulator/RNPaywalls/RNPaywalls.modulemap
    export SCRIPT_OUTPUT_FILE_1\=/Users/tavishagarwal/Library/Developer/Xcode/DerivedData/Vybe-eypqtupuvqzwmybaqlzhbqpdfpou/Build/Products/Debug-iphonesimulator/RNPaywalls/RNPaywalls-umbrella.h
    export SCRIPT_OUTPUT_FILE_2\=/Users/tavishagarwal/Library/Developer/Xcode/DerivedData/Vybe-eypqtupuvqzwmybaqlzhbqpdfpou/Build/Products/Debug-iphonesimulator/RNPaywalls/Swift\ Compatibility\ Header/RNPaywalls-Swift.h
    export SCRIPT_OUTPUT_FILE_COUNT\=3
    export SCRIPT_OUTPUT_FILE_LIST_COUNT\=0
    export SDKROOT\=/Applications/Xcode.app/Contents/Developer/Platforms/iPhoneSimulator.platform/Developer/SDKs/iPhoneSimulator26.4.sdk
    export SDK_DIR\=/Applications/Xcode.app/Contents/Developer/Platforms/iPhoneSimulator.platform/Developer/SDKs/iPhoneSimulator26.4.sdk
    export SDK_DIR_iphonesimulator\=/Applications/Xcode.app/Contents/Developer/Platforms/iPhoneSimulator.platform/Developer/SDKs/iPhoneSimulator26.4.sdk
    export SDK_DIR_iphonesimulator26_4\=/Applications/Xcode.app/Contents/Developer/Platforms/iPhoneSimulator.platform/Developer/SDKs/iPhoneSimulator26.4.sdk
    export SDK_NAME\=iphonesimulator26.4
    export SDK_NAMES\=iphonesimulator26.4
    export SDK_PRODUCT_BUILD_VERSION\=23E252
    export SDK_STAT_CACHE_DIR\=/Users/tavishagarwal/Library/Developer/Xcode/DerivedData
    export SDK_STAT_CACHE_ENABLE\=YES
    export SDK_STAT_CACHE_PATH\=/Users/tavishagarwal/Library/Developer/Xcode/DerivedData/SDKStatCaches.noindex/iphonesimulator26.4-23E252-686eebb5dc1d8ecb277353a59184f4aa.sdkstatcache
    export SDK_VERSION\=26.4
    export SDK_VERSION_ACTUAL\=260400
    export SDK_VERSION_MAJOR\=260000
    export SDK_VERSION_MINOR\=260400
    export SED\=/usr/bin/sed
    export SEPARATE_STRIP\=NO
    export SEPARATE_SYMBOL_EDIT\=NO
    export SET_DIR_MODE_OWNER_GROUP\=YES
    export SET_FILE_MODE_OWNER_GROUP\=NO
    export SHALLOW_BUNDLE\=NO
    export SHARED_DERIVED_FILE_DIR\=/Users/tavishagarwal/Library/Developer/Xcode/DerivedData/Vybe-eypqtupuvqzwmybaqlzhbqpdfpou/Build/Products/Debug-iphonesimulator/RNPaywalls/DerivedSources
    export SHARED_PRECOMPS_DIR\=/Users/tavishagarwal/Library/Developer/Xcode/DerivedData/Vybe-eypqtupuvqzwmybaqlzhbqpdfpou/Build/Intermediates.noindex/PrecompiledHeaders
    export SKIP_INSTALL\=YES
    export SKIP_MERGEABLE_LIBRARY_BUNDLE_HOOK\=NO
    export SOURCE_ROOT\=/Users/tavishagarwal/Desktop/Vybe/ios/Pods
    export SRCROOT\=/Users/tavishagarwal/Desktop/Vybe/ios/Pods
    export STRINGSDATA_DIR\=/Users/tavishagarwal/Library/Developer/Xcode/DerivedData/Vybe-eypqtupuvqzwmybaqlzhbqpdfpou/Build/Intermediates.noindex/Pods.build/Debug-iphonesimulator/RNPaywalls.build/Objects-normal/undefined_arch
    export STRINGSDATA_ROOT\=/Users/tavishagarwal/Library/Developer/Xcode/DerivedData/Vybe-eypqtupuvqzwmybaqlzhbqpdfpou/Build/Intermediates.noindex/Pods.build/Debug-iphonesimulator/RNPaywalls.build
    export STRINGS_FILE_INFOPLIST_RENAME\=YES
    export STRINGS_FILE_OUTPUT_ENCODING\=binary
    export STRING_CATALOG_GENERATE_SYMBOLS\=NO
    export STRIP_BITCODE_FROM_COPIED_FILES\=NO
    export STRIP_INSTALLED_PRODUCT\=NO
    export STRIP_STYLE\=debugging
    export STRIP_SWIFT_SYMBOLS\=YES
    export SUPPORTED_DEVICE_FAMILIES\=1,2
    export SUPPORTED_PLATFORMS\=iphoneos\ iphonesimulator
    export SUPPORTS_TEXT_BASED_API\=NO
    export SUPPRESS_WARNINGS\=NO
    export SWIFT_ACTIVE_COMPILATION_CONDITIONS\=\ DEBUG\ 
    export SWIFT_EMIT_CONST_VALUE_PROTOCOLS\=AnyResolverProviding\ AppEntity\ AppEnum\ AppExtension\ AppIntent\ AppIntentsPackage\ AppShortcutProviding\ AppShortcutsProvider\ AppUnionValue\ AppUnionValueCasesProviding\ DynamicOptionsProvider\ EntityQuery\ ExtensionPointDefining\ IntentValueQuery\ Resolver\ TransientEntity\ _AssistantIntentsProvider\ _GenerativeFunctionExtractable\ _IntentValueRepresentable
    export SWIFT_EMIT_LOC_STRINGS\=NO
    export SWIFT_EMIT_MODULE_INTERFACE\=NO
    export SWIFT_ENABLE_EXPLICIT_MODULES\=NO
    export SWIFT_INCLUDE_PATHS\=/Users/tavishagarwal/Library/Developer/Xcode/DerivedData/Vybe-eypqtupuvqzwmybaqlzhbqpdfpou/Build/Products/Debug-iphonesimulator/RNPaywalls\ \ \"/Users/tavishagarwal/Library/Developer/Xcode/DerivedData/Vybe-eypqtupuvqzwmybaqlzhbqpdfpou/Build/Products/Debug-iphonesimulator/PurchasesHybridCommon\"\ \"/Users/tavishagarwal/Library/Developer/Xcode/DerivedData/Vybe-eypqtupuvqzwmybaqlzhbqpdfpou/Build/Products/Debug-iphonesimulator/PurchasesHybridCommonUI\"\ \"/Users/tavishagarwal/Library/Developer/Xcode/DerivedData/Vybe-eypqtupuvqzwmybaqlzhbqpdfpou/Build/Products/Debug-iphonesimulator/RevenueCat\"\ \"/Users/tavishagarwal/Library/Developer/Xcode/DerivedData/Vybe-eypqtupuvqzwmybaqlzhbqpdfpou/Build/Products/Debug-iphonesimulator/RevenueCatUI\"
    export SWIFT_INSTALL_OBJC_HEADER\=YES
    export SWIFT_OPTIMIZATION_LEVEL\=-Onone
    export SWIFT_PLATFORM_TARGET_PREFIX\=ios
    export SWIFT_RESPONSE_FILE_PATH_normal_arm64\=/Users/tavishagarwal/Library/Developer/Xcode/DerivedData/Vybe-eypqtupuvqzwmybaqlzhbqpdfpou/Build/Intermediates.noindex/Pods.build/Debug-iphonesimulator/RNPaywalls.build/Objects-normal/arm64/RNPaywalls.SwiftFileList
    export SWIFT_VERSION\=5.7
    export SYMROOT\=/Users/tavishagarwal/Library/Developer/Xcode/DerivedData/Vybe-eypqtupuvqzwmybaqlzhbqpdfpou/Build/Products
    export SYSTEM_ADMIN_APPS_DIR\=/Applications/Utilities
    export SYSTEM_APPS_DIR\=/Applications
    export SYSTEM_CORE_SERVICES_DIR\=/System/Library/CoreServices
    export SYSTEM_DEMOS_DIR\=/Applications/Extras
    export SYSTEM_DEVELOPER_APPS_DIR\=/Applications/Xcode.app/Contents/Developer/Applications
    export SYSTEM_DEVELOPER_BIN_DIR\=/Applications/Xcode.app/Contents/Developer/usr/bin
    export SYSTEM_DEVELOPER_DEMOS_DIR\=/Applications/Xcode.app/Contents/Developer/Applications/Utilities/Built\ Examples
    export SYSTEM_DEVELOPER_DIR\=/Applications/Xcode.app/Contents/Developer
    export SYSTEM_DEVELOPER_DOC_DIR\=/Applications/Xcode.app/Contents/Developer/ADC\ Reference\ Library
    export SYSTEM_DEVELOPER_GRAPHICS_TOOLS_DIR\=/Applications/Xcode.app/Contents/Developer/Applications/Graphics\ Tools
    export SYSTEM_DEVELOPER_JAVA_TOOLS_DIR\=/Applications/Xcode.app/Contents/Developer/Applications/Java\ Tools
    export SYSTEM_DEVELOPER_PERFORMANCE_TOOLS_DIR\=/Applications/Xcode.app/Contents/Developer/Applications/Performance\ Tools
    export SYSTEM_DEVELOPER_RELEASENOTES_DIR\=/Applications/Xcode.app/Contents/Developer/ADC\ Reference\ Library/releasenotes
    export SYSTEM_DEVELOPER_TOOLS\=/Applications/Xcode.app/Contents/Developer/Tools
    export SYSTEM_DEVELOPER_TOOLS_DOC_DIR\=/Applications/Xcode.app/Contents/Developer/ADC\ Reference\ Library/documentation/DeveloperTools
    export SYSTEM_DEVELOPER_TOOLS_RELEASENOTES_DIR\=/Applications/Xcode.app/Contents/Developer/ADC\ Reference\ Library/releasenotes/DeveloperTools
    export SYSTEM_DEVELOPER_USR_DIR\=/Applications/Xcode.app/Contents/Developer/usr
    export SYSTEM_DEVELOPER_UTILITIES_DIR\=/Applications/Xcode.app/Contents/Developer/Applications/Utilities
    export SYSTEM_DEXT_INSTALL_PATH\=/System/Library/DriverExtensions
    export SYSTEM_DOCUMENTATION_DIR\=/Library/Documentation
    export SYSTEM_KEXT_INSTALL_PATH\=/System/Library/Extensions
    export SYSTEM_LIBRARY_DIR\=/System/Library
    export TAPI_DEMANGLE\=YES
    export TAPI_ENABLE_PROJECT_HEADERS\=NO
    export TAPI_LANGUAGE\=objective-c
    export TAPI_LANGUAGE_STANDARD\=compiler-default
    export TAPI_USE_SRCROOT\=YES
    export TAPI_VERIFY_MODE\=Pedantic
    export TARGETED_DEVICE_FAMILY\=1,2
    export TARGETNAME\=RNPaywalls
    export TARGET_BUILD_DIR\=/Users/tavishagarwal/Library/Developer/Xcode/DerivedData/Vybe-eypqtupuvqzwmybaqlzhbqpdfpou/Build/Products/Debug-iphonesimulator/RNPaywalls
    export TARGET_DEVICE_IDENTIFIER\=7748A3AC-7593-4AD0-8637-3D3EAE9040AF
    export TARGET_DEVICE_MODEL\=iPhone18,1
    export TARGET_DEVICE_OS_VERSION\=26.4.1
    export TARGET_DEVICE_PLATFORM_NAME\=iphonesimulator
    export TARGET_NAME\=RNPaywalls
    export TARGET_TEMP_DIR\=/Users/tavishagarwal/Library/Developer/Xcode/DerivedData/Vybe-eypqtupuvqzwmybaqlzhbqpdfpou/Build/Intermediates.noindex/Pods.build/Debug-iphonesimulator/RNPaywalls.build
    export TEMP_DIR\=/Users/tavishagarwal/Library/Developer/Xcode/DerivedData/Vybe-eypqtupuvqzwmybaqlzhbqpdfpou/Build/Intermediates.noindex/Pods.build/Debug-iphonesimulator/RNPaywalls.build
    export TEMP_FILES_DIR\=/Users/tavishagarwal/Library/Developer/Xcode/DerivedData/Vybe-eypqtupuvqzwmybaqlzhbqpdfpou/Build/Intermediates.noindex/Pods.build/Debug-iphonesimulator/RNPaywalls.build
    export TEMP_FILE_DIR\=/Users/tavishagarwal/Library/Developer/Xcode/DerivedData/Vybe-eypqtupuvqzwmybaqlzhbqpdfpou/Build/Intermediates.noindex/Pods.build/Debug-iphonesimulator/RNPaywalls.build
    export TEMP_ROOT\=/Users/tavishagarwal/Library/Developer/Xcode/DerivedData/Vybe-eypqtupuvqzwmybaqlzhbqpdfpou/Build/Intermediates.noindex
    export TEMP_SANDBOX_DIR\=/Users/tavishagarwal/Library/Developer/Xcode/DerivedData/Vybe-eypqtupuvqzwmybaqlzhbqpdfpou/Build/Intermediates.noindex/TemporaryTaskSandboxes
    export TEST_FRAMEWORK_SEARCH_PATHS\=\ /Applications/Xcode.app/Contents/Developer/Platforms/iPhoneSimulator.platform/Developer/Library/Frameworks\ /Applications/Xcode.app/Contents/Developer/Platforms/iPhoneSimulator.platform/Developer/SDKs/iPhoneSimulator26.4.sdk/Developer/Library/Frameworks
    export TEST_LIBRARY_SEARCH_PATHS\=\ /Applications/Xcode.app/Contents/Developer/Platforms/iPhoneSimulator.platform/Developer/usr/lib
    export TOOLCHAINS\=com.apple.dt.toolchain.XcodeDefault
    export TOOLCHAIN_DIR\=/Applications/Xcode.app/Contents/Developer/Toolchains/XcodeDefault.xctoolchain
    export TREAT_MISSING_BASELINES_AS_TEST_FAILURES\=NO
    export TREAT_MISSING_SCRIPT_PHASE_OUTPUTS_AS_ERRORS\=NO
    export UID\=501
    export UNINSTALLED_PRODUCTS_DIR\=/Users/tavishagarwal/Library/Developer/Xcode/DerivedData/Vybe-eypqtupuvqzwmybaqlzhbqpdfpou/Build/Intermediates.noindex/UninstalledProducts
    export UNSTRIPPED_PRODUCT\=NO
    export USER\=tavishagarwal
    export USER_APPS_DIR\=/Users/tavishagarwal/Applications
    export USER_LIBRARY_DIR\=/Users/tavishagarwal/Library
    export USE_DYNAMIC_NO_PIC\=YES
    export USE_HEADERMAP\=YES
    export USE_HEADER_SYMLINKS\=NO
    export USE_HERMES\=true
    export USE_RECURSIVE_SCRIPT_INPUTS_IN_SCRIPT_PHASES\=YES
    export VALIDATE_DEVELOPMENT_ASSET_PATHS\=YES_ERROR
    export VALIDATE_PRODUCT\=NO
    export VALID_ARCHS\=arm64\ x86_64
    export VERBOSE_PBXCP\=NO
    export VERSION_INFO_BUILDER\=tavishagarwal
    export VERSION_INFO_FILE\=RNPaywalls_vers.c
    export VERSION_INFO_STRING\=\"@\(\#\)PROGRAM:RNPaywalls\ \ PROJECT:Pods-\"
    export WORKSPACE_DIR\=/Users/tavishagarwal/Desktop/Vybe/ios
    export WRAP_ASSET_PACKS_IN_SEPARATE_DIRECTORIES\=NO
    export XCODE_APP_SUPPORT_DIR\=/Applications/Xcode.app/Contents/Developer/Library/Xcode
    export XCODE_PRODUCT_BUILD_VERSION\=17E202
    export XCODE_VERSION_ACTUAL\=2641
    export XCODE_VERSION_MAJOR\=2600
    export XCODE_VERSION_MINOR\=2640
    export XPCSERVICES_FOLDER_PATH\=/XPCServices
    export YACC\=yacc
    export _DISCOVER_COMMAND_LINE_LINKER_INPUTS\=YES
    export _DISCOVER_COMMAND_LINE_LINKER_INPUTS_INCLUDE_WL\=YES
    export _LD_MULTIARCH\=YES
    export __DIAGNOSE_DEPRECATED_ARCHS\=YES
    export __ORIGINAL_SDK_DEFINED_LLVM_TARGET_TRIPLE_SYS\=ios
    export arch\=undefined_arch
    export variant\=normal
    /bin/sh -c /Users/tavishagarwal/Library/Developer/Xcode/DerivedData/Vybe-eypqtupuvqzwmybaqlzhbqpdfpou/Build/Intermediates.noindex/Pods.build/Debug-iphonesimulator/RNPaywalls.build/Script-46EB2E0002DB00.sh

ExtractAppIntentsMetadata (in target 'RNPaywalls' from project 'Pods')
    cd /Users/tavishagarwal/Desktop/Vybe/ios/Pods
    /Applications/Xcode.app/Contents/Developer/Toolchains/XcodeDefault.xctoolchain/usr/bin/appintentsmetadataprocessor --toolchain-dir /Applications/Xcode.app/Contents/Developer/Toolchains/XcodeDefault.xctoolchain --module-name RNPaywalls --sdk-root /Applications/Xcode.app/Contents/Developer/Platforms/iPhoneSimulator.platform/Developer/SDKs/iPhoneSimulator26.4.sdk --xcode-version 17E202 --platform-family iOS --deployment-target 15.1 --bundle-identifier org.cocoapods.RNPaywalls --output /Users/tavishagarwal/Library/Developer/Xcode/DerivedData/Vybe-eypqtupuvqzwmybaqlzhbqpdfpou/Build/Products/Debug-iphonesimulator/RNPaywalls/RNPaywalls.appintents --target-triple arm64-apple-ios15.1-simulator --binary-file /Users/tavishagarwal/Library/Developer/Xcode/DerivedData/Vybe-eypqtupuvqzwmybaqlzhbqpdfpou/Build/Products/Debug-iphonesimulator/RNPaywalls/libRNPaywalls.a --dependency-file /Users/tavishagarwal/Library/Developer/Xcode/DerivedData/Vybe-eypqtupuvqzwmybaqlzhbqpdfpou/Build/Intermediates.noindex/Pods.build/Debug-iphonesimulator/RNPaywalls.build/Objects-normal/arm64/RNPaywalls_libtool_dependency_info.dat --stringsdata-file /Users/tavishagarwal/Library/Developer/Xcode/DerivedData/Vybe-eypqtupuvqzwmybaqlzhbqpdfpou/Build/Intermediates.noindex/Pods.build/Debug-iphonesimulator/RNPaywalls.build/Objects-normal/arm64/ExtractedAppShortcutsMetadata.stringsdata --source-file-list /Users/tavishagarwal/Library/Developer/Xcode/DerivedData/Vybe-eypqtupuvqzwmybaqlzhbqpdfpou/Build/Intermediates.noindex/Pods.build/Debug-iphonesimulator/RNPaywalls.build/Objects-normal/arm64/RNPaywalls.SwiftFileList --metadata-file-list /Users/tavishagarwal/Library/Developer/Xcode/DerivedData/Vybe-eypqtupuvqzwmybaqlzhbqpdfpou/Build/Intermediates.noindex/Pods.build/Debug-iphonesimulator/RNPaywalls.build/RNPaywalls.DependencyMetadataFileList --static-metadata-file-list /Users/tavishagarwal/Library/Developer/Xcode/DerivedData/Vybe-eypqtupuvqzwmybaqlzhbqpdfpou/Build/Intermediates.noindex/Pods.build/Debug-iphonesimulator/RNPaywalls.build/RNPaywalls.DependencyStaticMetadataFileList --swift-const-vals-list /Users/tavishagarwal/Library/Developer/Xcode/DerivedData/Vybe-eypqtupuvqzwmybaqlzhbqpdfpou/Build/Intermediates.noindex/Pods.build/Debug-iphonesimulator/RNPaywalls.build/Objects-normal/arm64/RNPaywalls.SwiftConstValuesFileList --force --compile-time-extraction --deployment-aware-processing --validate-assistant-intents --no-app-shortcuts-localization
2026-05-11 19:01:58.641 appintentsmetadataprocessor[27486:728290] Starting appintentsmetadataprocessor export
2026-05-11 19:01:58.656 appintentsmetadataprocessor[27486:728290] Extracted no relevant App Intents symbols, skipping writing output

Libtool /Users/tavishagarwal/Library/Developer/Xcode/DerivedData/Vybe-eypqtupuvqzwmybaqlzhbqpdfpou/Build/Products/Debug-iphonesimulator/ReactCodegen/libReactCodegen.a normal (in target 'ReactCodegen' from project 'Pods')
    cd /Users/tavishagarwal/Desktop/Vybe/ios/Pods
    /Applications/Xcode.app/Contents/Developer/Toolchains/XcodeDefault.xctoolchain/usr/bin/libtool -static -arch_only arm64 -D -syslibroot /Applications/Xcode.app/Contents/Developer/Platforms/iPhoneSimulator.platform/Developer/SDKs/iPhoneSimulator26.4.sdk -L/Users/tavishagarwal/Library/Developer/Xcode/DerivedData/Vybe-eypqtupuvqzwmybaqlzhbqpdfpou/Build/Products/Debug-iphonesimulator/ReactCodegen -filelist /Users/tavishagarwal/Library/Developer/Xcode/DerivedData/Vybe-eypqtupuvqzwmybaqlzhbqpdfpou/Build/Intermediates.noindex/Pods.build/Debug-iphonesimulator/ReactCodegen.build/Objects-normal/arm64/ReactCodegen.LinkFileList -dependency_info /Users/tavishagarwal/Library/Developer/Xcode/DerivedData/Vybe-eypqtupuvqzwmybaqlzhbqpdfpou/Build/Intermediates.noindex/Pods.build/Debug-iphonesimulator/ReactCodegen.build/Objects-normal/arm64/ReactCodegen_libtool_dependency_info.dat -o /Users/tavishagarwal/Library/Developer/Xcode/DerivedData/Vybe-eypqtupuvqzwmybaqlzhbqpdfpou/Build/Products/Debug-iphonesimulator/ReactCodegen/libReactCodegen.a
libtool: warning: 'EventEmitters-37af26ef9f572dc7f5514539ff8def7f.o' has no symbols
libtool: warning: 'EventEmitters-29237df90fbfc23fe131c1b60557c705.o' has no symbols
libtool: warning: 'States-95ad3e37ea0fa71f68bafcb93c4ac10a.o' has no symbols
libtool: warning: 'States-91cf2bb9f152eaa09b540f80f81b8d8e.o' has no symbols
libtool: warning: 'States-2d06e3c82a6f5832c9897ded70112c16.o' has no symbols
libtool: warning: 'States-af9d53c418cb355095cbdfa9ea83d072.o' has no symbols
libtool: warning: 'States-12f97c5eb2a7af39a738156fdabf8f42.o' has no symbols
libtool: warning: 'States-e27ada589b1fded2e77cb33370e1ad31.o' has no symbols

Copy /Users/tavishagarwal/Library/Developer/Xcode/DerivedData/Vybe-eypqtupuvqzwmybaqlzhbqpdfpou/Build/Products/Debug-iphonesimulator/ExpoDomWebView/ExpoDomWebView.swiftmodule/arm64-apple-ios-simulator.abi.json /Users/tavishagarwal/Library/Developer/Xcode/DerivedData/Vybe-eypqtupuvqzwmybaqlzhbqpdfpou/Build/Intermediates.noindex/Pods.build/Debug-iphonesimulator/ExpoDomWebView.build/Objects-normal/arm64/ExpoDomWebView.abi.json (in target 'ExpoDomWebView' from project 'Pods')
    cd /Users/tavishagarwal/Desktop/Vybe/ios/Pods
    builtin-copy -exclude .DS_Store -exclude CVS -exclude .svn -exclude .git -exclude .hg -resolve-src-symlinks -rename /Users/tavishagarwal/Library/Developer/Xcode/DerivedData/Vybe-eypqtupuvqzwmybaqlzhbqpdfpou/Build/Intermediates.noindex/Pods.build/Debug-iphonesimulator/ExpoDomWebView.build/Objects-normal/arm64/ExpoDomWebView.abi.json /Users/tavishagarwal/Library/Developer/Xcode/DerivedData/Vybe-eypqtupuvqzwmybaqlzhbqpdfpou/Build/Products/Debug-iphonesimulator/ExpoDomWebView/ExpoDomWebView.swiftmodule/arm64-apple-ios-simulator.abi.json

Libtool /Users/tavishagarwal/Library/Developer/Xcode/DerivedData/Vybe-eypqtupuvqzwmybaqlzhbqpdfpou/Build/Products/Debug-iphonesimulator/NitroModules/libNitroModules.a normal (in target 'NitroModules' from project 'Pods')
    cd /Users/tavishagarwal/Desktop/Vybe/ios/Pods
    /Applications/Xcode.app/Contents/Developer/Toolchains/XcodeDefault.xctoolchain/usr/bin/libtool -static -arch_only arm64 -D -syslibroot /Applications/Xcode.app/Contents/Developer/Platforms/iPhoneSimulator.platform/Developer/SDKs/iPhoneSimulator26.4.sdk -L/Users/tavishagarwal/Library/Developer/Xcode/DerivedData/Vybe-eypqtupuvqzwmybaqlzhbqpdfpou/Build/Products/Debug-iphonesimulator/NitroModules -filelist /Users/tavishagarwal/Library/Developer/Xcode/DerivedData/Vybe-eypqtupuvqzwmybaqlzhbqpdfpou/Build/Intermediates.noindex/Pods.build/Debug-iphonesimulator/NitroModules.build/Objects-normal/arm64/NitroModules.LinkFileList -dependency_info /Users/tavishagarwal/Library/Developer/Xcode/DerivedData/Vybe-eypqtupuvqzwmybaqlzhbqpdfpou/Build/Intermediates.noindex/Pods.build/Debug-iphonesimulator/NitroModules.build/Objects-normal/arm64/NitroModules_libtool_dependency_info.dat -o /Users/tavishagarwal/Library/Developer/Xcode/DerivedData/Vybe-eypqtupuvqzwmybaqlzhbqpdfpou/Build/Products/Debug-iphonesimulator/NitroModules/libNitroModules.a
libtool: warning: 'NativeNitroModules+OldArch.o' has no symbols

Libtool /Users/tavishagarwal/Library/Developer/Xcode/DerivedData/Vybe-eypqtupuvqzwmybaqlzhbqpdfpou/Build/Products/Debug-iphonesimulator/ReactAppDependencyProvider/libReactAppDependencyProvider.a normal (in target 'ReactAppDependencyProvider' from project 'Pods')
    cd /Users/tavishagarwal/Desktop/Vybe/ios/Pods
    /Applications/Xcode.app/Contents/Developer/Toolchains/XcodeDefault.xctoolchain/usr/bin/libtool -static -arch_only arm64 -D -syslibroot /Applications/Xcode.app/Contents/Developer/Platforms/iPhoneSimulator.platform/Developer/SDKs/iPhoneSimulator26.4.sdk -L/Users/tavishagarwal/Library/Developer/Xcode/DerivedData/Vybe-eypqtupuvqzwmybaqlzhbqpdfpou/Build/Products/Debug-iphonesimulator/ReactAppDependencyProvider -filelist /Users/tavishagarwal/Library/Developer/Xcode/DerivedData/Vybe-eypqtupuvqzwmybaqlzhbqpdfpou/Build/Intermediates.noindex/Pods.build/Debug-iphonesimulator/ReactAppDependencyProvider.build/Objects-normal/arm64/ReactAppDependencyProvider.LinkFileList -dependency_info /Users/tavishagarwal/Library/Developer/Xcode/DerivedData/Vybe-eypqtupuvqzwmybaqlzhbqpdfpou/Build/Intermediates.noindex/Pods.build/Debug-iphonesimulator/ReactAppDependencyProvider.build/Objects-normal/arm64/ReactAppDependencyProvider_libtool_dependency_info.dat -o /Users/tavishagarwal/Library/Developer/Xcode/DerivedData/Vybe-eypqtupuvqzwmybaqlzhbqpdfpou/Build/Products/Debug-iphonesimulator/ReactAppDependencyProvider/libReactAppDependencyProvider.a

SwiftDriver ExpoNotifications normal arm64 com.apple.xcode.tools.swift.compiler (in target 'ExpoNotifications' from project 'Pods')
    cd /Users/tavishagarwal/Desktop/Vybe/ios/Pods
    builtin-SwiftDriver -- /Applications/Xcode.app/Contents/Developer/Toolchains/XcodeDefault.xctoolchain/usr/bin/swiftc -module-name ExpoNotifications -Onone -whole-module-optimization @/Users/tavishagarwal/Library/Developer/Xcode/DerivedData/Vybe-eypqtupuvqzwmybaqlzhbqpdfpou/Build/Intermediates.noindex/Pods.build/Debug-iphonesimulator/ExpoNotifications.build/Objects-normal/arm64/ExpoNotifications.SwiftFileList -DDEBUG -D COCOAPODS -Xcc -fmodule-map-file\=/Users/tavishagarwal/Library/Developer/Xcode/DerivedData/Vybe-eypqtupuvqzwmybaqlzhbqpdfpou/Build/Products/Debug-iphonesimulator/ExpoModulesCore/ExpoModulesCore.modulemap -Xcc -fmodule-map-file\=/Users/tavishagarwal/Library/Developer/Xcode/DerivedData/Vybe-eypqtupuvqzwmybaqlzhbqpdfpou/Build/Products/Debug-iphonesimulator/RCTSwiftUI/RCTSwiftUI.modulemap -Xcc -fmodule-map-file\=/Users/tavishagarwal/Desktop/Vybe/ios/Pods/Headers/Public/ExpoModulesJSI/ExpoModulesJSI.modulemap -Xcc -fmodule-map-file\=/Users/tavishagarwal/Desktop/Vybe/ios/Pods/Headers/Public/RNWorklets/RNWorklets.modulemap -Xcc -fmodule-map-file\=/Users/tavishagarwal/Desktop/Vybe/ios/Pods/Headers/Public/ReactCodegen/ReactCodegen.modulemap -import-underlying-module -Xcc -fmodule-map-file\=/Users/tavishagarwal/Desktop/Vybe/ios/Pods/Headers/Public/ExpoNotifications/ExpoNotifications.modulemap -enable-bare-slash-regex -enable-experimental-feature DebugDescriptionMacro -sdk /Applications/Xcode.app/Contents/Developer/Platforms/iPhoneSimulator.platform/Developer/SDKs/iPhoneSimulator26.4.sdk -target arm64-apple-ios15.1-simulator -g -module-cache-path /Users/tavishagarwal/Library/Developer/Xcode/DerivedData/ModuleCache.noindex -Xfrontend -serialize-debugging-options -enable-testing -index-store-path /Users/tavishagarwal/Library/Developer/Xcode/DerivedData/Vybe-eypqtupuvqzwmybaqlzhbqpdfpou/Index.noindex/DataStore -Xcc -D_LIBCPP_HARDENING_MODE\=_LIBCPP_HARDENING_MODE_DEBUG -swift-version 5 -I /Users/tavishagarwal/Library/Developer/Xcode/DerivedData/Vybe-eypqtupuvqzwmybaqlzhbqpdfpou/Build/Products/Debug-iphonesimulator/ExpoNotifications -I /Users/tavishagarwal/Library/Developer/Xcode/DerivedData/Vybe-eypqtupuvqzwmybaqlzhbqpdfpou/Build/Products/Debug-iphonesimulator/ExpoModulesCore -I /Users/tavishagarwal/Library/Developer/Xcode/DerivedData/Vybe-eypqtupuvqzwmybaqlzhbqpdfpou/Build/Products/Debug-iphonesimulator/RCTSwiftUI -F /Users/tavishagarwal/Library/Developer/Xcode/DerivedData/Vybe-eypqtupuvqzwmybaqlzhbqpdfpou/Build/Products/Debug-iphonesimulator/ExpoNotifications -F /Users/tavishagarwal/Desktop/Vybe/ios/Pods/React-Core-prebuilt -F /Users/tavishagarwal/Desktop/Vybe/ios/Pods/ReactNativeDependencies/framework/packages/react-native -F /Users/tavishagarwal/Desktop/Vybe/ios/Pods/hermes-engine/destroot/Library/Frameworks/universal -F /Users/tavishagarwal/Library/Developer/Xcode/DerivedData/Vybe-eypqtupuvqzwmybaqlzhbqpdfpou/Build/Products/Debug-iphonesimulator/XCFrameworkIntermediates/React-Core-prebuilt -F /Users/tavishagarwal/Library/Developer/Xcode/DerivedData/Vybe-eypqtupuvqzwmybaqlzhbqpdfpou/Build/Products/Debug-iphonesimulator/XCFrameworkIntermediates/ReactNativeDependencies -F /Users/tavishagarwal/Library/Developer/Xcode/DerivedData/Vybe-eypqtupuvqzwmybaqlzhbqpdfpou/Build/Products/Debug-iphonesimulator/XCFrameworkIntermediates/hermes-engine/Pre-built -c -num-threads 10 -Xcc -ivfsstatcache -Xcc /Users/tavishagarwal/Library/Developer/Xcode/DerivedData/SDKStatCaches.noindex/iphonesimulator26.4-23E252-686eebb5dc1d8ecb277353a59184f4aa.sdkstatcache -output-file-map /Users/tavishagarwal/Library/Developer/Xcode/DerivedData/Vybe-eypqtupuvqzwmybaqlzhbqpdfpou/Build/Intermediates.noindex/Pods.build/Debug-iphonesimulator/ExpoNotifications.build/Objects-normal/arm64/ExpoNotifications-OutputFileMap.json -use-frontend-parseable-output -save-temps -no-color-diagnostics -serialize-diagnostics -emit-dependencies -emit-module -emit-module-path /Users/tavishagarwal/Library/Developer/Xcode/DerivedData/Vybe-eypqtupuvqzwmybaqlzhbqpdfpou/Build/Intermediates.noindex/Pods.build/Debug-iphonesimulator/ExpoNotifications.build/Objects-normal/arm64/ExpoNotifications.swiftmodule -validate-clang-modules-once -clang-build-session-file /Users/tavishagarwal/Library/Developer/Xcode/DerivedData/ModuleCache.noindex/Session.modulevalidation -Xcc -I/Users/tavishagarwal/Library/Developer/Xcode/DerivedData/Vybe-eypqtupuvqzwmybaqlzhbqpdfpou/Build/Intermediates.noindex/Pods.build/Debug-iphonesimulator/ExpoNotifications.build/swift-overrides.hmap -emit-const-values -Xfrontend -const-gather-protocols-file -Xfrontend /Users/tavishagarwal/Library/Developer/Xcode/DerivedData/Vybe-eypqtupuvqzwmybaqlzhbqpdfpou/Build/Intermediates.noindex/Pods.build/Debug-iphonesimulator/ExpoNotifications.build/Objects-normal/arm64/ExpoNotifications_const_extract_protocols.json -Xcc -iquote -Xcc /Users/tavishagarwal/Library/Developer/Xcode/DerivedData/Vybe-eypqtupuvqzwmybaqlzhbqpdfpou/Build/Intermediates.noindex/Pods.build/Debug-iphonesimulator/ExpoNotifications.build/ExpoNotifications-generated-files.hmap -Xcc -I/Users/tavishagarwal/Library/Developer/Xcode/DerivedData/Vybe-eypqtupuvqzwmybaqlzhbqpdfpou/Build/Intermediates.noindex/Pods.build/Debug-iphonesimulator/ExpoNotifications.build/ExpoNotifications-own-target-headers.hmap -Xcc -I/Users/tavishagarwal/Library/Developer/Xcode/DerivedData/Vybe-eypqtupuvqzwmybaqlzhbqpdfpou/Build/Intermediates.noindex/Pods.build/Debug-iphonesimulator/ExpoNotifications.build/ExpoNotifications-all-non-framework-target-headers.hmap -Xcc -ivfsoverlay -Xcc /Users/tavishagarwal/Library/Developer/Xcode/DerivedData/Vybe-eypqtupuvqzwmybaqlzhbqpdfpou/Build/Intermediates.noindex/Pods.build/Debug-iphonesimulator/Pods-8699adb1dd336b26511df848a716bd42-VFS-iphonesimulator/all-product-headers.yaml -Xcc -iquote -Xcc /Users/tavishagarwal/Library/Developer/Xcode/DerivedData/Vybe-eypqtupuvqzwmybaqlzhbqpdfpou/Build/Intermediates.noindex/Pods.build/Debug-iphonesimulator/ExpoNotifications.build/ExpoNotifications-project-headers.hmap -Xcc -I/Users/tavishagarwal/Library/Developer/Xcode/DerivedData/Vybe-eypqtupuvqzwmybaqlzhbqpdfpou/Build/Products/Debug-iphonesimulator/ExpoNotifications/include -Xcc -I/Users/tavishagarwal/Desktop/Vybe/ios/Pods/Headers/Public -Xcc -I/Users/tavishagarwal/Desktop/Vybe/ios/Pods/Headers/Public/ExpoModulesCore -Xcc -I/Users/tavishagarwal/Desktop/Vybe/ios/Pods/Headers/Public/ExpoModulesJSI -Xcc -I/Users/tavishagarwal/Desktop/Vybe/ios/Pods/Headers/Public/FBLazyVector -Xcc -I/Users/tavishagarwal/Desktop/Vybe/ios/Pods/Headers/Public/RCTRequired -Xcc -I/Users/tavishagarwal/Desktop/Vybe/ios/Pods/Headers/Public/RCTSwiftUIWrapper -Xcc -I/Users/tavishagarwal/Desktop/Vybe/ios/Pods/Headers/Public/RCTTypeSafety -Xcc -I/Users/tavishagarwal/Desktop/Vybe/ios/Pods/Headers/Public/RNWorklets -Xcc -I/Users/tavishagarwal/Desktop/Vybe/ios/Pods/Headers/Public/React-Core -Xcc -I/Users/tavishagarwal/Desktop/Vybe/ios/Pods/Headers/Public/React-Core-prebuilt -Xcc -I/Users/tavishagarwal/Desktop/Vybe/ios/Pods/Headers/Public/React-CoreModules -Xcc -I/Users/tavishagarwal/Desktop/Vybe/ios/Pods/Headers/Public/React-Fabric -Xcc -I/Users/tavishagarwal/Desktop/Vybe/ios/Pods/Headers/Public/React-FabricComponents -Xcc -I/Users/tavishagarwal/Desktop/Vybe/ios/Pods/Headers/Public/React-FabricImage -Xcc -I/Users/tavishagarwal/Desktop/Vybe/ios/Pods/Headers/Public/React-ImageManager -Xcc -I/Users/tavishagarwal/Desktop/Vybe/ios/Pods/Headers/Public/React-Mapbuffer -Xcc -I/Users/tavishagarwal/Desktop/Vybe/ios/Pods/Headers/Public/React-NativeModulesApple -Xcc -I/Users/tavishagarwal/Desktop/Vybe/ios/Pods/Headers/Public/React-RCTAnimation -Xcc -I/Users/tavishagarwal/Desktop/Vybe/ios/Pods/Headers/Public/React-RCTBlob -Xcc -I/Users/tavishagarwal/Desktop/Vybe/ios/Pods/Headers/Public/React-RCTFBReactNativeSpec -Xcc -I/Users/tavishagarwal/Desktop/Vybe/ios/Pods/Headers/Public/React-RCTFabric -Xcc -I/Users/tavishagarwal/Desktop/Vybe/ios/Pods/Headers/Public/React-RCTImage -Xcc -I/Users/tavishagarwal/Desktop/Vybe/ios/Pods/Headers/Public/React-RCTRuntime -Xcc -I/Users/tavishagarwal/Desktop/Vybe/ios/Pods/Headers/Public/React-RCTText -Xcc -I/Users/tavishagarwal/Desktop/Vybe/ios/Pods/Headers/Public/React-RuntimeApple -Xcc -I/Users/tavishagarwal/Desktop/Vybe/ios/Pods/Headers/Public/React-RuntimeCore -Xcc -I/Users/tavishagarwal/Desktop/Vybe/ios/Pods/Headers/Public/React-RuntimeHermes -Xcc -I/Users/tavishagarwal/Desktop/Vybe/ios/Pods/Headers/Public/React-callinvoker -Xcc -I/Users/tavishagarwal/Desktop/Vybe/ios/Pods/Headers/Public/React-cxxreact -Xcc -I/Users/tavishagarwal/Desktop/Vybe/ios/Pods/Headers/Public/React-debug -Xcc -I/Users/tavishagarwal/Desktop/Vybe/ios/Pods/Headers/Public/React-defaultsnativemodule -Xcc -I/Users/tavishagarwal/Desktop/Vybe/ios/Pods/Headers/Public/React-domnativemodule -Xcc -I/Users/tavishagarwal/Desktop/Vybe/ios/Pods/Headers/Public/React-featureflags -Xcc -I/Users/tavishagarwal/Desktop/Vybe/ios/Pods/Headers/Public/React-featureflagsnativemodule -Xcc -I/Users/tavishagarwal/Desktop/Vybe/ios/Pods/Headers/Public/React-graphics -Xcc -I/Users/tavishagarwal/Desktop/Vybe/ios/Pods/Headers/Public/React-hermes -Xcc -I/Users/tavishagarwal/Desktop/Vybe/ios/Pods/Headers/Public/React-idlecallbacksnativemodule -Xcc -I/Users/tavishagarwal/Desktop/Vybe/ios/Pods/Headers/Public/React-intersectionobservernativemodule -Xcc -I/Users/tavishagarwal/Desktop/Vybe/ios/Pods/Headers/Public/React-jserrorhandler -Xcc -I/Users/tavishagarwal/Desktop/Vybe/ios/Pods/Headers/Public/React-jsi -Xcc -I/Users/tavishagarwal/Desktop/Vybe/ios/Pods/Headers/Public/React-jsiexecutor -Xcc -I/Users/tavishagarwal/Desktop/Vybe/ios/Pods/Headers/Public/React-jsinspector -Xcc -I/Users/tavishagarwal/Desktop/Vybe/ios/Pods/Headers/Public/React-jsinspectorcdp -Xcc -I/Users/tavishagarwal/Desktop/Vybe/ios/Pods/Headers/Public/React-jsinspectornetwork -Xcc -I/Users/tavishagarwal/Desktop/Vybe/ios/Pods/Headers/Public/React-jsinspectortracing -Xcc -I/Users/tavishagarwal/Desktop/Vybe/ios/Pods/Headers/Public/React-jsitooling -Xcc -I/Users/tavishagarwal/Desktop/Vybe/ios/Pods/Headers/Public/React-logger -Xcc -I/Users/tavishagarwal/Desktop/Vybe/ios/Pods/Headers/Public/React-microtasksnativemodule -Xcc -I/Users/tavishagarwal/Desktop/Vybe/ios/Pods/Headers/Public/React-networking -Xcc -I/Users/tavishagarwal/Desktop/Vybe/ios/Pods/Headers/Public/React-oscompat -Xcc -I/Users/tavishagarwal/Desktop/Vybe/ios/Pods/Headers/Public/React-perflogger -Xcc -I/Users/tavishagarwal/Desktop/Vybe/ios/Pods/Headers/Public/React-performancecdpmetrics -Xcc -I/Users/tavishagarwal/Desktop/Vybe/ios/Pods/Headers/Public/React-performancetimeline -Xcc -I/Users/tavishagarwal/Desktop/Vybe/ios/Pods/Headers/Public/React-rendererconsistency -Xcc -I/Users/tavishagarwal/Desktop/Vybe/ios/Pods/Headers/Public/React-renderercss -Xcc -I/Users/tavishagarwal/Desktop/Vybe/ios/Pods/Headers/Public/React-rendererdebug -Xcc -I/Users/tavishagarwal/Desktop/Vybe/ios/Pods/Headers/Public/React-runtimeexecutor -Xcc -I/Users/tavishagarwal/Desktop/Vybe/ios/Pods/Headers/Public/React-runtimescheduler -Xcc -I/Users/tavishagarwal/Desktop/Vybe/ios/Pods/Headers/Public/React-timing -Xcc -I/Users/tavishagarwal/Desktop/Vybe/ios/Pods/Headers/Public/React-utils -Xcc -I/Users/tavishagarwal/Desktop/Vybe/ios/Pods/Headers/Public/React-webperformancenativemodule -Xcc -I/Users/tavishagarwal/Desktop/Vybe/ios/Pods/Headers/Public/ReactCodegen -Xcc -I/Users/tavishagarwal/Desktop/Vybe/ios/Pods/Headers/Public/ReactCommon -Xcc -I/Users/tavishagarwal/Desktop/Vybe/ios/Pods/Headers/Public/ReactNativeDependencies -Xcc -I/Users/tavishagarwal/Desktop/Vybe/ios/Pods/Headers/Public/Yoga -Xcc -I/Users/tavishagarwal/Desktop/Vybe/ios/Pods/Headers/Public/hermes-engine -Xcc -I/Users/tavishagarwal/Library/Developer/Xcode/DerivedData/Vybe-eypqtupuvqzwmybaqlzhbqpdfpou/Build/Intermediates.noindex/Pods.build/Debug-iphonesimulator/ExpoNotifications.build/DerivedSources-normal/arm64 -Xcc -I/Users/tavishagarwal/Library/Developer/Xcode/DerivedData/Vybe-eypqtupuvqzwmybaqlzhbqpdfpou/Build/Intermediates.noindex/Pods.build/Debug-iphonesimulator/ExpoNotifications.build/DerivedSources/arm64 -Xcc -I/Users/tavishagarwal/Library/Developer/Xcode/DerivedData/Vybe-eypqtupuvqzwmybaqlzhbqpdfpou/Build/Intermediates.noindex/Pods.build/Debug-iphonesimulator/ExpoNotifications.build/DerivedSources -Xcc -DPOD_CONFIGURATION_DEBUG\=1 -Xcc -DDEBUG\=1 -Xcc -DCOCOAPODS\=1 -emit-objc-header -emit-objc-header-path /Users/tavishagarwal/Library/Developer/Xcode/DerivedData/Vybe-eypqtupuvqzwmybaqlzhbqpdfpou/Build/Intermediates.noindex/Pods.build/Debug-iphonesimulator/ExpoNotifications.build/Objects-normal/arm64/ExpoNotifications-Swift.h -working-directory /Users/tavishagarwal/Desktop/Vybe/ios/Pods -no-emit-module-separately-wmo

SwiftDriver ExpoMediaLibrary normal arm64 com.apple.xcode.tools.swift.compiler (in target 'ExpoMediaLibrary' from project 'Pods')
    cd /Users/tavishagarwal/Desktop/Vybe/ios/Pods
    builtin-SwiftDriver -- /Applications/Xcode.app/Contents/Developer/Toolchains/XcodeDefault.xctoolchain/usr/bin/swiftc -module-name ExpoMediaLibrary -Onone @/Users/tavishagarwal/Library/Developer/Xcode/DerivedData/Vybe-eypqtupuvqzwmybaqlzhbqpdfpou/Build/Intermediates.noindex/Pods.build/Debug-iphonesimulator/ExpoMediaLibrary.build/Objects-normal/arm64/ExpoMediaLibrary.SwiftFileList -DDEBUG -D COCOAPODS -Xcc -fmodule-map-file\=/Users/tavishagarwal/Library/Developer/Xcode/DerivedData/Vybe-eypqtupuvqzwmybaqlzhbqpdfpou/Build/Products/Debug-iphonesimulator/ExpoModulesCore/ExpoModulesCore.modulemap -Xcc -fmodule-map-file\=/Users/tavishagarwal/Library/Developer/Xcode/DerivedData/Vybe-eypqtupuvqzwmybaqlzhbqpdfpou/Build/Products/Debug-iphonesimulator/RCTSwiftUI/RCTSwiftUI.modulemap -Xcc -fmodule-map-file\=/Users/tavishagarwal/Desktop/Vybe/ios/Pods/Headers/Public/ExpoModulesJSI/ExpoModulesJSI.modulemap -Xcc -fmodule-map-file\=/Users/tavishagarwal/Desktop/Vybe/ios/Pods/Headers/Public/RNWorklets/RNWorklets.modulemap -Xcc -fmodule-map-file\=/Users/tavishagarwal/Desktop/Vybe/ios/Pods/Headers/Public/ReactCodegen/ReactCodegen.modulemap -import-underlying-module -Xcc -fmodule-map-file\=/Users/tavishagarwal/Desktop/Vybe/ios/Pods/Headers/Public/ExpoMediaLibrary/ExpoMediaLibrary.modulemap -enable-bare-slash-regex -enable-experimental-feature DebugDescriptionMacro -sdk /Applications/Xcode.app/Contents/Developer/Platforms/iPhoneSimulator.platform/Developer/SDKs/iPhoneSimulator26.4.sdk -target arm64-apple-ios15.1-simulator -g -module-cache-path /Users/tavishagarwal/Library/Developer/Xcode/DerivedData/ModuleCache.noindex -Xfrontend -serialize-debugging-options -enable-testing -index-store-path /Users/tavishagarwal/Library/Developer/Xcode/DerivedData/Vybe-eypqtupuvqzwmybaqlzhbqpdfpou/Index.noindex/DataStore -Xcc -D_LIBCPP_HARDENING_MODE\=_LIBCPP_HARDENING_MODE_DEBUG -swift-version 5 -I /Users/tavishagarwal/Library/Developer/Xcode/DerivedData/Vybe-eypqtupuvqzwmybaqlzhbqpdfpou/Build/Products/Debug-iphonesimulator/ExpoMediaLibrary -I /Users/tavishagarwal/Library/Developer/Xcode/DerivedData/Vybe-eypqtupuvqzwmybaqlzhbqpdfpou/Build/Products/Debug-iphonesimulator/ExpoModulesCore -I /Users/tavishagarwal/Library/Developer/Xcode/DerivedData/Vybe-eypqtupuvqzwmybaqlzhbqpdfpou/Build/Products/Debug-iphonesimulator/RCTSwiftUI -F /Users/tavishagarwal/Library/Developer/Xcode/DerivedData/Vybe-eypqtupuvqzwmybaqlzhbqpdfpou/Build/Products/Debug-iphonesimulator/ExpoMediaLibrary -F /Users/tavishagarwal/Desktop/Vybe/ios/Pods/React-Core-prebuilt -F /Users/tavishagarwal/Desktop/Vybe/ios/Pods/ReactNativeDependencies/framework/packages/react-native -F /Users/tavishagarwal/Desktop/Vybe/ios/Pods/hermes-engine/destroot/Library/Frameworks/universal -F /Users/tavishagarwal/Library/Developer/Xcode/DerivedData/Vybe-eypqtupuvqzwmybaqlzhbqpdfpou/Build/Products/Debug-iphonesimulator/XCFrameworkIntermediates/React-Core-prebuilt -F /Users/tavishagarwal/Library/Developer/Xcode/DerivedData/Vybe-eypqtupuvqzwmybaqlzhbqpdfpou/Build/Products/Debug-iphonesimulator/XCFrameworkIntermediates/ReactNativeDependencies -F /Users/tavishagarwal/Library/Developer/Xcode/DerivedData/Vybe-eypqtupuvqzwmybaqlzhbqpdfpou/Build/Products/Debug-iphonesimulator/XCFrameworkIntermediates/hermes-engine/Pre-built -c -j10 -enable-batch-mode -incremental -Xcc -ivfsstatcache -Xcc /Users/tavishagarwal/Library/Developer/Xcode/DerivedData/SDKStatCaches.noindex/iphonesimulator26.4-23E252-686eebb5dc1d8ecb277353a59184f4aa.sdkstatcache -output-file-map /Users/tavishagarwal/Library/Developer/Xcode/DerivedData/Vybe-eypqtupuvqzwmybaqlzhbqpdfpou/Build/Intermediates.noindex/Pods.build/Debug-iphonesimulator/ExpoMediaLibrary.build/Objects-normal/arm64/ExpoMediaLibrary-OutputFileMap.json -use-frontend-parseable-output -save-temps -no-color-diagnostics -serialize-diagnostics -emit-dependencies -emit-module -emit-module-path /Users/tavishagarwal/Library/Developer/Xcode/DerivedData/Vybe-eypqtupuvqzwmybaqlzhbqpdfpou/Build/Intermediates.noindex/Pods.build/Debug-iphonesimulator/ExpoMediaLibrary.build/Objects-normal/arm64/ExpoMediaLibrary.swiftmodule -validate-clang-modules-once -clang-build-session-file /Users/tavishagarwal/Library/Developer/Xcode/DerivedData/ModuleCache.noindex/Session.modulevalidation -Xcc -I/Users/tavishagarwal/Library/Developer/Xcode/DerivedData/Vybe-eypqtupuvqzwmybaqlzhbqpdfpou/Build/Intermediates.noindex/Pods.build/Debug-iphonesimulator/ExpoMediaLibrary.build/swift-overrides.hmap -emit-const-values -Xfrontend -const-gather-protocols-file -Xfrontend /Users/tavishagarwal/Library/Developer/Xcode/DerivedData/Vybe-eypqtupuvqzwmybaqlzhbqpdfpou/Build/Intermediates.noindex/Pods.build/Debug-iphonesimulator/ExpoMediaLibrary.build/Objects-normal/arm64/ExpoMediaLibrary_const_extract_protocols.json -Xcc -iquote -Xcc /Users/tavishagarwal/Library/Developer/Xcode/DerivedData/Vybe-eypqtupuvqzwmybaqlzhbqpdfpou/Build/Intermediates.noindex/Pods.build/Debug-iphonesimulator/ExpoMediaLibrary.build/ExpoMediaLibrary-generated-files.hmap -Xcc -I/Users/tavishagarwal/Library/Developer/Xcode/DerivedData/Vybe-eypqtupuvqzwmybaqlzhbqpdfpou/Build/Intermediates.noindex/Pods.build/Debug-iphonesimulator/ExpoMediaLibrary.build/ExpoMediaLibrary-own-target-headers.hmap -Xcc -I/Users/tavishagarwal/Library/Developer/Xcode/DerivedData/Vybe-eypqtupuvqzwmybaqlzhbqpdfpou/Build/Intermediates.noindex/Pods.build/Debug-iphonesimulator/ExpoMediaLibrary.build/ExpoMediaLibrary-all-non-framework-target-headers.hmap -Xcc -ivfsoverlay -Xcc /Users/tavishagarwal/Library/Developer/Xcode/DerivedData/Vybe-eypqtupuvqzwmybaqlzhbqpdfpou/Build/Intermediates.noindex/Pods.build/Debug-iphonesimulator/Pods-8699adb1dd336b26511df848a716bd42-VFS-iphonesimulator/all-product-headers.yaml -Xcc -iquote -Xcc /Users/tavishagarwal/Library/Developer/Xcode/DerivedData/Vybe-eypqtupuvqzwmybaqlzhbqpdfpou/Build/Intermediates.noindex/Pods.build/Debug-iphonesimulator/ExpoMediaLibrary.build/ExpoMediaLibrary-project-headers.hmap -Xcc -I/Users/tavishagarwal/Library/Developer/Xcode/DerivedData/Vybe-eypqtupuvqzwmybaqlzhbqpdfpou/Build/Products/Debug-iphonesimulator/ExpoMediaLibrary/include -Xcc -I/Users/tavishagarwal/Desktop/Vybe/ios/Pods/Headers/Private -Xcc -I/Users/tavishagarwal/Desktop/Vybe/ios/Pods/Headers/Private/ExpoMediaLibrary -Xcc -I/Users/tavishagarwal/Desktop/Vybe/ios/Pods/Headers/Public -Xcc -I/Users/tavishagarwal/Desktop/Vybe/ios/Pods/Headers/Public/ExpoModulesCore -Xcc -I/Users/tavishagarwal/Desktop/Vybe/ios/Pods/Headers/Public/ExpoModulesJSI -Xcc -I/Users/tavishagarwal/Desktop/Vybe/ios/Pods/Headers/Public/FBLazyVector -Xcc -I/Users/tavishagarwal/Desktop/Vybe/ios/Pods/Headers/Public/RCTRequired -Xcc -I/Users/tavishagarwal/Desktop/Vybe/ios/Pods/Headers/Public/RCTSwiftUIWrapper -Xcc -I/Users/tavishagarwal/Desktop/Vybe/ios/Pods/Headers/Public/RCTTypeSafety -Xcc -I/Users/tavishagarwal/Desktop/Vybe/ios/Pods/Headers/Public/RNWorklets -Xcc -I/Users/tavishagarwal/Desktop/Vybe/ios/Pods/Headers/Public/React-Core -Xcc -I/Users/tavishagarwal/Desktop/Vybe/ios/Pods/Headers/Public/React-Core-prebuilt -Xcc -I/Users/tavishagarwal/Desktop/Vybe/ios/Pods/Headers/Public/React-CoreModules -Xcc -I/Users/tavishagarwal/Desktop/Vybe/ios/Pods/Headers/Public/React-Fabric -Xcc -I/Users/tavishagarwal/Desktop/Vybe/ios/Pods/Headers/Public/React-FabricComponents -Xcc -I/Users/tavishagarwal/Desktop/Vybe/ios/Pods/Headers/Public/React-FabricImage -Xcc -I/Users/tavishagarwal/Desktop/Vybe/ios/Pods/Headers/Public/React-ImageManager -Xcc -I/Users/tavishagarwal/Desktop/Vybe/ios/Pods/Headers/Public/React-Mapbuffer -Xcc -I/Users/tavishagarwal/Desktop/Vybe/ios/Pods/Headers/Public/React-NativeModulesApple -Xcc -I/Users/tavishagarwal/Desktop/Vybe/ios/Pods/Headers/Public/React-RCTAnimation -Xcc -I/Users/tavishagarwal/Desktop/Vybe/ios/Pods/Headers/Public/React-RCTBlob -Xcc -I/Users/tavishagarwal/Desktop/Vybe/ios/Pods/Headers/Public/React-RCTFBReactNativeSpec -Xcc -I/Users/tavishagarwal/Desktop/Vybe/ios/Pods/Headers/Public/React-RCTFabric -Xcc -I/Users/tavishagarwal/Desktop/Vybe/ios/Pods/Headers/Public/React-RCTImage -Xcc -I/Users/tavishagarwal/Desktop/Vybe/ios/Pods/Headers/Public/React-RCTRuntime -Xcc -I/Users/tavishagarwal/Desktop/Vybe/ios/Pods/Headers/Public/React-RCTText -Xcc -I/Users/tavishagarwal/Desktop/Vybe/ios/Pods/Headers/Public/React-RuntimeApple -Xcc -I/Users/tavishagarwal/Desktop/Vybe/ios/Pods/Headers/Public/React-RuntimeCore -Xcc -I/Users/tavishagarwal/Desktop/Vybe/ios/Pods/Headers/Public/React-RuntimeHermes -Xcc -I/Users/tavishagarwal/Desktop/Vybe/ios/Pods/Headers/Public/React-callinvoker -Xcc -I/Users/tavishagarwal/Desktop/Vybe/ios/Pods/Headers/Public/React-cxxreact -Xcc -I/Users/tavishagarwal/Desktop/Vybe/ios/Pods/Headers/Public/React-debug -Xcc -I/Users/tavishagarwal/Desktop/Vybe/ios/Pods/Headers/Public/React-defaultsnativemodule -Xcc -I/Users/tavishagarwal/Desktop/Vybe/ios/Pods/Headers/Public/React-domnativemodule -Xcc -I/Users/tavishagarwal/Desktop/Vybe/ios/Pods/Headers/Public/React-featureflags -Xcc -I/Users/tavishagarwal/Desktop/Vybe/ios/Pods/Headers/Public/React-featureflagsnativemodule -Xcc -I/Users/tavishagarwal/Desktop/Vybe/ios/Pods/Headers/Public/React-graphics -Xcc -I/Users/tavishagarwal/Desktop/Vybe/ios/Pods/Headers/Public/React-hermes -Xcc -I/Users/tavishagarwal/Desktop/Vybe/ios/Pods/Headers/Public/React-idlecallbacksnativemodule -Xcc -I/Users/tavishagarwal/Desktop/Vybe/ios/Pods/Headers/Public/React-intersectionobservernativemodule -Xcc -I/Users/tavishagarwal/Desktop/Vybe/ios/Pods/Headers/Public/React-jserrorhandler -Xcc -I/Users/tavishagarwal/Desktop/Vybe/ios/Pods/Headers/Public/React-jsi -Xcc -I/Users/tavishagarwal/Desktop/Vybe/ios/Pods/Headers/Public/React-jsiexecutor -Xcc -I/Users/tavishagarwal/Desktop/Vybe/ios/Pods/Headers/Public/React-jsinspector -Xcc -I/Users/tavishagarwal/Desktop/Vybe/ios/Pods/Headers/Public/React-jsinspectorcdp -Xcc -I/Users/tavishagarwal/Desktop/Vybe/ios/Pods/Headers/Public/React-jsinspectornetwork -Xcc -I/Users/tavishagarwal/Desktop/Vybe/ios/Pods/Headers/Public/React-jsinspectortracing -Xcc -I/Users/tavishagarwal/Desktop/Vybe/ios/Pods/Headers/Public/React-jsitooling -Xcc -I/Users/tavishagarwal/Desktop/Vybe/ios/Pods/Headers/Public/React-logger -Xcc -I/Users/tavishagarwal/Desktop/Vybe/ios/Pods/Headers/Public/React-microtasksnativemodule -Xcc -I/Users/tavishagarwal/Desktop/Vybe/ios/Pods/Headers/Public/React-networking -Xcc -I/Users/tavishagarwal/Desktop/Vybe/ios/Pods/Headers/Public/React-oscompat -Xcc -I/Users/tavishagarwal/Desktop/Vybe/ios/Pods/Headers/Public/React-perflogger -Xcc -I/Users/tavishagarwal/Desktop/Vybe/ios/Pods/Headers/Public/React-performancecdpmetrics -Xcc -I/Users/tavishagarwal/Desktop/Vybe/ios/Pods/Headers/Public/React-performancetimeline -Xcc -I/Users/tavishagarwal/Desktop/Vybe/ios/Pods/Headers/Public/React-rendererconsistency -Xcc -I/Users/tavishagarwal/Desktop/Vybe/ios/Pods/Headers/Public/React-renderercss -Xcc -I/Users/tavishagarwal/Desktop/Vybe/ios/Pods/Headers/Public/React-rendererdebug -Xcc -I/Users/tavishagarwal/Desktop/Vybe/ios/Pods/Headers/Public/React-runtimeexecutor -Xcc -I/Users/tavishagarwal/Desktop/Vybe/ios/Pods/Headers/Public/React-runtimescheduler -Xcc -I/Users/tavishagarwal/Desktop/Vybe/ios/Pods/Headers/Public/React-timing -Xcc -I/Users/tavishagarwal/Desktop/Vybe/ios/Pods/Headers/Public/React-utils -Xcc -I/Users/tavishagarwal/Desktop/Vybe/ios/Pods/Headers/Public/React-webperformancenativemodule -Xcc -I/Users/tavishagarwal/Desktop/Vybe/ios/Pods/Headers/Public/ReactCodegen -Xcc -I/Users/tavishagarwal/Desktop/Vybe/ios/Pods/Headers/Public/ReactCommon -Xcc -I/Users/tavishagarwal/Desktop/Vybe/ios/Pods/Headers/Public/ReactNativeDependencies -Xcc -I/Users/tavishagarwal/Desktop/Vybe/ios/Pods/Headers/Public/Yoga -Xcc -I/Users/tavishagarwal/Desktop/Vybe/ios/Pods/Headers/Public/hermes-engine -Xcc -I/Users/tavishagarwal/Library/Developer/Xcode/DerivedData/Vybe-eypqtupuvqzwmybaqlzhbqpdfpou/Build/Intermediates.noindex/Pods.build/Debug-iphonesimulator/ExpoMediaLibrary.build/DerivedSources-normal/arm64 -Xcc -I/Users/tavishagarwal/Library/Developer/Xcode/DerivedData/Vybe-eypqtupuvqzwmybaqlzhbqpdfpou/Build/Intermediates.noindex/Pods.build/Debug-iphonesimulator/ExpoMediaLibrary.build/DerivedSources/arm64 -Xcc -I/Users/tavishagarwal/Library/Developer/Xcode/DerivedData/Vybe-eypqtupuvqzwmybaqlzhbqpdfpou/Build/Intermediates.noindex/Pods.build/Debug-iphonesimulator/ExpoMediaLibrary.build/DerivedSources -Xcc -DPOD_CONFIGURATION_DEBUG\=1 -Xcc -DDEBUG\=1 -Xcc -DCOCOAPODS\=1 -emit-objc-header -emit-objc-header-path /Users/tavishagarwal/Library/Developer/Xcode/DerivedData/Vybe-eypqtupuvqzwmybaqlzhbqpdfpou/Build/Intermediates.noindex/Pods.build/Debug-iphonesimulator/ExpoMediaLibrary.build/Objects-normal/arm64/ExpoMediaLibrary-Swift.h -working-directory /Users/tavishagarwal/Desktop/Vybe/ios/Pods -experimental-emit-module-separately -disable-cmo

SwiftDriver ExpoImagePicker normal arm64 com.apple.xcode.tools.swift.compiler (in target 'ExpoImagePicker' from project 'Pods')
    cd /Users/tavishagarwal/Desktop/Vybe/ios/Pods
    builtin-SwiftDriver -- /Applications/Xcode.app/Contents/Developer/Toolchains/XcodeDefault.xctoolchain/usr/bin/swiftc -module-name ExpoImagePicker -Onone -whole-module-optimization @/Users/tavishagarwal/Library/Developer/Xcode/DerivedData/Vybe-eypqtupuvqzwmybaqlzhbqpdfpou/Build/Intermediates.noindex/Pods.build/Debug-iphonesimulator/ExpoImagePicker.build/Objects-normal/arm64/ExpoImagePicker.SwiftFileList -DDEBUG -D COCOAPODS -Xcc -fmodule-map-file\=/Users/tavishagarwal/Library/Developer/Xcode/DerivedData/Vybe-eypqtupuvqzwmybaqlzhbqpdfpou/Build/Products/Debug-iphonesimulator/ExpoModulesCore/ExpoModulesCore.modulemap -Xcc -fmodule-map-file\=/Users/tavishagarwal/Library/Developer/Xcode/DerivedData/Vybe-eypqtupuvqzwmybaqlzhbqpdfpou/Build/Products/Debug-iphonesimulator/RCTSwiftUI/RCTSwiftUI.modulemap -Xcc -fmodule-map-file\=/Users/tavishagarwal/Desktop/Vybe/ios/Pods/Headers/Public/ExpoModulesJSI/ExpoModulesJSI.modulemap -Xcc -fmodule-map-file\=/Users/tavishagarwal/Desktop/Vybe/ios/Pods/Headers/Public/RNWorklets/RNWorklets.modulemap -Xcc -fmodule-map-file\=/Users/tavishagarwal/Desktop/Vybe/ios/Pods/Headers/Public/ReactCodegen/ReactCodegen.modulemap -import-underlying-module -Xcc -fmodule-map-file\=/Users/tavishagarwal/Desktop/Vybe/ios/Pods/Headers/Public/ExpoImagePicker/ExpoImagePicker.modulemap -enable-bare-slash-regex -enable-experimental-feature DebugDescriptionMacro -sdk /Applications/Xcode.app/Contents/Developer/Platforms/iPhoneSimulator.platform/Developer/SDKs/iPhoneSimulator26.4.sdk -target arm64-apple-ios15.1-simulator -g -module-cache-path /Users/tavishagarwal/Library/Developer/Xcode/DerivedData/ModuleCache.noindex -Xfrontend -serialize-debugging-options -enable-testing -index-store-path /Users/tavishagarwal/Library/Developer/Xcode/DerivedData/Vybe-eypqtupuvqzwmybaqlzhbqpdfpou/Index.noindex/DataStore -Xcc -D_LIBCPP_HARDENING_MODE\=_LIBCPP_HARDENING_MODE_DEBUG -swift-version 5 -I /Users/tavishagarwal/Library/Developer/Xcode/DerivedData/Vybe-eypqtupuvqzwmybaqlzhbqpdfpou/Build/Products/Debug-iphonesimulator/ExpoImagePicker -I /Users/tavishagarwal/Library/Developer/Xcode/DerivedData/Vybe-eypqtupuvqzwmybaqlzhbqpdfpou/Build/Products/Debug-iphonesimulator/ExpoModulesCore -I /Users/tavishagarwal/Library/Developer/Xcode/DerivedData/Vybe-eypqtupuvqzwmybaqlzhbqpdfpou/Build/Products/Debug-iphonesimulator/RCTSwiftUI -F /Users/tavishagarwal/Library/Developer/Xcode/DerivedData/Vybe-eypqtupuvqzwmybaqlzhbqpdfpou/Build/Products/Debug-iphonesimulator/ExpoImagePicker -F /Users/tavishagarwal/Desktop/Vybe/ios/Pods/React-Core-prebuilt -F /Users/tavishagarwal/Desktop/Vybe/ios/Pods/ReactNativeDependencies/framework/packages/react-native -F /Users/tavishagarwal/Desktop/Vybe/ios/Pods/hermes-engine/destroot/Library/Frameworks/universal -F /Users/tavishagarwal/Library/Developer/Xcode/DerivedData/Vybe-eypqtupuvqzwmybaqlzhbqpdfpou/Build/Products/Debug-iphonesimulator/XCFrameworkIntermediates/React-Core-prebuilt -F /Users/tavishagarwal/Library/Developer/Xcode/DerivedData/Vybe-eypqtupuvqzwmybaqlzhbqpdfpou/Build/Products/Debug-iphonesimulator/XCFrameworkIntermediates/ReactNativeDependencies -F /Users/tavishagarwal/Library/Developer/Xcode/DerivedData/Vybe-eypqtupuvqzwmybaqlzhbqpdfpou/Build/Products/Debug-iphonesimulator/XCFrameworkIntermediates/hermes-engine/Pre-built -c -num-threads 10 -Xcc -ivfsstatcache -Xcc /Users/tavishagarwal/Library/Developer/Xcode/DerivedData/SDKStatCaches.noindex/iphonesimulator26.4-23E252-686eebb5dc1d8ecb277353a59184f4aa.sdkstatcache -output-file-map /Users/tavishagarwal/Library/Developer/Xcode/DerivedData/Vybe-eypqtupuvqzwmybaqlzhbqpdfpou/Build/Intermediates.noindex/Pods.build/Debug-iphonesimulator/ExpoImagePicker.build/Objects-normal/arm64/ExpoImagePicker-OutputFileMap.json -use-frontend-parseable-output -save-temps -no-color-diagnostics -serialize-diagnostics -emit-dependencies -emit-module -emit-module-path /Users/tavishagarwal/Library/Developer/Xcode/DerivedData/Vybe-eypqtupuvqzwmybaqlzhbqpdfpou/Build/Intermediates.noindex/Pods.build/Debug-iphonesimulator/ExpoImagePicker.build/Objects-normal/arm64/ExpoImagePicker.swiftmodule -validate-clang-modules-once -clang-build-session-file /Users/tavishagarwal/Library/Developer/Xcode/DerivedData/ModuleCache.noindex/Session.modulevalidation -Xcc -I/Users/tavishagarwal/Library/Developer/Xcode/DerivedData/Vybe-eypqtupuvqzwmybaqlzhbqpdfpou/Build/Intermediates.noindex/Pods.build/Debug-iphonesimulator/ExpoImagePicker.build/swift-overrides.hmap -emit-const-values -Xfrontend -const-gather-protocols-file -Xfrontend /Users/tavishagarwal/Library/Developer/Xcode/DerivedData/Vybe-eypqtupuvqzwmybaqlzhbqpdfpou/Build/Intermediates.noindex/Pods.build/Debug-iphonesimulator/ExpoImagePicker.build/Objects-normal/arm64/ExpoImagePicker_const_extract_protocols.json -Xcc -iquote -Xcc /Users/tavishagarwal/Library/Developer/Xcode/DerivedData/Vybe-eypqtupuvqzwmybaqlzhbqpdfpou/Build/Intermediates.noindex/Pods.build/Debug-iphonesimulator/ExpoImagePicker.build/ExpoImagePicker-generated-files.hmap -Xcc -I/Users/tavishagarwal/Library/Developer/Xcode/DerivedData/Vybe-eypqtupuvqzwmybaqlzhbqpdfpou/Build/Intermediates.noindex/Pods.build/Debug-iphonesimulator/ExpoImagePicker.build/ExpoImagePicker-own-target-headers.hmap -Xcc -I/Users/tavishagarwal/Library/Developer/Xcode/DerivedData/Vybe-eypqtupuvqzwmybaqlzhbqpdfpou/Build/Intermediates.noindex/Pods.build/Debug-iphonesimulator/ExpoImagePicker.build/ExpoImagePicker-all-non-framework-target-headers.hmap -Xcc -ivfsoverlay -Xcc /Users/tavishagarwal/Library/Developer/Xcode/DerivedData/Vybe-eypqtupuvqzwmybaqlzhbqpdfpou/Build/Intermediates.noindex/Pods.build/Debug-iphonesimulator/Pods-8699adb1dd336b26511df848a716bd42-VFS-iphonesimulator/all-product-headers.yaml -Xcc -iquote -Xcc /Users/tavishagarwal/Library/Developer/Xcode/DerivedData/Vybe-eypqtupuvqzwmybaqlzhbqpdfpou/Build/Intermediates.noindex/Pods.build/Debug-iphonesimulator/ExpoImagePicker.build/ExpoImagePicker-project-headers.hmap -Xcc -I/Users/tavishagarwal/Library/Developer/Xcode/DerivedData/Vybe-eypqtupuvqzwmybaqlzhbqpdfpou/Build/Products/Debug-iphonesimulator/ExpoImagePicker/include -Xcc -I/Users/tavishagarwal/Desktop/Vybe/ios/Pods/Headers/Public -Xcc -I/Users/tavishagarwal/Desktop/Vybe/ios/Pods/Headers/Public/ExpoModulesCore -Xcc -I/Users/tavishagarwal/Desktop/Vybe/ios/Pods/Headers/Public/ExpoModulesJSI -Xcc -I/Users/tavishagarwal/Desktop/Vybe/ios/Pods/Headers/Public/FBLazyVector -Xcc -I/Users/tavishagarwal/Desktop/Vybe/ios/Pods/Headers/Public/RCTRequired -Xcc -I/Users/tavishagarwal/Desktop/Vybe/ios/Pods/Headers/Public/RCTSwiftUIWrapper -Xcc -I/Users/tavishagarwal/Desktop/Vybe/ios/Pods/Headers/Public/RCTTypeSafety -Xcc -I/Users/tavishagarwal/Desktop/Vybe/ios/Pods/Headers/Public/RNWorklets -Xcc -I/Users/tavishagarwal/Desktop/Vybe/ios/Pods/Headers/Public/React-Core -Xcc -I/Users/tavishagarwal/Desktop/Vybe/ios/Pods/Headers/Public/React-Core-prebuilt -Xcc -I/Users/tavishagarwal/Desktop/Vybe/ios/Pods/Headers/Public/React-CoreModules -Xcc -I/Users/tavishagarwal/Desktop/Vybe/ios/Pods/Headers/Public/React-Fabric -Xcc -I/Users/tavishagarwal/Desktop/Vybe/ios/Pods/Headers/Public/React-FabricComponents -Xcc -I/Users/tavishagarwal/Desktop/Vybe/ios/Pods/Headers/Public/React-FabricImage -Xcc -I/Users/tavishagarwal/Desktop/Vybe/ios/Pods/Headers/Public/React-ImageManager -Xcc -I/Users/tavishagarwal/Desktop/Vybe/ios/Pods/Headers/Public/React-Mapbuffer -Xcc -I/Users/tavishagarwal/Desktop/Vybe/ios/Pods/Headers/Public/React-NativeModulesApple -Xcc -I/Users/tavishagarwal/Desktop/Vybe/ios/Pods/Headers/Public/React-RCTAnimation -Xcc -I/Users/tavishagarwal/Desktop/Vybe/ios/Pods/Headers/Public/React-RCTBlob -Xcc -I/Users/tavishagarwal/Desktop/Vybe/ios/Pods/Headers/Public/React-RCTFBReactNativeSpec -Xcc -I/Users/tavishagarwal/Desktop/Vybe/ios/Pods/Headers/Public/React-RCTFabric -Xcc -I/Users/tavishagarwal/Desktop/Vybe/ios/Pods/Headers/Public/React-RCTImage -Xcc -I/Users/tavishagarwal/Desktop/Vybe/ios/Pods/Headers/Public/React-RCTRuntime -Xcc -I/Users/tavishagarwal/Desktop/Vybe/ios/Pods/Headers/Public/React-RCTText -Xcc -I/Users/tavishagarwal/Desktop/Vybe/ios/Pods/Headers/Public/React-RuntimeApple -Xcc -I/Users/tavishagarwal/Desktop/Vybe/ios/Pods/Headers/Public/React-RuntimeCore -Xcc -I/Users/tavishagarwal/Desktop/Vybe/ios/Pods/Headers/Public/React-RuntimeHermes -Xcc -I/Users/tavishagarwal/Desktop/Vybe/ios/Pods/Headers/Public/React-callinvoker -Xcc -I/Users/tavishagarwal/Desktop/Vybe/ios/Pods/Headers/Public/React-cxxreact -Xcc -I/Users/tavishagarwal/Desktop/Vybe/ios/Pods/Headers/Public/React-debug -Xcc -I/Users/tavishagarwal/Desktop/Vybe/ios/Pods/Headers/Public/React-defaultsnativemodule -Xcc -I/Users/tavishagarwal/Desktop/Vybe/ios/Pods/Headers/Public/React-domnativemodule -Xcc -I/Users/tavishagarwal/Desktop/Vybe/ios/Pods/Headers/Public/React-featureflags -Xcc -I/Users/tavishagarwal/Desktop/Vybe/ios/Pods/Headers/Public/React-featureflagsnativemodule -Xcc -I/Users/tavishagarwal/Desktop/Vybe/ios/Pods/Headers/Public/React-graphics -Xcc -I/Users/tavishagarwal/Desktop/Vybe/ios/Pods/Headers/Public/React-hermes -Xcc -I/Users/tavishagarwal/Desktop/Vybe/ios/Pods/Headers/Public/React-idlecallbacksnativemodule -Xcc -I/Users/tavishagarwal/Desktop/Vybe/ios/Pods/Headers/Public/React-intersectionobservernativemodule -Xcc -I/Users/tavishagarwal/Desktop/Vybe/ios/Pods/Headers/Public/React-jserrorhandler -Xcc -I/Users/tavishagarwal/Desktop/Vybe/ios/Pods/Headers/Public/React-jsi -Xcc -I/Users/tavishagarwal/Desktop/Vybe/ios/Pods/Headers/Public/React-jsiexecutor -Xcc -I/Users/tavishagarwal/Desktop/Vybe/ios/Pods/Headers/Public/React-jsinspector -Xcc -I/Users/tavishagarwal/Desktop/Vybe/ios/Pods/Headers/Public/React-jsinspectorcdp -Xcc -I/Users/tavishagarwal/Desktop/Vybe/ios/Pods/Headers/Public/React-jsinspectornetwork -Xcc -I/Users/tavishagarwal/Desktop/Vybe/ios/Pods/Headers/Public/React-jsinspectortracing -Xcc -I/Users/tavishagarwal/Desktop/Vybe/ios/Pods/Headers/Public/React-jsitooling -Xcc -I/Users/tavishagarwal/Desktop/Vybe/ios/Pods/Headers/Public/React-logger -Xcc -I/Users/tavishagarwal/Desktop/Vybe/ios/Pods/Headers/Public/React-microtasksnativemodule -Xcc -I/Users/tavishagarwal/Desktop/Vybe/ios/Pods/Headers/Public/React-networking -Xcc -I/Users/tavishagarwal/Desktop/Vybe/ios/Pods/Headers/Public/React-oscompat -Xcc -I/Users/tavishagarwal/Desktop/Vybe/ios/Pods/Headers/Public/React-perflogger -Xcc -I/Users/tavishagarwal/Desktop/Vybe/ios/Pods/Headers/Public/React-performancecdpmetrics -Xcc -I/Users/tavishagarwal/Desktop/Vybe/ios/Pods/Headers/Public/React-performancetimeline -Xcc -I/Users/tavishagarwal/Desktop/Vybe/ios/Pods/Headers/Public/React-rendererconsistency -Xcc -I/Users/tavishagarwal/Desktop/Vybe/ios/Pods/Headers/Public/React-renderercss -Xcc -I/Users/tavishagarwal/Desktop/Vybe/ios/Pods/Headers/Public/React-rendererdebug -Xcc -I/Users/tavishagarwal/Desktop/Vybe/ios/Pods/Headers/Public/React-runtimeexecutor -Xcc -I/Users/tavishagarwal/Desktop/Vybe/ios/Pods/Headers/Public/React-runtimescheduler -Xcc -I/Users/tavishagarwal/Desktop/Vybe/ios/Pods/Headers/Public/React-timing -Xcc -I/Users/tavishagarwal/Desktop/Vybe/ios/Pods/Headers/Public/React-utils -Xcc -I/Users/tavishagarwal/Desktop/Vybe/ios/Pods/Headers/Public/React-webperformancenativemodule -Xcc -I/Users/tavishagarwal/Desktop/Vybe/ios/Pods/Headers/Public/ReactCodegen -Xcc -I/Users/tavishagarwal/Desktop/Vybe/ios/Pods/Headers/Public/ReactCommon -Xcc -I/Users/tavishagarwal/Desktop/Vybe/ios/Pods/Headers/Public/ReactNativeDependencies -Xcc -I/Users/tavishagarwal/Desktop/Vybe/ios/Pods/Headers/Public/Yoga -Xcc -I/Users/tavishagarwal/Desktop/Vybe/ios/Pods/Headers/Public/hermes-engine -Xcc -I/Users/tavishagarwal/Library/Developer/Xcode/DerivedData/Vybe-eypqtupuvqzwmybaqlzhbqpdfpou/Build/Intermediates.noindex/Pods.build/Debug-iphonesimulator/ExpoImagePicker.build/DerivedSources-normal/arm64 -Xcc -I/Users/tavishagarwal/Library/Developer/Xcode/DerivedData/Vybe-eypqtupuvqzwmybaqlzhbqpdfpou/Build/Intermediates.noindex/Pods.build/Debug-iphonesimulator/ExpoImagePicker.build/DerivedSources/arm64 -Xcc -I/Users/tavishagarwal/Library/Developer/Xcode/DerivedData/Vybe-eypqtupuvqzwmybaqlzhbqpdfpou/Build/Intermediates.noindex/Pods.build/Debug-iphonesimulator/ExpoImagePicker.build/DerivedSources -Xcc -DPOD_CONFIGURATION_DEBUG\=1 -Xcc -DDEBUG\=1 -Xcc -DCOCOAPODS\=1 -emit-objc-header -emit-objc-header-path /Users/tavishagarwal/Library/Developer/Xcode/DerivedData/Vybe-eypqtupuvqzwmybaqlzhbqpdfpou/Build/Intermediates.noindex/Pods.build/Debug-iphonesimulator/ExpoImagePicker.build/Objects-normal/arm64/ExpoImagePicker-Swift.h -working-directory /Users/tavishagarwal/Desktop/Vybe/ios/Pods -no-emit-module-separately-wmo

SwiftDriver ExpoImage normal arm64 com.apple.xcode.tools.swift.compiler (in target 'ExpoImage' from project 'Pods')
    cd /Users/tavishagarwal/Desktop/Vybe/ios/Pods
    builtin-SwiftDriver -- /Applications/Xcode.app/Contents/Developer/Toolchains/XcodeDefault.xctoolchain/usr/bin/swiftc -module-name ExpoImage -Onone @/Users/tavishagarwal/Library/Developer/Xcode/DerivedData/Vybe-eypqtupuvqzwmybaqlzhbqpdfpou/Build/Intermediates.noindex/Pods.build/Debug-iphonesimulator/ExpoImage.build/Objects-normal/arm64/ExpoImage.SwiftFileList -DDEBUG -D COCOAPODS -Xcc -fmodule-map-file\=/Users/tavishagarwal/Library/Developer/Xcode/DerivedData/Vybe-eypqtupuvqzwmybaqlzhbqpdfpou/Build/Products/Debug-iphonesimulator/ExpoModulesCore/ExpoModulesCore.modulemap -Xcc -fmodule-map-file\=/Users/tavishagarwal/Library/Developer/Xcode/DerivedData/Vybe-eypqtupuvqzwmybaqlzhbqpdfpou/Build/Products/Debug-iphonesimulator/RCTSwiftUI/RCTSwiftUI.modulemap -Xcc -fmodule-map-file\=/Users/tavishagarwal/Desktop/Vybe/ios/Pods/Headers/Private/SDWebImageSVGCoder/SDWebImageSVGCoder.modulemap -Xcc -fmodule-map-file\=/Users/tavishagarwal/Desktop/Vybe/ios/Pods/Headers/Private/SDWebImageWebPCoder/SDWebImageWebPCoder.modulemap -Xcc -fmodule-map-file\=/Users/tavishagarwal/Desktop/Vybe/ios/Pods/Headers/Public/ExpoModulesJSI/ExpoModulesJSI.modulemap -Xcc -fmodule-map-file\=/Users/tavishagarwal/Desktop/Vybe/ios/Pods/Headers/Public/RNWorklets/RNWorklets.modulemap -Xcc -fmodule-map-file\=/Users/tavishagarwal/Desktop/Vybe/ios/Pods/Headers/Public/ReactCodegen/ReactCodegen.modulemap -Xcc -fmodule-map-file\=/Users/tavishagarwal/Desktop/Vybe/ios/Pods/Headers/Public/SDWebImage/SDWebImage.modulemap -Xcc -fmodule-map-file\=/Users/tavishagarwal/Desktop/Vybe/ios/Pods/Headers/Public/SDWebImageAVIFCoder/SDWebImageAVIFCoder.modulemap -Xcc -fmodule-map-file\=/Users/tavishagarwal/Desktop/Vybe/ios/Pods/Headers/Public/libavif/libavif.modulemap -import-underlying-module -Xcc -fmodule-map-file\=/Users/tavishagarwal/Desktop/Vybe/ios/Pods/Headers/Public/ExpoImage/ExpoImage.modulemap -enable-experimental-feature DebugDescriptionMacro -sdk /Applications/Xcode.app/Contents/Developer/Platforms/iPhoneSimulator.platform/Developer/SDKs/iPhoneSimulator26.4.sdk -target arm64-apple-ios15.1-simulator -g -module-cache-path /Users/tavishagarwal/Library/Developer/Xcode/DerivedData/ModuleCache.noindex -Xfrontend -serialize-debugging-options -enable-testing -index-store-path /Users/tavishagarwal/Library/Developer/Xcode/DerivedData/Vybe-eypqtupuvqzwmybaqlzhbqpdfpou/Index.noindex/DataStore -Xcc -D_LIBCPP_HARDENING_MODE\=_LIBCPP_HARDENING_MODE_DEBUG -swift-version 6 -I /Users/tavishagarwal/Library/Developer/Xcode/DerivedData/Vybe-eypqtupuvqzwmybaqlzhbqpdfpou/Build/Products/Debug-iphonesimulator/ExpoImage -I /Users/tavishagarwal/Library/Developer/Xcode/DerivedData/Vybe-eypqtupuvqzwmybaqlzhbqpdfpou/Build/Products/Debug-iphonesimulator/ExpoModulesCore -I /Users/tavishagarwal/Library/Developer/Xcode/DerivedData/Vybe-eypqtupuvqzwmybaqlzhbqpdfpou/Build/Products/Debug-iphonesimulator/RCTSwiftUI -F /Users/tavishagarwal/Library/Developer/Xcode/DerivedData/Vybe-eypqtupuvqzwmybaqlzhbqpdfpou/Build/Products/Debug-iphonesimulator/ExpoImage -F /Users/tavishagarwal/Desktop/Vybe/ios/Pods/React-Core-prebuilt -F /Users/tavishagarwal/Desktop/Vybe/ios/Pods/ReactNativeDependencies/framework/packages/react-native -F /Users/tavishagarwal/Desktop/Vybe/ios/Pods/hermes-engine/destroot/Library/Frameworks/universal -F /Users/tavishagarwal/Library/Developer/Xcode/DerivedData/Vybe-eypqtupuvqzwmybaqlzhbqpdfpou/Build/Products/Debug-iphonesimulator/XCFrameworkIntermediates/React-Core-prebuilt -F /Users/tavishagarwal/Library/Developer/Xcode/DerivedData/Vybe-eypqtupuvqzwmybaqlzhbqpdfpou/Build/Products/Debug-iphonesimulator/XCFrameworkIntermediates/ReactNativeDependencies -F /Users/tavishagarwal/Library/Developer/Xcode/DerivedData/Vybe-eypqtupuvqzwmybaqlzhbqpdfpou/Build/Products/Debug-iphonesimulator/XCFrameworkIntermediates/hermes-engine/Pre-built -c -j10 -enable-batch-mode -incremental -Xcc -ivfsstatcache -Xcc /Users/tavishagarwal/Library/Developer/Xcode/DerivedData/SDKStatCaches.noindex/iphonesimulator26.4-23E252-686eebb5dc1d8ecb277353a59184f4aa.sdkstatcache -output-file-map /Users/tavishagarwal/Library/Developer/Xcode/DerivedData/Vybe-eypqtupuvqzwmybaqlzhbqpdfpou/Build/Intermediates.noindex/Pods.build/Debug-iphonesimulator/ExpoImage.build/Objects-normal/arm64/ExpoImage-OutputFileMap.json -use-frontend-parseable-output -save-temps -no-color-diagnostics -serialize-diagnostics -emit-dependencies -emit-module -emit-module-path /Users/tavishagarwal/Library/Developer/Xcode/DerivedData/Vybe-eypqtupuvqzwmybaqlzhbqpdfpou/Build/Intermediates.noindex/Pods.build/Debug-iphonesimulator/ExpoImage.build/Objects-normal/arm64/ExpoImage.swiftmodule -validate-clang-modules-once -clang-build-session-file /Users/tavishagarwal/Library/Developer/Xcode/DerivedData/ModuleCache.noindex/Session.modulevalidation -Xcc -I/Users/tavishagarwal/Library/Developer/Xcode/DerivedData/Vybe-eypqtupuvqzwmybaqlzhbqpdfpou/Build/Intermediates.noindex/Pods.build/Debug-iphonesimulator/ExpoImage.build/swift-overrides.hmap -emit-const-values -Xfrontend -const-gather-protocols-file -Xfrontend /Users/tavishagarwal/Library/Developer/Xcode/DerivedData/Vybe-eypqtupuvqzwmybaqlzhbqpdfpou/Build/Intermediates.noindex/Pods.build/Debug-iphonesimulator/ExpoImage.build/Objects-normal/arm64/ExpoImage_const_extract_protocols.json -Xcc -iquote -Xcc /Users/tavishagarwal/Library/Developer/Xcode/DerivedData/Vybe-eypqtupuvqzwmybaqlzhbqpdfpou/Build/Intermediates.noindex/Pods.build/Debug-iphonesimulator/ExpoImage.build/ExpoImage-generated-files.hmap -Xcc -I/Users/tavishagarwal/Library/Developer/Xcode/DerivedData/Vybe-eypqtupuvqzwmybaqlzhbqpdfpou/Build/Intermediates.noindex/Pods.build/Debug-iphonesimulator/ExpoImage.build/ExpoImage-own-target-headers.hmap -Xcc -I/Users/tavishagarwal/Library/Developer/Xcode/DerivedData/Vybe-eypqtupuvqzwmybaqlzhbqpdfpou/Build/Intermediates.noindex/Pods.build/Debug-iphonesimulator/ExpoImage.build/ExpoImage-all-non-framework-target-headers.hmap -Xcc -ivfsoverlay -Xcc /Users/tavishagarwal/Library/Developer/Xcode/DerivedData/Vybe-eypqtupuvqzwmybaqlzhbqpdfpou/Build/Intermediates.noindex/Pods.build/Debug-iphonesimulator/Pods-8699adb1dd336b26511df848a716bd42-VFS-iphonesimulator/all-product-headers.yaml -Xcc -iquote -Xcc /Users/tavishagarwal/Library/Developer/Xcode/DerivedData/Vybe-eypqtupuvqzwmybaqlzhbqpdfpou/Build/Intermediates.noindex/Pods.build/Debug-iphonesimulator/ExpoImage.build/ExpoImage-project-headers.hmap -Xcc -I/Users/tavishagarwal/Library/Developer/Xcode/DerivedData/Vybe-eypqtupuvqzwmybaqlzhbqpdfpou/Build/Products/Debug-iphonesimulator/ExpoImage/include -Xcc -I/Users/tavishagarwal/Desktop/Vybe/ios/Pods/Headers/Public -Xcc -I/Users/tavishagarwal/Desktop/Vybe/ios/Pods/Headers/Public/ExpoModulesCore -Xcc -I/Users/tavishagarwal/Desktop/Vybe/ios/Pods/Headers/Public/ExpoModulesJSI -Xcc -I/Users/tavishagarwal/Desktop/Vybe/ios/Pods/Headers/Public/FBLazyVector -Xcc -I/Users/tavishagarwal/Desktop/Vybe/ios/Pods/Headers/Public/RCTRequired -Xcc -I/Users/tavishagarwal/Desktop/Vybe/ios/Pods/Headers/Public/RCTSwiftUIWrapper -Xcc -I/Users/tavishagarwal/Desktop/Vybe/ios/Pods/Headers/Public/RCTTypeSafety -Xcc -I/Users/tavishagarwal/Desktop/Vybe/ios/Pods/Headers/Public/RNWorklets -Xcc -I/Users/tavishagarwal/Desktop/Vybe/ios/Pods/Headers/Public/React-Core -Xcc -I/Users/tavishagarwal/Desktop/Vybe/ios/Pods/Headers/Public/React-Core-prebuilt -Xcc -I/Users/tavishagarwal/Desktop/Vybe/ios/Pods/Headers/Public/React-CoreModules -Xcc -I/Users/tavishagarwal/Desktop/Vybe/ios/Pods/Headers/Public/React-Fabric -Xcc -I/Users/tavishagarwal/Desktop/Vybe/ios/Pods/Headers/Public/React-FabricComponents -Xcc -I/Users/tavishagarwal/Desktop/Vybe/ios/Pods/Headers/Public/React-FabricImage -Xcc -I/Users/tavishagarwal/Desktop/Vybe/ios/Pods/Headers/Public/React-ImageManager -Xcc -I/Users/tavishagarwal/Desktop/Vybe/ios/Pods/Headers/Public/React-Mapbuffer -Xcc -I/Users/tavishagarwal/Desktop/Vybe/ios/Pods/Headers/Public/React-NativeModulesApple -Xcc -I/Users/tavishagarwal/Desktop/Vybe/ios/Pods/Headers/Public/React-RCTAnimation -Xcc -I/Users/tavishagarwal/Desktop/Vybe/ios/Pods/Headers/Public/React-RCTBlob -Xcc -I/Users/tavishagarwal/Desktop/Vybe/ios/Pods/Headers/Public/React-RCTFBReactNativeSpec -Xcc -I/Users/tavishagarwal/Desktop/Vybe/ios/Pods/Headers/Public/React-RCTFabric -Xcc -I/Users/tavishagarwal/Desktop/Vybe/ios/Pods/Headers/Public/React-RCTImage -Xcc -I/Users/tavishagarwal/Desktop/Vybe/ios/Pods/Headers/Public/React-RCTRuntime -Xcc -I/Users/tavishagarwal/Desktop/Vybe/ios/Pods/Headers/Public/React-RCTText -Xcc -I/Users/tavishagarwal/Desktop/Vybe/ios/Pods/Headers/Public/React-RuntimeApple -Xcc -I/Users/tavishagarwal/Desktop/Vybe/ios/Pods/Headers/Public/React-RuntimeCore -Xcc -I/Users/tavishagarwal/Desktop/Vybe/ios/Pods/Headers/Public/React-RuntimeHermes -Xcc -I/Users/tavishagarwal/Desktop/Vybe/ios/Pods/Headers/Public/React-callinvoker -Xcc -I/Users/tavishagarwal/Desktop/Vybe/ios/Pods/Headers/Public/React-cxxreact -Xcc -I/Users/tavishagarwal/Desktop/Vybe/ios/Pods/Headers/Public/React-debug -Xcc -I/Users/tavishagarwal/Desktop/Vybe/ios/Pods/Headers/Public/React-defaultsnativemodule -Xcc -I/Users/tavishagarwal/Desktop/Vybe/ios/Pods/Headers/Public/React-domnativemodule -Xcc -I/Users/tavishagarwal/Desktop/Vybe/ios/Pods/Headers/Public/React-featureflags -Xcc -I/Users/tavishagarwal/Desktop/Vybe/ios/Pods/Headers/Public/React-featureflagsnativemodule -Xcc -I/Users/tavishagarwal/Desktop/Vybe/ios/Pods/Headers/Public/React-graphics -Xcc -I/Users/tavishagarwal/Desktop/Vybe/ios/Pods/Headers/Public/React-hermes -Xcc -I/Users/tavishagarwal/Desktop/Vybe/ios/Pods/Headers/Public/React-idlecallbacksnativemodule -Xcc -I/Users/tavishagarwal/Desktop/Vybe/ios/Pods/Headers/Public/React-intersectionobservernativemodule -Xcc -I/Users/tavishagarwal/Desktop/Vybe/ios/Pods/Headers/Public/React-jserrorhandler -Xcc -I/Users/tavishagarwal/Desktop/Vybe/ios/Pods/Headers/Public/React-jsi -Xcc -I/Users/tavishagarwal/Desktop/Vybe/ios/Pods/Headers/Public/React-jsiexecutor -Xcc -I/Users/tavishagarwal/Desktop/Vybe/ios/Pods/Headers/Public/React-jsinspector -Xcc -I/Users/tavishagarwal/Desktop/Vybe/ios/Pods/Headers/Public/React-jsinspectorcdp -Xcc -I/Users/tavishagarwal/Desktop/Vybe/ios/Pods/Headers/Public/React-jsinspectornetwork -Xcc -I/Users/tavishagarwal/Desktop/Vybe/ios/Pods/Headers/Public/React-jsinspectortracing -Xcc -I/Users/tavishagarwal/Desktop/Vybe/ios/Pods/Headers/Public/React-jsitooling -Xcc -I/Users/tavishagarwal/Desktop/Vybe/ios/Pods/Headers/Public/React-logger -Xcc -I/Users/tavishagarwal/Desktop/Vybe/ios/Pods/Headers/Public/React-microtasksnativemodule -Xcc -I/Users/tavishagarwal/Desktop/Vybe/ios/Pods/Headers/Public/React-networking -Xcc -I/Users/tavishagarwal/Desktop/Vybe/ios/Pods/Headers/Public/React-oscompat -Xcc -I/Users/tavishagarwal/Desktop/Vybe/ios/Pods/Headers/Public/React-perflogger -Xcc -I/Users/tavishagarwal/Desktop/Vybe/ios/Pods/Headers/Public/React-performancecdpmetrics -Xcc -I/Users/tavishagarwal/Desktop/Vybe/ios/Pods/Headers/Public/React-performancetimeline -Xcc -I/Users/tavishagarwal/Desktop/Vybe/ios/Pods/Headers/Public/React-rendererconsistency -Xcc -I/Users/tavishagarwal/Desktop/Vybe/ios/Pods/Headers/Public/React-renderercss -Xcc -I/Users/tavishagarwal/Desktop/Vybe/ios/Pods/Headers/Public/React-rendererdebug -Xcc -I/Users/tavishagarwal/Desktop/Vybe/ios/Pods/Headers/Public/React-runtimeexecutor -Xcc -I/Users/tavishagarwal/Desktop/Vybe/ios/Pods/Headers/Public/React-runtimescheduler -Xcc -I/Users/tavishagarwal/Desktop/Vybe/ios/Pods/Headers/Public/React-timing -Xcc -I/Users/tavishagarwal/Desktop/Vybe/ios/Pods/Headers/Public/React-utils -Xcc -I/Users/tavishagarwal/Desktop/Vybe/ios/Pods/Headers/Public/React-webperformancenativemodule -Xcc -I/Users/tavishagarwal/Desktop/Vybe/ios/Pods/Headers/Public/ReactCodegen -Xcc -I/Users/tavishagarwal/Desktop/Vybe/ios/Pods/Headers/Public/ReactCommon -Xcc -I/Users/tavishagarwal/Desktop/Vybe/ios/Pods/Headers/Public/ReactNativeDependencies -Xcc -I/Users/tavishagarwal/Desktop/Vybe/ios/Pods/Headers/Public/Yoga -Xcc -I/Users/tavishagarwal/Desktop/Vybe/ios/Pods/Headers/Public/hermes-engine -Xcc -I/Users/tavishagarwal/Library/Developer/Xcode/DerivedData/Vybe-eypqtupuvqzwmybaqlzhbqpdfpou/Build/Intermediates.noindex/Pods.build/Debug-iphonesimulator/ExpoImage.build/DerivedSources-normal/arm64 -Xcc -I/Users/tavishagarwal/Library/Developer/Xcode/DerivedData/Vybe-eypqtupuvqzwmybaqlzhbqpdfpou/Build/Intermediates.noindex/Pods.build/Debug-iphonesimulator/ExpoImage.build/DerivedSources/arm64 -Xcc -I/Users/tavishagarwal/Library/Developer/Xcode/DerivedData/Vybe-eypqtupuvqzwmybaqlzhbqpdfpou/Build/Intermediates.noindex/Pods.build/Debug-iphonesimulator/ExpoImage.build/DerivedSources -Xcc -DPOD_CONFIGURATION_DEBUG\=1 -Xcc -DDEBUG\=1 -Xcc -DCOCOAPODS\=1 -emit-objc-header -emit-objc-header-path /Users/tavishagarwal/Library/Developer/Xcode/DerivedData/Vybe-eypqtupuvqzwmybaqlzhbqpdfpou/Build/Intermediates.noindex/Pods.build/Debug-iphonesimulator/ExpoImage.build/Objects-normal/arm64/ExpoImage-Swift.h -working-directory /Users/tavishagarwal/Desktop/Vybe/ios/Pods -experimental-emit-module-separately -disable-cmo

SwiftDriver ExpoGlassEffect normal arm64 com.apple.xcode.tools.swift.compiler (in target 'ExpoGlassEffect' from project 'Pods')
    cd /Users/tavishagarwal/Desktop/Vybe/ios/Pods
    builtin-SwiftDriver -- /Applications/Xcode.app/Contents/Developer/Toolchains/XcodeDefault.xctoolchain/usr/bin/swiftc -module-name ExpoGlassEffect -Onone @/Users/tavishagarwal/Library/Developer/Xcode/DerivedData/Vybe-eypqtupuvqzwmybaqlzhbqpdfpou/Build/Intermediates.noindex/Pods.build/Debug-iphonesimulator/ExpoGlassEffect.build/Objects-normal/arm64/ExpoGlassEffect.SwiftFileList -DDEBUG -D COCOAPODS -Xcc -fmodule-map-file\=/Users/tavishagarwal/Library/Developer/Xcode/DerivedData/Vybe-eypqtupuvqzwmybaqlzhbqpdfpou/Build/Products/Debug-iphonesimulator/ExpoModulesCore/ExpoModulesCore.modulemap -Xcc -fmodule-map-file\=/Users/tavishagarwal/Library/Developer/Xcode/DerivedData/Vybe-eypqtupuvqzwmybaqlzhbqpdfpou/Build/Products/Debug-iphonesimulator/RCTSwiftUI/RCTSwiftUI.modulemap -Xcc -fmodule-map-file\=/Users/tavishagarwal/Desktop/Vybe/ios/Pods/Headers/Public/ExpoModulesJSI/ExpoModulesJSI.modulemap -Xcc -fmodule-map-file\=/Users/tavishagarwal/Desktop/Vybe/ios/Pods/Headers/Public/RNWorklets/RNWorklets.modulemap -Xcc -fmodule-map-file\=/Users/tavishagarwal/Desktop/Vybe/ios/Pods/Headers/Public/ReactCodegen/ReactCodegen.modulemap -import-underlying-module -Xcc -fmodule-map-file\=/Users/tavishagarwal/Desktop/Vybe/ios/Pods/Headers/Public/ExpoGlassEffect/ExpoGlassEffect.modulemap -enable-bare-slash-regex -enable-experimental-feature DebugDescriptionMacro -sdk /Applications/Xcode.app/Contents/Developer/Platforms/iPhoneSimulator.platform/Developer/SDKs/iPhoneSimulator26.4.sdk -target arm64-apple-ios15.1-simulator -g -module-cache-path /Users/tavishagarwal/Library/Developer/Xcode/DerivedData/ModuleCache.noindex -Xfrontend -serialize-debugging-options -enable-testing -index-store-path /Users/tavishagarwal/Library/Developer/Xcode/DerivedData/Vybe-eypqtupuvqzwmybaqlzhbqpdfpou/Index.noindex/DataStore -Xcc -D_LIBCPP_HARDENING_MODE\=_LIBCPP_HARDENING_MODE_DEBUG -swift-version 5 -I /Users/tavishagarwal/Library/Developer/Xcode/DerivedData/Vybe-eypqtupuvqzwmybaqlzhbqpdfpou/Build/Products/Debug-iphonesimulator/ExpoGlassEffect -I /Users/tavishagarwal/Library/Developer/Xcode/DerivedData/Vybe-eypqtupuvqzwmybaqlzhbqpdfpou/Build/Products/Debug-iphonesimulator/ExpoModulesCore -I /Users/tavishagarwal/Library/Developer/Xcode/DerivedData/Vybe-eypqtupuvqzwmybaqlzhbqpdfpou/Build/Products/Debug-iphonesimulator/RCTSwiftUI -F /Users/tavishagarwal/Library/Developer/Xcode/DerivedData/Vybe-eypqtupuvqzwmybaqlzhbqpdfpou/Build/Products/Debug-iphonesimulator/ExpoGlassEffect -F /Users/tavishagarwal/Desktop/Vybe/ios/Pods/React-Core-prebuilt -F /Users/tavishagarwal/Desktop/Vybe/ios/Pods/ReactNativeDependencies/framework/packages/react-native -F /Users/tavishagarwal/Desktop/Vybe/ios/Pods/hermes-engine/destroot/Library/Frameworks/universal -F /Users/tavishagarwal/Library/Developer/Xcode/DerivedData/Vybe-eypqtupuvqzwmybaqlzhbqpdfpou/Build/Products/Debug-iphonesimulator/XCFrameworkIntermediates/React-Core-prebuilt -F /Users/tavishagarwal/Library/Developer/Xcode/DerivedData/Vybe-eypqtupuvqzwmybaqlzhbqpdfpou/Build/Products/Debug-iphonesimulator/XCFrameworkIntermediates/ReactNativeDependencies -F /Users/tavishagarwal/Library/Developer/Xcode/DerivedData/Vybe-eypqtupuvqzwmybaqlzhbqpdfpou/Build/Products/Debug-iphonesimulator/XCFrameworkIntermediates/hermes-engine/Pre-built -c -j10 -enable-batch-mode -incremental -Xcc -ivfsstatcache -Xcc /Users/tavishagarwal/Library/Developer/Xcode/DerivedData/SDKStatCaches.noindex/iphonesimulator26.4-23E252-686eebb5dc1d8ecb277353a59184f4aa.sdkstatcache -output-file-map /Users/tavishagarwal/Library/Developer/Xcode/DerivedData/Vybe-eypqtupuvqzwmybaqlzhbqpdfpou/Build/Intermediates.noindex/Pods.build/Debug-iphonesimulator/ExpoGlassEffect.build/Objects-normal/arm64/ExpoGlassEffect-OutputFileMap.json -use-frontend-parseable-output -save-temps -no-color-diagnostics -serialize-diagnostics -emit-dependencies -emit-module -emit-module-path /Users/tavishagarwal/Library/Developer/Xcode/DerivedData/Vybe-eypqtupuvqzwmybaqlzhbqpdfpou/Build/Intermediates.noindex/Pods.build/Debug-iphonesimulator/ExpoGlassEffect.build/Objects-normal/arm64/ExpoGlassEffect.swiftmodule -validate-clang-modules-once -clang-build-session-file /Users/tavishagarwal/Library/Developer/Xcode/DerivedData/ModuleCache.noindex/Session.modulevalidation -Xcc -I/Users/tavishagarwal/Library/Developer/Xcode/DerivedData/Vybe-eypqtupuvqzwmybaqlzhbqpdfpou/Build/Intermediates.noindex/Pods.build/Debug-iphonesimulator/ExpoGlassEffect.build/swift-overrides.hmap -emit-const-values -Xfrontend -const-gather-protocols-file -Xfrontend /Users/tavishagarwal/Library/Developer/Xcode/DerivedData/Vybe-eypqtupuvqzwmybaqlzhbqpdfpou/Build/Intermediates.noindex/Pods.build/Debug-iphonesimulator/ExpoGlassEffect.build/Objects-normal/arm64/ExpoGlassEffect_const_extract_protocols.json -Xcc -iquote -Xcc /Users/tavishagarwal/Library/Developer/Xcode/DerivedData/Vybe-eypqtupuvqzwmybaqlzhbqpdfpou/Build/Intermediates.noindex/Pods.build/Debug-iphonesimulator/ExpoGlassEffect.build/ExpoGlassEffect-generated-files.hmap -Xcc -I/Users/tavishagarwal/Library/Developer/Xcode/DerivedData/Vybe-eypqtupuvqzwmybaqlzhbqpdfpou/Build/Intermediates.noindex/Pods.build/Debug-iphonesimulator/ExpoGlassEffect.build/ExpoGlassEffect-own-target-headers.hmap -Xcc -I/Users/tavishagarwal/Library/Developer/Xcode/DerivedData/Vybe-eypqtupuvqzwmybaqlzhbqpdfpou/Build/Intermediates.noindex/Pods.build/Debug-iphonesimulator/ExpoGlassEffect.build/ExpoGlassEffect-all-non-framework-target-headers.hmap -Xcc -ivfsoverlay -Xcc /Users/tavishagarwal/Library/Developer/Xcode/DerivedData/Vybe-eypqtupuvqzwmybaqlzhbqpdfpou/Build/Intermediates.noindex/Pods.build/Debug-iphonesimulator/Pods-8699adb1dd336b26511df848a716bd42-VFS-iphonesimulator/all-product-headers.yaml -Xcc -iquote -Xcc /Users/tavishagarwal/Library/Developer/Xcode/DerivedData/Vybe-eypqtupuvqzwmybaqlzhbqpdfpou/Build/Intermediates.noindex/Pods.build/Debug-iphonesimulator/ExpoGlassEffect.build/ExpoGlassEffect-project-headers.hmap -Xcc -I/Users/tavishagarwal/Library/Developer/Xcode/DerivedData/Vybe-eypqtupuvqzwmybaqlzhbqpdfpou/Build/Products/Debug-iphonesimulator/ExpoGlassEffect/include -Xcc -I/Users/tavishagarwal/Desktop/Vybe/ios/Pods/Headers/Public -Xcc -I/Users/tavishagarwal/Desktop/Vybe/ios/Pods/Headers/Public/ExpoModulesCore -Xcc -I/Users/tavishagarwal/Desktop/Vybe/ios/Pods/Headers/Public/ExpoModulesJSI -Xcc -I/Users/tavishagarwal/Desktop/Vybe/ios/Pods/Headers/Public/FBLazyVector -Xcc -I/Users/tavishagarwal/Desktop/Vybe/ios/Pods/Headers/Public/RCTRequired -Xcc -I/Users/tavishagarwal/Desktop/Vybe/ios/Pods/Headers/Public/RCTSwiftUIWrapper -Xcc -I/Users/tavishagarwal/Desktop/Vybe/ios/Pods/Headers/Public/RCTTypeSafety -Xcc -I/Users/tavishagarwal/Desktop/Vybe/ios/Pods/Headers/Public/RNWorklets -Xcc -I/Users/tavishagarwal/Desktop/Vybe/ios/Pods/Headers/Public/React-Core -Xcc -I/Users/tavishagarwal/Desktop/Vybe/ios/Pods/Headers/Public/React-Core-prebuilt -Xcc -I/Users/tavishagarwal/Desktop/Vybe/ios/Pods/Headers/Public/React-CoreModules -Xcc -I/Users/tavishagarwal/Desktop/Vybe/ios/Pods/Headers/Public/React-Fabric -Xcc -I/Users/tavishagarwal/Desktop/Vybe/ios/Pods/Headers/Public/React-FabricComponents -Xcc -I/Users/tavishagarwal/Desktop/Vybe/ios/Pods/Headers/Public/React-FabricImage -Xcc -I/Users/tavishagarwal/Desktop/Vybe/ios/Pods/Headers/Public/React-ImageManager -Xcc -I/Users/tavishagarwal/Desktop/Vybe/ios/Pods/Headers/Public/React-Mapbuffer -Xcc -I/Users/tavishagarwal/Desktop/Vybe/ios/Pods/Headers/Public/React-NativeModulesApple -Xcc -I/Users/tavishagarwal/Desktop/Vybe/ios/Pods/Headers/Public/React-RCTAnimation -Xcc -I/Users/tavishagarwal/Desktop/Vybe/ios/Pods/Headers/Public/React-RCTBlob -Xcc -I/Users/tavishagarwal/Desktop/Vybe/ios/Pods/Headers/Public/React-RCTFBReactNativeSpec -Xcc -I/Users/tavishagarwal/Desktop/Vybe/ios/Pods/Headers/Public/React-RCTFabric -Xcc -I/Users/tavishagarwal/Desktop/Vybe/ios/Pods/Headers/Public/React-RCTImage -Xcc -I/Users/tavishagarwal/Desktop/Vybe/ios/Pods/Headers/Public/React-RCTRuntime -Xcc -I/Users/tavishagarwal/Desktop/Vybe/ios/Pods/Headers/Public/React-RCTText -Xcc -I/Users/tavishagarwal/Desktop/Vybe/ios/Pods/Headers/Public/React-RuntimeApple -Xcc -I/Users/tavishagarwal/Desktop/Vybe/ios/Pods/Headers/Public/React-RuntimeCore -Xcc -I/Users/tavishagarwal/Desktop/Vybe/ios/Pods/Headers/Public/React-RuntimeHermes -Xcc -I/Users/tavishagarwal/Desktop/Vybe/ios/Pods/Headers/Public/React-callinvoker -Xcc -I/Users/tavishagarwal/Desktop/Vybe/ios/Pods/Headers/Public/React-cxxreact -Xcc -I/Users/tavishagarwal/Desktop/Vybe/ios/Pods/Headers/Public/React-debug -Xcc -I/Users/tavishagarwal/Desktop/Vybe/ios/Pods/Headers/Public/React-defaultsnativemodule -Xcc -I/Users/tavishagarwal/Desktop/Vybe/ios/Pods/Headers/Public/React-domnativemodule -Xcc -I/Users/tavishagarwal/Desktop/Vybe/ios/Pods/Headers/Public/React-featureflags -Xcc -I/Users/tavishagarwal/Desktop/Vybe/ios/Pods/Headers/Public/React-featureflagsnativemodule -Xcc -I/Users/tavishagarwal/Desktop/Vybe/ios/Pods/Headers/Public/React-graphics -Xcc -I/Users/tavishagarwal/Desktop/Vybe/ios/Pods/Headers/Public/React-hermes -Xcc -I/Users/tavishagarwal/Desktop/Vybe/ios/Pods/Headers/Public/React-idlecallbacksnativemodule -Xcc -I/Users/tavishagarwal/Desktop/Vybe/ios/Pods/Headers/Public/React-intersectionobservernativemodule -Xcc -I/Users/tavishagarwal/Desktop/Vybe/ios/Pods/Headers/Public/React-jserrorhandler -Xcc -I/Users/tavishagarwal/Desktop/Vybe/ios/Pods/Headers/Public/React-jsi -Xcc -I/Users/tavishagarwal/Desktop/Vybe/ios/Pods/Headers/Public/React-jsiexecutor -Xcc -I/Users/tavishagarwal/Desktop/Vybe/ios/Pods/Headers/Public/React-jsinspector -Xcc -I/Users/tavishagarwal/Desktop/Vybe/ios/Pods/Headers/Public/React-jsinspectorcdp -Xcc -I/Users/tavishagarwal/Desktop/Vybe/ios/Pods/Headers/Public/React-jsinspectornetwork -Xcc -I/Users/tavishagarwal/Desktop/Vybe/ios/Pods/Headers/Public/React-jsinspectortracing -Xcc -I/Users/tavishagarwal/Desktop/Vybe/ios/Pods/Headers/Public/React-jsitooling -Xcc -I/Users/tavishagarwal/Desktop/Vybe/ios/Pods/Headers/Public/React-logger -Xcc -I/Users/tavishagarwal/Desktop/Vybe/ios/Pods/Headers/Public/React-microtasksnativemodule -Xcc -I/Users/tavishagarwal/Desktop/Vybe/ios/Pods/Headers/Public/React-networking -Xcc -I/Users/tavishagarwal/Desktop/Vybe/ios/Pods/Headers/Public/React-oscompat -Xcc -I/Users/tavishagarwal/Desktop/Vybe/ios/Pods/Headers/Public/React-perflogger -Xcc -I/Users/tavishagarwal/Desktop/Vybe/ios/Pods/Headers/Public/React-performancecdpmetrics -Xcc -I/Users/tavishagarwal/Desktop/Vybe/ios/Pods/Headers/Public/React-performancetimeline -Xcc -I/Users/tavishagarwal/Desktop/Vybe/ios/Pods/Headers/Public/React-rendererconsistency -Xcc -I/Users/tavishagarwal/Desktop/Vybe/ios/Pods/Headers/Public/React-renderercss -Xcc -I/Users/tavishagarwal/Desktop/Vybe/ios/Pods/Headers/Public/React-rendererdebug -Xcc -I/Users/tavishagarwal/Desktop/Vybe/ios/Pods/Headers/Public/React-runtimeexecutor -Xcc -I/Users/tavishagarwal/Desktop/Vybe/ios/Pods/Headers/Public/React-runtimescheduler -Xcc -I/Users/tavishagarwal/Desktop/Vybe/ios/Pods/Headers/Public/React-timing -Xcc -I/Users/tavishagarwal/Desktop/Vybe/ios/Pods/Headers/Public/React-utils -Xcc -I/Users/tavishagarwal/Desktop/Vybe/ios/Pods/Headers/Public/React-webperformancenativemodule -Xcc -I/Users/tavishagarwal/Desktop/Vybe/ios/Pods/Headers/Public/ReactCodegen -Xcc -I/Users/tavishagarwal/Desktop/Vybe/ios/Pods/Headers/Public/ReactCommon -Xcc -I/Users/tavishagarwal/Desktop/Vybe/ios/Pods/Headers/Public/ReactNativeDependencies -Xcc -I/Users/tavishagarwal/Desktop/Vybe/ios/Pods/Headers/Public/Yoga -Xcc -I/Users/tavishagarwal/Desktop/Vybe/ios/Pods/Headers/Public/hermes-engine -Xcc -I/Users/tavishagarwal/Library/Developer/Xcode/DerivedData/Vybe-eypqtupuvqzwmybaqlzhbqpdfpou/Build/Intermediates.noindex/Pods.build/Debug-iphonesimulator/ExpoGlassEffect.build/DerivedSources-normal/arm64 -Xcc -I/Users/tavishagarwal/Library/Developer/Xcode/DerivedData/Vybe-eypqtupuvqzwmybaqlzhbqpdfpou/Build/Intermediates.noindex/Pods.build/Debug-iphonesimulator/ExpoGlassEffect.build/DerivedSources/arm64 -Xcc -I/Users/tavishagarwal/Library/Developer/Xcode/DerivedData/Vybe-eypqtupuvqzwmybaqlzhbqpdfpou/Build/Intermediates.noindex/Pods.build/Debug-iphonesimulator/ExpoGlassEffect.build/DerivedSources -Xcc -DPOD_CONFIGURATION_DEBUG\=1 -Xcc -DDEBUG\=1 -Xcc -DCOCOAPODS\=1 -emit-objc-header -emit-objc-header-path /Users/tavishagarwal/Library/Developer/Xcode/DerivedData/Vybe-eypqtupuvqzwmybaqlzhbqpdfpou/Build/Intermediates.noindex/Pods.build/Debug-iphonesimulator/ExpoGlassEffect.build/Objects-normal/arm64/ExpoGlassEffect-Swift.h -working-directory /Users/tavishagarwal/Desktop/Vybe/ios/Pods -experimental-emit-module-separately -disable-cmo

SwiftDriver ExpoFont normal arm64 com.apple.xcode.tools.swift.compiler (in target 'ExpoFont' from project 'Pods')
    cd /Users/tavishagarwal/Desktop/Vybe/ios/Pods
    builtin-SwiftDriver -- /Applications/Xcode.app/Contents/Developer/Toolchains/XcodeDefault.xctoolchain/usr/bin/swiftc -module-name ExpoFont -Onone @/Users/tavishagarwal/Library/Developer/Xcode/DerivedData/Vybe-eypqtupuvqzwmybaqlzhbqpdfpou/Build/Intermediates.noindex/Pods.build/Debug-iphonesimulator/ExpoFont.build/Objects-normal/arm64/ExpoFont.SwiftFileList -DDEBUG -D COCOAPODS -Xcc -fmodule-map-file\=/Users/tavishagarwal/Library/Developer/Xcode/DerivedData/Vybe-eypqtupuvqzwmybaqlzhbqpdfpou/Build/Products/Debug-iphonesimulator/ExpoModulesCore/ExpoModulesCore.modulemap -Xcc -fmodule-map-file\=/Users/tavishagarwal/Library/Developer/Xcode/DerivedData/Vybe-eypqtupuvqzwmybaqlzhbqpdfpou/Build/Products/Debug-iphonesimulator/RCTSwiftUI/RCTSwiftUI.modulemap -Xcc -fmodule-map-file\=/Users/tavishagarwal/Desktop/Vybe/ios/Pods/Headers/Public/ExpoModulesJSI/ExpoModulesJSI.modulemap -Xcc -fmodule-map-file\=/Users/tavishagarwal/Desktop/Vybe/ios/Pods/Headers/Public/RNWorklets/RNWorklets.modulemap -Xcc -fmodule-map-file\=/Users/tavishagarwal/Desktop/Vybe/ios/Pods/Headers/Public/ReactCodegen/ReactCodegen.modulemap -import-underlying-module -Xcc -fmodule-map-file\=/Users/tavishagarwal/Desktop/Vybe/ios/Pods/Headers/Public/ExpoFont/ExpoFont.modulemap -enable-bare-slash-regex -enable-experimental-feature DebugDescriptionMacro -sdk /Applications/Xcode.app/Contents/Developer/Platforms/iPhoneSimulator.platform/Developer/SDKs/iPhoneSimulator26.4.sdk -target arm64-apple-ios15.1-simulator -g -module-cache-path /Users/tavishagarwal/Library/Developer/Xcode/DerivedData/ModuleCache.noindex -Xfrontend -serialize-debugging-options -enable-testing -index-store-path /Users/tavishagarwal/Library/Developer/Xcode/DerivedData/Vybe-eypqtupuvqzwmybaqlzhbqpdfpou/Index.noindex/DataStore -Xcc -D_LIBCPP_HARDENING_MODE\=_LIBCPP_HARDENING_MODE_DEBUG -swift-version 5 -I /Users/tavishagarwal/Library/Developer/Xcode/DerivedData/Vybe-eypqtupuvqzwmybaqlzhbqpdfpou/Build/Products/Debug-iphonesimulator/ExpoFont -I /Users/tavishagarwal/Library/Developer/Xcode/DerivedData/Vybe-eypqtupuvqzwmybaqlzhbqpdfpou/Build/Products/Debug-iphonesimulator/ExpoModulesCore -I /Users/tavishagarwal/Library/Developer/Xcode/DerivedData/Vybe-eypqtupuvqzwmybaqlzhbqpdfpou/Build/Products/Debug-iphonesimulator/RCTSwiftUI -F /Users/tavishagarwal/Library/Developer/Xcode/DerivedData/Vybe-eypqtupuvqzwmybaqlzhbqpdfpou/Build/Products/Debug-iphonesimulator/ExpoFont -F /Users/tavishagarwal/Desktop/Vybe/ios/Pods/React-Core-prebuilt -F /Users/tavishagarwal/Desktop/Vybe/ios/Pods/ReactNativeDependencies/framework/packages/react-native -F /Users/tavishagarwal/Desktop/Vybe/ios/Pods/hermes-engine/destroot/Library/Frameworks/universal -F /Users/tavishagarwal/Library/Developer/Xcode/DerivedData/Vybe-eypqtupuvqzwmybaqlzhbqpdfpou/Build/Products/Debug-iphonesimulator/XCFrameworkIntermediates/React-Core-prebuilt -F /Users/tavishagarwal/Library/Developer/Xcode/DerivedData/Vybe-eypqtupuvqzwmybaqlzhbqpdfpou/Build/Products/Debug-iphonesimulator/XCFrameworkIntermediates/ReactNativeDependencies -F /Users/tavishagarwal/Library/Developer/Xcode/DerivedData/Vybe-eypqtupuvqzwmybaqlzhbqpdfpou/Build/Products/Debug-iphonesimulator/XCFrameworkIntermediates/hermes-engine/Pre-built -c -j10 -enable-batch-mode -incremental -Xcc -ivfsstatcache -Xcc /Users/tavishagarwal/Library/Developer/Xcode/DerivedData/SDKStatCaches.noindex/iphonesimulator26.4-23E252-686eebb5dc1d8ecb277353a59184f4aa.sdkstatcache -output-file-map /Users/tavishagarwal/Library/Developer/Xcode/DerivedData/Vybe-eypqtupuvqzwmybaqlzhbqpdfpou/Build/Intermediates.noindex/Pods.build/Debug-iphonesimulator/ExpoFont.build/Objects-normal/arm64/ExpoFont-OutputFileMap.json -use-frontend-parseable-output -save-temps -no-color-diagnostics -serialize-diagnostics -emit-dependencies -emit-module -emit-module-path /Users/tavishagarwal/Library/Developer/Xcode/DerivedData/Vybe-eypqtupuvqzwmybaqlzhbqpdfpou/Build/Intermediates.noindex/Pods.build/Debug-iphonesimulator/ExpoFont.build/Objects-normal/arm64/ExpoFont.swiftmodule -validate-clang-modules-once -clang-build-session-file /Users/tavishagarwal/Library/Developer/Xcode/DerivedData/ModuleCache.noindex/Session.modulevalidation -Xcc -I/Users/tavishagarwal/Library/Developer/Xcode/DerivedData/Vybe-eypqtupuvqzwmybaqlzhbqpdfpou/Build/Intermediates.noindex/Pods.build/Debug-iphonesimulator/ExpoFont.build/swift-overrides.hmap -emit-const-values -Xfrontend -const-gather-protocols-file -Xfrontend /Users/tavishagarwal/Library/Developer/Xcode/DerivedData/Vybe-eypqtupuvqzwmybaqlzhbqpdfpou/Build/Intermediates.noindex/Pods.build/Debug-iphonesimulator/ExpoFont.build/Objects-normal/arm64/ExpoFont_const_extract_protocols.json -Xcc -iquote -Xcc /Users/tavishagarwal/Library/Developer/Xcode/DerivedData/Vybe-eypqtupuvqzwmybaqlzhbqpdfpou/Build/Intermediates.noindex/Pods.build/Debug-iphonesimulator/ExpoFont.build/ExpoFont-generated-files.hmap -Xcc -I/Users/tavishagarwal/Library/Developer/Xcode/DerivedData/Vybe-eypqtupuvqzwmybaqlzhbqpdfpou/Build/Intermediates.noindex/Pods.build/Debug-iphonesimulator/ExpoFont.build/ExpoFont-own-target-headers.hmap -Xcc -I/Users/tavishagarwal/Library/Developer/Xcode/DerivedData/Vybe-eypqtupuvqzwmybaqlzhbqpdfpou/Build/Intermediates.noindex/Pods.build/Debug-iphonesimulator/ExpoFont.build/ExpoFont-all-non-framework-target-headers.hmap -Xcc -ivfsoverlay -Xcc /Users/tavishagarwal/Library/Developer/Xcode/DerivedData/Vybe-eypqtupuvqzwmybaqlzhbqpdfpou/Build/Intermediates.noindex/Pods.build/Debug-iphonesimulator/Pods-8699adb1dd336b26511df848a716bd42-VFS-iphonesimulator/all-product-headers.yaml -Xcc -iquote -Xcc /Users/tavishagarwal/Library/Developer/Xcode/DerivedData/Vybe-eypqtupuvqzwmybaqlzhbqpdfpou/Build/Intermediates.noindex/Pods.build/Debug-iphonesimulator/ExpoFont.build/ExpoFont-project-headers.hmap -Xcc -I/Users/tavishagarwal/Library/Developer/Xcode/DerivedData/Vybe-eypqtupuvqzwmybaqlzhbqpdfpou/Build/Products/Debug-iphonesimulator/ExpoFont/include -Xcc -I/Users/tavishagarwal/Desktop/Vybe/ios/Pods/Headers/Public -Xcc -I/Users/tavishagarwal/Desktop/Vybe/ios/Pods/Headers/Public/ExpoModulesCore -Xcc -I/Users/tavishagarwal/Desktop/Vybe/ios/Pods/Headers/Public/ExpoModulesJSI -Xcc -I/Users/tavishagarwal/Desktop/Vybe/ios/Pods/Headers/Public/FBLazyVector -Xcc -I/Users/tavishagarwal/Desktop/Vybe/ios/Pods/Headers/Public/RCTRequired -Xcc -I/Users/tavishagarwal/Desktop/Vybe/ios/Pods/Headers/Public/RCTSwiftUIWrapper -Xcc -I/Users/tavishagarwal/Desktop/Vybe/ios/Pods/Headers/Public/RCTTypeSafety -Xcc -I/Users/tavishagarwal/Desktop/Vybe/ios/Pods/Headers/Public/RNWorklets -Xcc -I/Users/tavishagarwal/Desktop/Vybe/ios/Pods/Headers/Public/React-Core -Xcc -I/Users/tavishagarwal/Desktop/Vybe/ios/Pods/Headers/Public/React-Core-prebuilt -Xcc -I/Users/tavishagarwal/Desktop/Vybe/ios/Pods/Headers/Public/React-CoreModules -Xcc -I/Users/tavishagarwal/Desktop/Vybe/ios/Pods/Headers/Public/React-Fabric -Xcc -I/Users/tavishagarwal/Desktop/Vybe/ios/Pods/Headers/Public/React-FabricComponents -Xcc -I/Users/tavishagarwal/Desktop/Vybe/ios/Pods/Headers/Public/React-FabricImage -Xcc -I/Users/tavishagarwal/Desktop/Vybe/ios/Pods/Headers/Public/React-ImageManager -Xcc -I/Users/tavishagarwal/Desktop/Vybe/ios/Pods/Headers/Public/React-Mapbuffer -Xcc -I/Users/tavishagarwal/Desktop/Vybe/ios/Pods/Headers/Public/React-NativeModulesApple -Xcc -I/Users/tavishagarwal/Desktop/Vybe/ios/Pods/Headers/Public/React-RCTAnimation -Xcc -I/Users/tavishagarwal/Desktop/Vybe/ios/Pods/Headers/Public/React-RCTBlob -Xcc -I/Users/tavishagarwal/Desktop/Vybe/ios/Pods/Headers/Public/React-RCTFBReactNativeSpec -Xcc -I/Users/tavishagarwal/Desktop/Vybe/ios/Pods/Headers/Public/React-RCTFabric -Xcc -I/Users/tavishagarwal/Desktop/Vybe/ios/Pods/Headers/Public/React-RCTImage -Xcc -I/Users/tavishagarwal/Desktop/Vybe/ios/Pods/Headers/Public/React-RCTRuntime -Xcc -I/Users/tavishagarwal/Desktop/Vybe/ios/Pods/Headers/Public/React-RCTText -Xcc -I/Users/tavishagarwal/Desktop/Vybe/ios/Pods/Headers/Public/React-RuntimeApple -Xcc -I/Users/tavishagarwal/Desktop/Vybe/ios/Pods/Headers/Public/React-RuntimeCore -Xcc -I/Users/tavishagarwal/Desktop/Vybe/ios/Pods/Headers/Public/React-RuntimeHermes -Xcc -I/Users/tavishagarwal/Desktop/Vybe/ios/Pods/Headers/Public/React-callinvoker -Xcc -I/Users/tavishagarwal/Desktop/Vybe/ios/Pods/Headers/Public/React-cxxreact -Xcc -I/Users/tavishagarwal/Desktop/Vybe/ios/Pods/Headers/Public/React-debug -Xcc -I/Users/tavishagarwal/Desktop/Vybe/ios/Pods/Headers/Public/React-defaultsnativemodule -Xcc -I/Users/tavishagarwal/Desktop/Vybe/ios/Pods/Headers/Public/React-domnativemodule -Xcc -I/Users/tavishagarwal/Desktop/Vybe/ios/Pods/Headers/Public/React-featureflags -Xcc -I/Users/tavishagarwal/Desktop/Vybe/ios/Pods/Headers/Public/React-featureflagsnativemodule -Xcc -I/Users/tavishagarwal/Desktop/Vybe/ios/Pods/Headers/Public/React-graphics -Xcc -I/Users/tavishagarwal/Desktop/Vybe/ios/Pods/Headers/Public/React-hermes -Xcc -I/Users/tavishagarwal/Desktop/Vybe/ios/Pods/Headers/Public/React-idlecallbacksnativemodule -Xcc -I/Users/tavishagarwal/Desktop/Vybe/ios/Pods/Headers/Public/React-intersectionobservernativemodule -Xcc -I/Users/tavishagarwal/Desktop/Vybe/ios/Pods/Headers/Public/React-jserrorhandler -Xcc -I/Users/tavishagarwal/Desktop/Vybe/ios/Pods/Headers/Public/React-jsi -Xcc -I/Users/tavishagarwal/Desktop/Vybe/ios/Pods/Headers/Public/React-jsiexecutor -Xcc -I/Users/tavishagarwal/Desktop/Vybe/ios/Pods/Headers/Public/React-jsinspector -Xcc -I/Users/tavishagarwal/Desktop/Vybe/ios/Pods/Headers/Public/React-jsinspectorcdp -Xcc -I/Users/tavishagarwal/Desktop/Vybe/ios/Pods/Headers/Public/React-jsinspectornetwork -Xcc -I/Users/tavishagarwal/Desktop/Vybe/ios/Pods/Headers/Public/React-jsinspectortracing -Xcc -I/Users/tavishagarwal/Desktop/Vybe/ios/Pods/Headers/Public/React-jsitooling -Xcc -I/Users/tavishagarwal/Desktop/Vybe/ios/Pods/Headers/Public/React-logger -Xcc -I/Users/tavishagarwal/Desktop/Vybe/ios/Pods/Headers/Public/React-microtasksnativemodule -Xcc -I/Users/tavishagarwal/Desktop/Vybe/ios/Pods/Headers/Public/React-networking -Xcc -I/Users/tavishagarwal/Desktop/Vybe/ios/Pods/Headers/Public/React-oscompat -Xcc -I/Users/tavishagarwal/Desktop/Vybe/ios/Pods/Headers/Public/React-perflogger -Xcc -I/Users/tavishagarwal/Desktop/Vybe/ios/Pods/Headers/Public/React-performancecdpmetrics -Xcc -I/Users/tavishagarwal/Desktop/Vybe/ios/Pods/Headers/Public/React-performancetimeline -Xcc -I/Users/tavishagarwal/Desktop/Vybe/ios/Pods/Headers/Public/React-rendererconsistency -Xcc -I/Users/tavishagarwal/Desktop/Vybe/ios/Pods/Headers/Public/React-renderercss -Xcc -I/Users/tavishagarwal/Desktop/Vybe/ios/Pods/Headers/Public/React-rendererdebug -Xcc -I/Users/tavishagarwal/Desktop/Vybe/ios/Pods/Headers/Public/React-runtimeexecutor -Xcc -I/Users/tavishagarwal/Desktop/Vybe/ios/Pods/Headers/Public/React-runtimescheduler -Xcc -I/Users/tavishagarwal/Desktop/Vybe/ios/Pods/Headers/Public/React-timing -Xcc -I/Users/tavishagarwal/Desktop/Vybe/ios/Pods/Headers/Public/React-utils -Xcc -I/Users/tavishagarwal/Desktop/Vybe/ios/Pods/Headers/Public/React-webperformancenativemodule -Xcc -I/Users/tavishagarwal/Desktop/Vybe/ios/Pods/Headers/Public/ReactCodegen -Xcc -I/Users/tavishagarwal/Desktop/Vybe/ios/Pods/Headers/Public/ReactCommon -Xcc -I/Users/tavishagarwal/Desktop/Vybe/ios/Pods/Headers/Public/ReactNativeDependencies -Xcc -I/Users/tavishagarwal/Desktop/Vybe/ios/Pods/Headers/Public/Yoga -Xcc -I/Users/tavishagarwal/Desktop/Vybe/ios/Pods/Headers/Public/hermes-engine -Xcc -I/Users/tavishagarwal/Library/Developer/Xcode/DerivedData/Vybe-eypqtupuvqzwmybaqlzhbqpdfpou/Build/Intermediates.noindex/Pods.build/Debug-iphonesimulator/ExpoFont.build/DerivedSources-normal/arm64 -Xcc -I/Users/tavishagarwal/Library/Developer/Xcode/DerivedData/Vybe-eypqtupuvqzwmybaqlzhbqpdfpou/Build/Intermediates.noindex/Pods.build/Debug-iphonesimulator/ExpoFont.build/DerivedSources/arm64 -Xcc -I/Users/tavishagarwal/Library/Developer/Xcode/DerivedData/Vybe-eypqtupuvqzwmybaqlzhbqpdfpou/Build/Intermediates.noindex/Pods.build/Debug-iphonesimulator/ExpoFont.build/DerivedSources -Xcc -DPOD_CONFIGURATION_DEBUG\=1 -Xcc -DDEBUG\=1 -Xcc -DCOCOAPODS\=1 -emit-objc-header -emit-objc-header-path /Users/tavishagarwal/Library/Developer/Xcode/DerivedData/Vybe-eypqtupuvqzwmybaqlzhbqpdfpou/Build/Intermediates.noindex/Pods.build/Debug-iphonesimulator/ExpoFont.build/Objects-normal/arm64/ExpoFont-Swift.h -working-directory /Users/tavishagarwal/Desktop/Vybe/ios/Pods -experimental-emit-module-separately -disable-cmo

SwiftDriver ExpoFileSystem normal arm64 com.apple.xcode.tools.swift.compiler (in target 'ExpoFileSystem' from project 'Pods')
    cd /Users/tavishagarwal/Desktop/Vybe/ios/Pods
    builtin-SwiftDriver -- /Applications/Xcode.app/Contents/Developer/Toolchains/XcodeDefault.xctoolchain/usr/bin/swiftc -module-name ExpoFileSystem -Onone @/Users/tavishagarwal/Library/Developer/Xcode/DerivedData/Vybe-eypqtupuvqzwmybaqlzhbqpdfpou/Build/Intermediates.noindex/Pods.build/Debug-iphonesimulator/ExpoFileSystem.build/Objects-normal/arm64/ExpoFileSystem.SwiftFileList -DDEBUG -D COCOAPODS -Xcc -fmodule-map-file\=/Users/tavishagarwal/Library/Developer/Xcode/DerivedData/Vybe-eypqtupuvqzwmybaqlzhbqpdfpou/Build/Products/Debug-iphonesimulator/ExpoModulesCore/ExpoModulesCore.modulemap -Xcc -fmodule-map-file\=/Users/tavishagarwal/Library/Developer/Xcode/DerivedData/Vybe-eypqtupuvqzwmybaqlzhbqpdfpou/Build/Products/Debug-iphonesimulator/RCTSwiftUI/RCTSwiftUI.modulemap -Xcc -fmodule-map-file\=/Users/tavishagarwal/Desktop/Vybe/ios/Pods/Headers/Public/ExpoModulesJSI/ExpoModulesJSI.modulemap -Xcc -fmodule-map-file\=/Users/tavishagarwal/Desktop/Vybe/ios/Pods/Headers/Public/RNWorklets/RNWorklets.modulemap -Xcc -fmodule-map-file\=/Users/tavishagarwal/Desktop/Vybe/ios/Pods/Headers/Public/ReactCodegen/ReactCodegen.modulemap -import-underlying-module -Xcc -fmodule-map-file\=/Users/tavishagarwal/Desktop/Vybe/ios/Pods/Headers/Public/ExpoFileSystem/ExpoFileSystem.modulemap -enable-bare-slash-regex -enable-experimental-feature DebugDescriptionMacro -sdk /Applications/Xcode.app/Contents/Developer/Platforms/iPhoneSimulator.platform/Developer/SDKs/iPhoneSimulator26.4.sdk -target arm64-apple-ios15.1-simulator -g -module-cache-path /Users/tavishagarwal/Library/Developer/Xcode/DerivedData/ModuleCache.noindex -Xfrontend -serialize-debugging-options -enable-testing -index-store-path /Users/tavishagarwal/Library/Developer/Xcode/DerivedData/Vybe-eypqtupuvqzwmybaqlzhbqpdfpou/Index.noindex/DataStore -Xcc -D_LIBCPP_HARDENING_MODE\=_LIBCPP_HARDENING_MODE_DEBUG -swift-version 5 -I /Users/tavishagarwal/Library/Developer/Xcode/DerivedData/Vybe-eypqtupuvqzwmybaqlzhbqpdfpou/Build/Products/Debug-iphonesimulator/ExpoFileSystem -I /Users/tavishagarwal/Library/Developer/Xcode/DerivedData/Vybe-eypqtupuvqzwmybaqlzhbqpdfpou/Build/Products/Debug-iphonesimulator/ExpoModulesCore -I /Users/tavishagarwal/Library/Developer/Xcode/DerivedData/Vybe-eypqtupuvqzwmybaqlzhbqpdfpou/Build/Products/Debug-iphonesimulator/RCTSwiftUI -F /Users/tavishagarwal/Library/Developer/Xcode/DerivedData/Vybe-eypqtupuvqzwmybaqlzhbqpdfpou/Build/Products/Debug-iphonesimulator/ExpoFileSystem -F /Users/tavishagarwal/Desktop/Vybe/ios/Pods/React-Core-prebuilt -F /Users/tavishagarwal/Desktop/Vybe/ios/Pods/ReactNativeDependencies/framework/packages/react-native -F /Users/tavishagarwal/Desktop/Vybe/ios/Pods/hermes-engine/destroot/Library/Frameworks/universal -F /Users/tavishagarwal/Library/Developer/Xcode/DerivedData/Vybe-eypqtupuvqzwmybaqlzhbqpdfpou/Build/Products/Debug-iphonesimulator/XCFrameworkIntermediates/React-Core-prebuilt -F /Users/tavishagarwal/Library/Developer/Xcode/DerivedData/Vybe-eypqtupuvqzwmybaqlzhbqpdfpou/Build/Products/Debug-iphonesimulator/XCFrameworkIntermediates/ReactNativeDependencies -F /Users/tavishagarwal/Library/Developer/Xcode/DerivedData/Vybe-eypqtupuvqzwmybaqlzhbqpdfpou/Build/Products/Debug-iphonesimulator/XCFrameworkIntermediates/hermes-engine/Pre-built -c -j10 -enable-batch-mode -incremental -Xcc -ivfsstatcache -Xcc /Users/tavishagarwal/Library/Developer/Xcode/DerivedData/SDKStatCaches.noindex/iphonesimulator26.4-23E252-686eebb5dc1d8ecb277353a59184f4aa.sdkstatcache -output-file-map /Users/tavishagarwal/Library/Developer/Xcode/DerivedData/Vybe-eypqtupuvqzwmybaqlzhbqpdfpou/Build/Intermediates.noindex/Pods.build/Debug-iphonesimulator/ExpoFileSystem.build/Objects-normal/arm64/ExpoFileSystem-OutputFileMap.json -use-frontend-parseable-output -save-temps -no-color-diagnostics -serialize-diagnostics -emit-dependencies -emit-module -emit-module-path /Users/tavishagarwal/Library/Developer/Xcode/DerivedData/Vybe-eypqtupuvqzwmybaqlzhbqpdfpou/Build/Intermediates.noindex/Pods.build/Debug-iphonesimulator/ExpoFileSystem.build/Objects-normal/arm64/ExpoFileSystem.swiftmodule -validate-clang-modules-once -clang-build-session-file /Users/tavishagarwal/Library/Developer/Xcode/DerivedData/ModuleCache.noindex/Session.modulevalidation -Xcc -I/Users/tavishagarwal/Library/Developer/Xcode/DerivedData/Vybe-eypqtupuvqzwmybaqlzhbqpdfpou/Build/Intermediates.noindex/Pods.build/Debug-iphonesimulator/ExpoFileSystem.build/swift-overrides.hmap -emit-const-values -Xfrontend -const-gather-protocols-file -Xfrontend /Users/tavishagarwal/Library/Developer/Xcode/DerivedData/Vybe-eypqtupuvqzwmybaqlzhbqpdfpou/Build/Intermediates.noindex/Pods.build/Debug-iphonesimulator/ExpoFileSystem.build/Objects-normal/arm64/ExpoFileSystem_const_extract_protocols.json -Xcc -iquote -Xcc /Users/tavishagarwal/Library/Developer/Xcode/DerivedData/Vybe-eypqtupuvqzwmybaqlzhbqpdfpou/Build/Intermediates.noindex/Pods.build/Debug-iphonesimulator/ExpoFileSystem.build/ExpoFileSystem-generated-files.hmap -Xcc -I/Users/tavishagarwal/Library/Developer/Xcode/DerivedData/Vybe-eypqtupuvqzwmybaqlzhbqpdfpou/Build/Intermediates.noindex/Pods.build/Debug-iphonesimulator/ExpoFileSystem.build/ExpoFileSystem-own-target-headers.hmap -Xcc -I/Users/tavishagarwal/Library/Developer/Xcode/DerivedData/Vybe-eypqtupuvqzwmybaqlzhbqpdfpou/Build/Intermediates.noindex/Pods.build/Debug-iphonesimulator/ExpoFileSystem.build/ExpoFileSystem-all-non-framework-target-headers.hmap -Xcc -ivfsoverlay -Xcc /Users/tavishagarwal/Library/Developer/Xcode/DerivedData/Vybe-eypqtupuvqzwmybaqlzhbqpdfpou/Build/Intermediates.noindex/Pods.build/Debug-iphonesimulator/Pods-8699adb1dd336b26511df848a716bd42-VFS-iphonesimulator/all-product-headers.yaml -Xcc -iquote -Xcc /Users/tavishagarwal/Library/Developer/Xcode/DerivedData/Vybe-eypqtupuvqzwmybaqlzhbqpdfpou/Build/Intermediates.noindex/Pods.build/Debug-iphonesimulator/ExpoFileSystem.build/ExpoFileSystem-project-headers.hmap -Xcc -I/Users/tavishagarwal/Library/Developer/Xcode/DerivedData/Vybe-eypqtupuvqzwmybaqlzhbqpdfpou/Build/Products/Debug-iphonesimulator/ExpoFileSystem/include -Xcc -I/Users/tavishagarwal/Desktop/Vybe/ios/Pods/Headers/Private -Xcc -I/Users/tavishagarwal/Desktop/Vybe/ios/Pods/Headers/Private/ExpoFileSystem -Xcc -I/Users/tavishagarwal/Desktop/Vybe/ios/Pods/Headers/Public -Xcc -I/Users/tavishagarwal/Desktop/Vybe/ios/Pods/Headers/Public/ExpoModulesCore -Xcc -I/Users/tavishagarwal/Desktop/Vybe/ios/Pods/Headers/Public/ExpoModulesJSI -Xcc -I/Users/tavishagarwal/Desktop/Vybe/ios/Pods/Headers/Public/FBLazyVector -Xcc -I/Users/tavishagarwal/Desktop/Vybe/ios/Pods/Headers/Public/RCTRequired -Xcc -I/Users/tavishagarwal/Desktop/Vybe/ios/Pods/Headers/Public/RCTSwiftUIWrapper -Xcc -I/Users/tavishagarwal/Desktop/Vybe/ios/Pods/Headers/Public/RCTTypeSafety -Xcc -I/Users/tavishagarwal/Desktop/Vybe/ios/Pods/Headers/Public/RNWorklets -Xcc -I/Users/tavishagarwal/Desktop/Vybe/ios/Pods/Headers/Public/React-Core -Xcc -I/Users/tavishagarwal/Desktop/Vybe/ios/Pods/Headers/Public/React-Core-prebuilt -Xcc -I/Users/tavishagarwal/Desktop/Vybe/ios/Pods/Headers/Public/React-CoreModules -Xcc -I/Users/tavishagarwal/Desktop/Vybe/ios/Pods/Headers/Public/React-Fabric -Xcc -I/Users/tavishagarwal/Desktop/Vybe/ios/Pods/Headers/Public/React-FabricComponents -Xcc -I/Users/tavishagarwal/Desktop/Vybe/ios/Pods/Headers/Public/React-FabricImage -Xcc -I/Users/tavishagarwal/Desktop/Vybe/ios/Pods/Headers/Public/React-ImageManager -Xcc -I/Users/tavishagarwal/Desktop/Vybe/ios/Pods/Headers/Public/React-Mapbuffer -Xcc -I/Users/tavishagarwal/Desktop/Vybe/ios/Pods/Headers/Public/React-NativeModulesApple -Xcc -I/Users/tavishagarwal/Desktop/Vybe/ios/Pods/Headers/Public/React-RCTAnimation -Xcc -I/Users/tavishagarwal/Desktop/Vybe/ios/Pods/Headers/Public/React-RCTBlob -Xcc -I/Users/tavishagarwal/Desktop/Vybe/ios/Pods/Headers/Public/React-RCTFBReactNativeSpec -Xcc -I/Users/tavishagarwal/Desktop/Vybe/ios/Pods/Headers/Public/React-RCTFabric -Xcc -I/Users/tavishagarwal/Desktop/Vybe/ios/Pods/Headers/Public/React-RCTImage -Xcc -I/Users/tavishagarwal/Desktop/Vybe/ios/Pods/Headers/Public/React-RCTRuntime -Xcc -I/Users/tavishagarwal/Desktop/Vybe/ios/Pods/Headers/Public/React-RCTText -Xcc -I/Users/tavishagarwal/Desktop/Vybe/ios/Pods/Headers/Public/React-RuntimeApple -Xcc -I/Users/tavishagarwal/Desktop/Vybe/ios/Pods/Headers/Public/React-RuntimeCore -Xcc -I/Users/tavishagarwal/Desktop/Vybe/ios/Pods/Headers/Public/React-RuntimeHermes -Xcc -I/Users/tavishagarwal/Desktop/Vybe/ios/Pods/Headers/Public/React-callinvoker -Xcc -I/Users/tavishagarwal/Desktop/Vybe/ios/Pods/Headers/Public/React-cxxreact -Xcc -I/Users/tavishagarwal/Desktop/Vybe/ios/Pods/Headers/Public/React-debug -Xcc -I/Users/tavishagarwal/Desktop/Vybe/ios/Pods/Headers/Public/React-defaultsnativemodule -Xcc -I/Users/tavishagarwal/Desktop/Vybe/ios/Pods/Headers/Public/React-domnativemodule -Xcc -I/Users/tavishagarwal/Desktop/Vybe/ios/Pods/Headers/Public/React-featureflags -Xcc -I/Users/tavishagarwal/Desktop/Vybe/ios/Pods/Headers/Public/React-featureflagsnativemodule -Xcc -I/Users/tavishagarwal/Desktop/Vybe/ios/Pods/Headers/Public/React-graphics -Xcc -I/Users/tavishagarwal/Desktop/Vybe/ios/Pods/Headers/Public/React-hermes -Xcc -I/Users/tavishagarwal/Desktop/Vybe/ios/Pods/Headers/Public/React-idlecallbacksnativemodule -Xcc -I/Users/tavishagarwal/Desktop/Vybe/ios/Pods/Headers/Public/React-intersectionobservernativemodule -Xcc -I/Users/tavishagarwal/Desktop/Vybe/ios/Pods/Headers/Public/React-jserrorhandler -Xcc -I/Users/tavishagarwal/Desktop/Vybe/ios/Pods/Headers/Public/React-jsi -Xcc -I/Users/tavishagarwal/Desktop/Vybe/ios/Pods/Headers/Public/React-jsiexecutor -Xcc -I/Users/tavishagarwal/Desktop/Vybe/ios/Pods/Headers/Public/React-jsinspector -Xcc -I/Users/tavishagarwal/Desktop/Vybe/ios/Pods/Headers/Public/React-jsinspectorcdp -Xcc -I/Users/tavishagarwal/Desktop/Vybe/ios/Pods/Headers/Public/React-jsinspectornetwork -Xcc -I/Users/tavishagarwal/Desktop/Vybe/ios/Pods/Headers/Public/React-jsinspectortracing -Xcc -I/Users/tavishagarwal/Desktop/Vybe/ios/Pods/Headers/Public/React-jsitooling -Xcc -I/Users/tavishagarwal/Desktop/Vybe/ios/Pods/Headers/Public/React-logger -Xcc -I/Users/tavishagarwal/Desktop/Vybe/ios/Pods/Headers/Public/React-microtasksnativemodule -Xcc -I/Users/tavishagarwal/Desktop/Vybe/ios/Pods/Headers/Public/React-networking -Xcc -I/Users/tavishagarwal/Desktop/Vybe/ios/Pods/Headers/Public/React-oscompat -Xcc -I/Users/tavishagarwal/Desktop/Vybe/ios/Pods/Headers/Public/React-perflogger -Xcc -I/Users/tavishagarwal/Desktop/Vybe/ios/Pods/Headers/Public/React-performancecdpmetrics -Xcc -I/Users/tavishagarwal/Desktop/Vybe/ios/Pods/Headers/Public/React-performancetimeline -Xcc -I/Users/tavishagarwal/Desktop/Vybe/ios/Pods/Headers/Public/React-rendererconsistency -Xcc -I/Users/tavishagarwal/Desktop/Vybe/ios/Pods/Headers/Public/React-renderercss -Xcc -I/Users/tavishagarwal/Desktop/Vybe/ios/Pods/Headers/Public/React-rendererdebug -Xcc -I/Users/tavishagarwal/Desktop/Vybe/ios/Pods/Headers/Public/React-runtimeexecutor -Xcc -I/Users/tavishagarwal/Desktop/Vybe/ios/Pods/Headers/Public/React-runtimescheduler -Xcc -I/Users/tavishagarwal/Desktop/Vybe/ios/Pods/Headers/Public/React-timing -Xcc -I/Users/tavishagarwal/Desktop/Vybe/ios/Pods/Headers/Public/React-utils -Xcc -I/Users/tavishagarwal/Desktop/Vybe/ios/Pods/Headers/Public/React-webperformancenativemodule -Xcc -I/Users/tavishagarwal/Desktop/Vybe/ios/Pods/Headers/Public/ReactCodegen -Xcc -I/Users/tavishagarwal/Desktop/Vybe/ios/Pods/Headers/Public/ReactCommon -Xcc -I/Users/tavishagarwal/Desktop/Vybe/ios/Pods/Headers/Public/ReactNativeDependencies -Xcc -I/Users/tavishagarwal/Desktop/Vybe/ios/Pods/Headers/Public/Yoga -Xcc -I/Users/tavishagarwal/Desktop/Vybe/ios/Pods/Headers/Public/hermes-engine -Xcc -I/Users/tavishagarwal/Library/Developer/Xcode/DerivedData/Vybe-eypqtupuvqzwmybaqlzhbqpdfpou/Build/Intermediates.noindex/Pods.build/Debug-iphonesimulator/ExpoFileSystem.build/DerivedSources-normal/arm64 -Xcc -I/Users/tavishagarwal/Library/Developer/Xcode/DerivedData/Vybe-eypqtupuvqzwmybaqlzhbqpdfpou/Build/Intermediates.noindex/Pods.build/Debug-iphonesimulator/ExpoFileSystem.build/DerivedSources/arm64 -Xcc -I/Users/tavishagarwal/Library/Developer/Xcode/DerivedData/Vybe-eypqtupuvqzwmybaqlzhbqpdfpou/Build/Intermediates.noindex/Pods.build/Debug-iphonesimulator/ExpoFileSystem.build/DerivedSources -Xcc -DPOD_CONFIGURATION_DEBUG\=1 -Xcc -DDEBUG\=1 -Xcc -DCOCOAPODS\=1 -emit-objc-header -emit-objc-header-path /Users/tavishagarwal/Library/Developer/Xcode/DerivedData/Vybe-eypqtupuvqzwmybaqlzhbqpdfpou/Build/Intermediates.noindex/Pods.build/Debug-iphonesimulator/ExpoFileSystem.build/Objects-normal/arm64/ExpoFileSystem-Swift.h -working-directory /Users/tavishagarwal/Desktop/Vybe/ios/Pods -experimental-emit-module-separately -disable-cmo

SwiftDriver ExpoCamera normal arm64 com.apple.xcode.tools.swift.compiler (in target 'ExpoCamera' from project 'Pods')
    cd /Users/tavishagarwal/Desktop/Vybe/ios/Pods
    builtin-SwiftDriver -- /Applications/Xcode.app/Contents/Developer/Toolchains/XcodeDefault.xctoolchain/usr/bin/swiftc -module-name ExpoCamera -Onone -whole-module-optimization @/Users/tavishagarwal/Library/Developer/Xcode/DerivedData/Vybe-eypqtupuvqzwmybaqlzhbqpdfpou/Build/Intermediates.noindex/Pods.build/Debug-iphonesimulator/ExpoCamera.build/Objects-normal/arm64/ExpoCamera.SwiftFileList -DDEBUG -D COCOAPODS -Xcc -fmodule-map-file\=/Users/tavishagarwal/Library/Developer/Xcode/DerivedData/Vybe-eypqtupuvqzwmybaqlzhbqpdfpou/Build/Products/Debug-iphonesimulator/ExpoModulesCore/ExpoModulesCore.modulemap -Xcc -fmodule-map-file\=/Users/tavishagarwal/Library/Developer/Xcode/DerivedData/Vybe-eypqtupuvqzwmybaqlzhbqpdfpou/Build/Products/Debug-iphonesimulator/RCTSwiftUI/RCTSwiftUI.modulemap -Xcc -fmodule-map-file\=/Users/tavishagarwal/Desktop/Vybe/ios/Pods/Headers/Public/ExpoModulesJSI/ExpoModulesJSI.modulemap -Xcc -fmodule-map-file\=/Users/tavishagarwal/Desktop/Vybe/ios/Pods/Headers/Public/RNWorklets/RNWorklets.modulemap -Xcc -fmodule-map-file\=/Users/tavishagarwal/Desktop/Vybe/ios/Pods/Headers/Public/ReactCodegen/ReactCodegen.modulemap -import-underlying-module -Xcc -fmodule-map-file\=/Users/tavishagarwal/Desktop/Vybe/ios/Pods/Headers/Public/ExpoCamera/ExpoCamera.modulemap -enable-bare-slash-regex -enable-experimental-feature DebugDescriptionMacro -sdk /Applications/Xcode.app/Contents/Developer/Platforms/iPhoneSimulator.platform/Developer/SDKs/iPhoneSimulator26.4.sdk -target arm64-apple-ios15.1-simulator -g -module-cache-path /Users/tavishagarwal/Library/Developer/Xcode/DerivedData/ModuleCache.noindex -Xfrontend -serialize-debugging-options -enable-testing -index-store-path /Users/tavishagarwal/Library/Developer/Xcode/DerivedData/Vybe-eypqtupuvqzwmybaqlzhbqpdfpou/Index.noindex/DataStore -Xcc -D_LIBCPP_HARDENING_MODE\=_LIBCPP_HARDENING_MODE_DEBUG -swift-version 5 -I /Users/tavishagarwal/Library/Developer/Xcode/DerivedData/Vybe-eypqtupuvqzwmybaqlzhbqpdfpou/Build/Products/Debug-iphonesimulator/ExpoCamera -I /Users/tavishagarwal/Library/Developer/Xcode/DerivedData/Vybe-eypqtupuvqzwmybaqlzhbqpdfpou/Build/Products/Debug-iphonesimulator/ExpoModulesCore -I /Users/tavishagarwal/Library/Developer/Xcode/DerivedData/Vybe-eypqtupuvqzwmybaqlzhbqpdfpou/Build/Products/Debug-iphonesimulator/RCTSwiftUI -F /Users/tavishagarwal/Library/Developer/Xcode/DerivedData/Vybe-eypqtupuvqzwmybaqlzhbqpdfpou/Build/Products/Debug-iphonesimulator/ExpoCamera -F /Users/tavishagarwal/Desktop/Vybe/ios/Pods/React-Core-prebuilt -F /Users/tavishagarwal/Desktop/Vybe/ios/Pods/ReactNativeDependencies/framework/packages/react-native -F /Users/tavishagarwal/Desktop/Vybe/ios/Pods/hermes-engine/destroot/Library/Frameworks/universal -F /Users/tavishagarwal/Library/Developer/Xcode/DerivedData/Vybe-eypqtupuvqzwmybaqlzhbqpdfpou/Build/Products/Debug-iphonesimulator/XCFrameworkIntermediates/React-Core-prebuilt -F /Users/tavishagarwal/Library/Developer/Xcode/DerivedData/Vybe-eypqtupuvqzwmybaqlzhbqpdfpou/Build/Products/Debug-iphonesimulator/XCFrameworkIntermediates/ReactNativeDependencies -F /Users/tavishagarwal/Library/Developer/Xcode/DerivedData/Vybe-eypqtupuvqzwmybaqlzhbqpdfpou/Build/Products/Debug-iphonesimulator/XCFrameworkIntermediates/hermes-engine/Pre-built -c -num-threads 10 -Xcc -ivfsstatcache -Xcc /Users/tavishagarwal/Library/Developer/Xcode/DerivedData/SDKStatCaches.noindex/iphonesimulator26.4-23E252-686eebb5dc1d8ecb277353a59184f4aa.sdkstatcache -output-file-map /Users/tavishagarwal/Library/Developer/Xcode/DerivedData/Vybe-eypqtupuvqzwmybaqlzhbqpdfpou/Build/Intermediates.noindex/Pods.build/Debug-iphonesimulator/ExpoCamera.build/Objects-normal/arm64/ExpoCamera-OutputFileMap.json -use-frontend-parseable-output -save-temps -no-color-diagnostics -serialize-diagnostics -emit-dependencies -emit-module -emit-module-path /Users/tavishagarwal/Library/Developer/Xcode/DerivedData/Vybe-eypqtupuvqzwmybaqlzhbqpdfpou/Build/Intermediates.noindex/Pods.build/Debug-iphonesimulator/ExpoCamera.build/Objects-normal/arm64/ExpoCamera.swiftmodule -validate-clang-modules-once -clang-build-session-file /Users/tavishagarwal/Library/Developer/Xcode/DerivedData/ModuleCache.noindex/Session.modulevalidation -Xcc -I/Users/tavishagarwal/Library/Developer/Xcode/DerivedData/Vybe-eypqtupuvqzwmybaqlzhbqpdfpou/Build/Intermediates.noindex/Pods.build/Debug-iphonesimulator/ExpoCamera.build/swift-overrides.hmap -emit-const-values -Xfrontend -const-gather-protocols-file -Xfrontend /Users/tavishagarwal/Library/Developer/Xcode/DerivedData/Vybe-eypqtupuvqzwmybaqlzhbqpdfpou/Build/Intermediates.noindex/Pods.build/Debug-iphonesimulator/ExpoCamera.build/Objects-normal/arm64/ExpoCamera_const_extract_protocols.json -Xcc -iquote -Xcc /Users/tavishagarwal/Library/Developer/Xcode/DerivedData/Vybe-eypqtupuvqzwmybaqlzhbqpdfpou/Build/Intermediates.noindex/Pods.build/Debug-iphonesimulator/ExpoCamera.build/ExpoCamera-generated-files.hmap -Xcc -I/Users/tavishagarwal/Library/Developer/Xcode/DerivedData/Vybe-eypqtupuvqzwmybaqlzhbqpdfpou/Build/Intermediates.noindex/Pods.build/Debug-iphonesimulator/ExpoCamera.build/ExpoCamera-own-target-headers.hmap -Xcc -I/Users/tavishagarwal/Library/Developer/Xcode/DerivedData/Vybe-eypqtupuvqzwmybaqlzhbqpdfpou/Build/Intermediates.noindex/Pods.build/Debug-iphonesimulator/ExpoCamera.build/ExpoCamera-all-non-framework-target-headers.hmap -Xcc -ivfsoverlay -Xcc /Users/tavishagarwal/Library/Developer/Xcode/DerivedData/Vybe-eypqtupuvqzwmybaqlzhbqpdfpou/Build/Intermediates.noindex/Pods.build/Debug-iphonesimulator/Pods-8699adb1dd336b26511df848a716bd42-VFS-iphonesimulator/all-product-headers.yaml -Xcc -iquote -Xcc /Users/tavishagarwal/Library/Developer/Xcode/DerivedData/Vybe-eypqtupuvqzwmybaqlzhbqpdfpou/Build/Intermediates.noindex/Pods.build/Debug-iphonesimulator/ExpoCamera.build/ExpoCamera-project-headers.hmap -Xcc -I/Users/tavishagarwal/Library/Developer/Xcode/DerivedData/Vybe-eypqtupuvqzwmybaqlzhbqpdfpou/Build/Products/Debug-iphonesimulator/ExpoCamera/include -Xcc -I/Users/tavishagarwal/Desktop/Vybe/ios/Pods/Headers/Public -Xcc -I/Users/tavishagarwal/Desktop/Vybe/ios/Pods/Headers/Public/ExpoModulesCore -Xcc -I/Users/tavishagarwal/Desktop/Vybe/ios/Pods/Headers/Public/ExpoModulesJSI -Xcc -I/Users/tavishagarwal/Desktop/Vybe/ios/Pods/Headers/Public/FBLazyVector -Xcc -I/Users/tavishagarwal/Desktop/Vybe/ios/Pods/Headers/Public/RCTRequired -Xcc -I/Users/tavishagarwal/Desktop/Vybe/ios/Pods/Headers/Public/RCTSwiftUIWrapper -Xcc -I/Users/tavishagarwal/Desktop/Vybe/ios/Pods/Headers/Public/RCTTypeSafety -Xcc -I/Users/tavishagarwal/Desktop/Vybe/ios/Pods/Headers/Public/RNWorklets -Xcc -I/Users/tavishagarwal/Desktop/Vybe/ios/Pods/Headers/Public/React-Core -Xcc -I/Users/tavishagarwal/Desktop/Vybe/ios/Pods/Headers/Public/React-Core-prebuilt -Xcc -I/Users/tavishagarwal/Desktop/Vybe/ios/Pods/Headers/Public/React-CoreModules -Xcc -I/Users/tavishagarwal/Desktop/Vybe/ios/Pods/Headers/Public/React-Fabric -Xcc -I/Users/tavishagarwal/Desktop/Vybe/ios/Pods/Headers/Public/React-FabricComponents -Xcc -I/Users/tavishagarwal/Desktop/Vybe/ios/Pods/Headers/Public/React-FabricImage -Xcc -I/Users/tavishagarwal/Desktop/Vybe/ios/Pods/Headers/Public/React-ImageManager -Xcc -I/Users/tavishagarwal/Desktop/Vybe/ios/Pods/Headers/Public/React-Mapbuffer -Xcc -I/Users/tavishagarwal/Desktop/Vybe/ios/Pods/Headers/Public/React-NativeModulesApple -Xcc -I/Users/tavishagarwal/Desktop/Vybe/ios/Pods/Headers/Public/React-RCTAnimation -Xcc -I/Users/tavishagarwal/Desktop/Vybe/ios/Pods/Headers/Public/React-RCTBlob -Xcc -I/Users/tavishagarwal/Desktop/Vybe/ios/Pods/Headers/Public/React-RCTFBReactNativeSpec -Xcc -I/Users/tavishagarwal/Desktop/Vybe/ios/Pods/Headers/Public/React-RCTFabric -Xcc -I/Users/tavishagarwal/Desktop/Vybe/ios/Pods/Headers/Public/React-RCTImage -Xcc -I/Users/tavishagarwal/Desktop/Vybe/ios/Pods/Headers/Public/React-RCTRuntime -Xcc -I/Users/tavishagarwal/Desktop/Vybe/ios/Pods/Headers/Public/React-RCTText -Xcc -I/Users/tavishagarwal/Desktop/Vybe/ios/Pods/Headers/Public/React-RuntimeApple -Xcc -I/Users/tavishagarwal/Desktop/Vybe/ios/Pods/Headers/Public/React-RuntimeCore -Xcc -I/Users/tavishagarwal/Desktop/Vybe/ios/Pods/Headers/Public/React-RuntimeHermes -Xcc -I/Users/tavishagarwal/Desktop/Vybe/ios/Pods/Headers/Public/React-callinvoker -Xcc -I/Users/tavishagarwal/Desktop/Vybe/ios/Pods/Headers/Public/React-cxxreact -Xcc -I/Users/tavishagarwal/Desktop/Vybe/ios/Pods/Headers/Public/React-debug -Xcc -I/Users/tavishagarwal/Desktop/Vybe/ios/Pods/Headers/Public/React-defaultsnativemodule -Xcc -I/Users/tavishagarwal/Desktop/Vybe/ios/Pods/Headers/Public/React-domnativemodule -Xcc -I/Users/tavishagarwal/Desktop/Vybe/ios/Pods/Headers/Public/React-featureflags -Xcc -I/Users/tavishagarwal/Desktop/Vybe/ios/Pods/Headers/Public/React-featureflagsnativemodule -Xcc -I/Users/tavishagarwal/Desktop/Vybe/ios/Pods/Headers/Public/React-graphics -Xcc -I/Users/tavishagarwal/Desktop/Vybe/ios/Pods/Headers/Public/React-hermes -Xcc -I/Users/tavishagarwal/Desktop/Vybe/ios/Pods/Headers/Public/React-idlecallbacksnativemodule -Xcc -I/Users/tavishagarwal/Desktop/Vybe/ios/Pods/Headers/Public/React-intersectionobservernativemodule -Xcc -I/Users/tavishagarwal/Desktop/Vybe/ios/Pods/Headers/Public/React-jserrorhandler -Xcc -I/Users/tavishagarwal/Desktop/Vybe/ios/Pods/Headers/Public/React-jsi -Xcc -I/Users/tavishagarwal/Desktop/Vybe/ios/Pods/Headers/Public/React-jsiexecutor -Xcc -I/Users/tavishagarwal/Desktop/Vybe/ios/Pods/Headers/Public/React-jsinspector -Xcc -I/Users/tavishagarwal/Desktop/Vybe/ios/Pods/Headers/Public/React-jsinspectorcdp -Xcc -I/Users/tavishagarwal/Desktop/Vybe/ios/Pods/Headers/Public/React-jsinspectornetwork -Xcc -I/Users/tavishagarwal/Desktop/Vybe/ios/Pods/Headers/Public/React-jsinspectortracing -Xcc -I/Users/tavishagarwal/Desktop/Vybe/ios/Pods/Headers/Public/React-jsitooling -Xcc -I/Users/tavishagarwal/Desktop/Vybe/ios/Pods/Headers/Public/React-logger -Xcc -I/Users/tavishagarwal/Desktop/Vybe/ios/Pods/Headers/Public/React-microtasksnativemodule -Xcc -I/Users/tavishagarwal/Desktop/Vybe/ios/Pods/Headers/Public/React-networking -Xcc -I/Users/tavishagarwal/Desktop/Vybe/ios/Pods/Headers/Public/React-oscompat -Xcc -I/Users/tavishagarwal/Desktop/Vybe/ios/Pods/Headers/Public/React-perflogger -Xcc -I/Users/tavishagarwal/Desktop/Vybe/ios/Pods/Headers/Public/React-performancecdpmetrics -Xcc -I/Users/tavishagarwal/Desktop/Vybe/ios/Pods/Headers/Public/React-performancetimeline -Xcc -I/Users/tavishagarwal/Desktop/Vybe/ios/Pods/Headers/Public/React-rendererconsistency -Xcc -I/Users/tavishagarwal/Desktop/Vybe/ios/Pods/Headers/Public/React-renderercss -Xcc -I/Users/tavishagarwal/Desktop/Vybe/ios/Pods/Headers/Public/React-rendererdebug -Xcc -I/Users/tavishagarwal/Desktop/Vybe/ios/Pods/Headers/Public/React-runtimeexecutor -Xcc -I/Users/tavishagarwal/Desktop/Vybe/ios/Pods/Headers/Public/React-runtimescheduler -Xcc -I/Users/tavishagarwal/Desktop/Vybe/ios/Pods/Headers/Public/React-timing -Xcc -I/Users/tavishagarwal/Desktop/Vybe/ios/Pods/Headers/Public/React-utils -Xcc -I/Users/tavishagarwal/Desktop/Vybe/ios/Pods/Headers/Public/React-webperformancenativemodule -Xcc -I/Users/tavishagarwal/Desktop/Vybe/ios/Pods/Headers/Public/ReactCodegen -Xcc -I/Users/tavishagarwal/Desktop/Vybe/ios/Pods/Headers/Public/ReactCommon -Xcc -I/Users/tavishagarwal/Desktop/Vybe/ios/Pods/Headers/Public/ReactNativeDependencies -Xcc -I/Users/tavishagarwal/Desktop/Vybe/ios/Pods/Headers/Public/Yoga -Xcc -I/Users/tavishagarwal/Desktop/Vybe/ios/Pods/Headers/Public/hermes-engine -Xcc -I/Users/tavishagarwal/Library/Developer/Xcode/DerivedData/Vybe-eypqtupuvqzwmybaqlzhbqpdfpou/Build/Intermediates.noindex/Pods.build/Debug-iphonesimulator/ExpoCamera.build/DerivedSources-normal/arm64 -Xcc -I/Users/tavishagarwal/Library/Developer/Xcode/DerivedData/Vybe-eypqtupuvqzwmybaqlzhbqpdfpou/Build/Intermediates.noindex/Pods.build/Debug-iphonesimulator/ExpoCamera.build/DerivedSources/arm64 -Xcc -I/Users/tavishagarwal/Library/Developer/Xcode/DerivedData/Vybe-eypqtupuvqzwmybaqlzhbqpdfpou/Build/Intermediates.noindex/Pods.build/Debug-iphonesimulator/ExpoCamera.build/DerivedSources -Xcc -DPOD_CONFIGURATION_DEBUG\=1 -Xcc -DDEBUG\=1 -Xcc -DCOCOAPODS\=1 -emit-objc-header -emit-objc-header-path /Users/tavishagarwal/Library/Developer/Xcode/DerivedData/Vybe-eypqtupuvqzwmybaqlzhbqpdfpou/Build/Intermediates.noindex/Pods.build/Debug-iphonesimulator/ExpoCamera.build/Objects-normal/arm64/ExpoCamera-Swift.h -working-directory /Users/tavishagarwal/Desktop/Vybe/ios/Pods -no-emit-module-separately-wmo

SwiftDriver ExpoBlur normal arm64 com.apple.xcode.tools.swift.compiler (in target 'ExpoBlur' from project 'Pods')
    cd /Users/tavishagarwal/Desktop/Vybe/ios/Pods
    builtin-SwiftDriver -- /Applications/Xcode.app/Contents/Developer/Toolchains/XcodeDefault.xctoolchain/usr/bin/swiftc -module-name ExpoBlur -Onone @/Users/tavishagarwal/Library/Developer/Xcode/DerivedData/Vybe-eypqtupuvqzwmybaqlzhbqpdfpou/Build/Intermediates.noindex/Pods.build/Debug-iphonesimulator/ExpoBlur.build/Objects-normal/arm64/ExpoBlur.SwiftFileList -DDEBUG -D COCOAPODS -Xcc -fmodule-map-file\=/Users/tavishagarwal/Library/Developer/Xcode/DerivedData/Vybe-eypqtupuvqzwmybaqlzhbqpdfpou/Build/Products/Debug-iphonesimulator/ExpoModulesCore/ExpoModulesCore.modulemap -Xcc -fmodule-map-file\=/Users/tavishagarwal/Library/Developer/Xcode/DerivedData/Vybe-eypqtupuvqzwmybaqlzhbqpdfpou/Build/Products/Debug-iphonesimulator/RCTSwiftUI/RCTSwiftUI.modulemap -Xcc -fmodule-map-file\=/Users/tavishagarwal/Desktop/Vybe/ios/Pods/Headers/Public/ExpoModulesJSI/ExpoModulesJSI.modulemap -Xcc -fmodule-map-file\=/Users/tavishagarwal/Desktop/Vybe/ios/Pods/Headers/Public/RNWorklets/RNWorklets.modulemap -Xcc -fmodule-map-file\=/Users/tavishagarwal/Desktop/Vybe/ios/Pods/Headers/Public/ReactCodegen/ReactCodegen.modulemap -import-underlying-module -Xcc -fmodule-map-file\=/Users/tavishagarwal/Desktop/Vybe/ios/Pods/Headers/Public/ExpoBlur/ExpoBlur.modulemap -enable-bare-slash-regex -enable-experimental-feature DebugDescriptionMacro -sdk /Applications/Xcode.app/Contents/Developer/Platforms/iPhoneSimulator.platform/Developer/SDKs/iPhoneSimulator26.4.sdk -target arm64-apple-ios15.1-simulator -g -module-cache-path /Users/tavishagarwal/Library/Developer/Xcode/DerivedData/ModuleCache.noindex -Xfrontend -serialize-debugging-options -enable-testing -index-store-path /Users/tavishagarwal/Library/Developer/Xcode/DerivedData/Vybe-eypqtupuvqzwmybaqlzhbqpdfpou/Index.noindex/DataStore -Xcc -D_LIBCPP_HARDENING_MODE\=_LIBCPP_HARDENING_MODE_DEBUG -swift-version 5 -I /Users/tavishagarwal/Library/Developer/Xcode/DerivedData/Vybe-eypqtupuvqzwmybaqlzhbqpdfpou/Build/Products/Debug-iphonesimulator/ExpoBlur -I /Users/tavishagarwal/Library/Developer/Xcode/DerivedData/Vybe-eypqtupuvqzwmybaqlzhbqpdfpou/Build/Products/Debug-iphonesimulator/ExpoModulesCore -I /Users/tavishagarwal/Library/Developer/Xcode/DerivedData/Vybe-eypqtupuvqzwmybaqlzhbqpdfpou/Build/Products/Debug-iphonesimulator/RCTSwiftUI -F /Users/tavishagarwal/Library/Developer/Xcode/DerivedData/Vybe-eypqtupuvqzwmybaqlzhbqpdfpou/Build/Products/Debug-iphonesimulator/ExpoBlur -F /Users/tavishagarwal/Desktop/Vybe/ios/Pods/React-Core-prebuilt -F /Users/tavishagarwal/Desktop/Vybe/ios/Pods/ReactNativeDependencies/framework/packages/react-native -F /Users/tavishagarwal/Desktop/Vybe/ios/Pods/hermes-engine/destroot/Library/Frameworks/universal -F /Users/tavishagarwal/Library/Developer/Xcode/DerivedData/Vybe-eypqtupuvqzwmybaqlzhbqpdfpou/Build/Products/Debug-iphonesimulator/XCFrameworkIntermediates/React-Core-prebuilt -F /Users/tavishagarwal/Library/Developer/Xcode/DerivedData/Vybe-eypqtupuvqzwmybaqlzhbqpdfpou/Build/Products/Debug-iphonesimulator/XCFrameworkIntermediates/ReactNativeDependencies -F /Users/tavishagarwal/Library/Developer/Xcode/DerivedData/Vybe-eypqtupuvqzwmybaqlzhbqpdfpou/Build/Products/Debug-iphonesimulator/XCFrameworkIntermediates/hermes-engine/Pre-built -c -j10 -enable-batch-mode -incremental -Xcc -ivfsstatcache -Xcc /Users/tavishagarwal/Library/Developer/Xcode/DerivedData/SDKStatCaches.noindex/iphonesimulator26.4-23E252-686eebb5dc1d8ecb277353a59184f4aa.sdkstatcache -output-file-map /Users/tavishagarwal/Library/Developer/Xcode/DerivedData/Vybe-eypqtupuvqzwmybaqlzhbqpdfpou/Build/Intermediates.noindex/Pods.build/Debug-iphonesimulator/ExpoBlur.build/Objects-normal/arm64/ExpoBlur-OutputFileMap.json -use-frontend-parseable-output -save-temps -no-color-diagnostics -serialize-diagnostics -emit-dependencies -emit-module -emit-module-path /Users/tavishagarwal/Library/Developer/Xcode/DerivedData/Vybe-eypqtupuvqzwmybaqlzhbqpdfpou/Build/Intermediates.noindex/Pods.build/Debug-iphonesimulator/ExpoBlur.build/Objects-normal/arm64/ExpoBlur.swiftmodule -validate-clang-modules-once -clang-build-session-file /Users/tavishagarwal/Library/Developer/Xcode/DerivedData/ModuleCache.noindex/Session.modulevalidation -Xcc -I/Users/tavishagarwal/Library/Developer/Xcode/DerivedData/Vybe-eypqtupuvqzwmybaqlzhbqpdfpou/Build/Intermediates.noindex/Pods.build/Debug-iphonesimulator/ExpoBlur.build/swift-overrides.hmap -emit-const-values -Xfrontend -const-gather-protocols-file -Xfrontend /Users/tavishagarwal/Library/Developer/Xcode/DerivedData/Vybe-eypqtupuvqzwmybaqlzhbqpdfpou/Build/Intermediates.noindex/Pods.build/Debug-iphonesimulator/ExpoBlur.build/Objects-normal/arm64/ExpoBlur_const_extract_protocols.json -Xcc -iquote -Xcc /Users/tavishagarwal/Library/Developer/Xcode/DerivedData/Vybe-eypqtupuvqzwmybaqlzhbqpdfpou/Build/Intermediates.noindex/Pods.build/Debug-iphonesimulator/ExpoBlur.build/ExpoBlur-generated-files.hmap -Xcc -I/Users/tavishagarwal/Library/Developer/Xcode/DerivedData/Vybe-eypqtupuvqzwmybaqlzhbqpdfpou/Build/Intermediates.noindex/Pods.build/Debug-iphonesimulator/ExpoBlur.build/ExpoBlur-own-target-headers.hmap -Xcc -I/Users/tavishagarwal/Library/Developer/Xcode/DerivedData/Vybe-eypqtupuvqzwmybaqlzhbqpdfpou/Build/Intermediates.noindex/Pods.build/Debug-iphonesimulator/ExpoBlur.build/ExpoBlur-all-non-framework-target-headers.hmap -Xcc -ivfsoverlay -Xcc /Users/tavishagarwal/Library/Developer/Xcode/DerivedData/Vybe-eypqtupuvqzwmybaqlzhbqpdfpou/Build/Intermediates.noindex/Pods.build/Debug-iphonesimulator/Pods-8699adb1dd336b26511df848a716bd42-VFS-iphonesimulator/all-product-headers.yaml -Xcc -iquote -Xcc /Users/tavishagarwal/Library/Developer/Xcode/DerivedData/Vybe-eypqtupuvqzwmybaqlzhbqpdfpou/Build/Intermediates.noindex/Pods.build/Debug-iphonesimulator/ExpoBlur.build/ExpoBlur-project-headers.hmap -Xcc -I/Users/tavishagarwal/Library/Developer/Xcode/DerivedData/Vybe-eypqtupuvqzwmybaqlzhbqpdfpou/Build/Products/Debug-iphonesimulator/ExpoBlur/include -Xcc -I/Users/tavishagarwal/Desktop/Vybe/ios/Pods/Headers/Public -Xcc -I/Users/tavishagarwal/Desktop/Vybe/ios/Pods/Headers/Public/ExpoModulesCore -Xcc -I/Users/tavishagarwal/Desktop/Vybe/ios/Pods/Headers/Public/ExpoModulesJSI -Xcc -I/Users/tavishagarwal/Desktop/Vybe/ios/Pods/Headers/Public/FBLazyVector -Xcc -I/Users/tavishagarwal/Desktop/Vybe/ios/Pods/Headers/Public/RCTRequired -Xcc -I/Users/tavishagarwal/Desktop/Vybe/ios/Pods/Headers/Public/RCTSwiftUIWrapper -Xcc -I/Users/tavishagarwal/Desktop/Vybe/ios/Pods/Headers/Public/RCTTypeSafety -Xcc -I/Users/tavishagarwal/Desktop/Vybe/ios/Pods/Headers/Public/RNWorklets -Xcc -I/Users/tavishagarwal/Desktop/Vybe/ios/Pods/Headers/Public/React-Core -Xcc -I/Users/tavishagarwal/Desktop/Vybe/ios/Pods/Headers/Public/React-Core-prebuilt -Xcc -I/Users/tavishagarwal/Desktop/Vybe/ios/Pods/Headers/Public/React-CoreModules -Xcc -I/Users/tavishagarwal/Desktop/Vybe/ios/Pods/Headers/Public/React-Fabric -Xcc -I/Users/tavishagarwal/Desktop/Vybe/ios/Pods/Headers/Public/React-FabricComponents -Xcc -I/Users/tavishagarwal/Desktop/Vybe/ios/Pods/Headers/Public/React-FabricImage -Xcc -I/Users/tavishagarwal/Desktop/Vybe/ios/Pods/Headers/Public/React-ImageManager -Xcc -I/Users/tavishagarwal/Desktop/Vybe/ios/Pods/Headers/Public/React-Mapbuffer -Xcc -I/Users/tavishagarwal/Desktop/Vybe/ios/Pods/Headers/Public/React-NativeModulesApple -Xcc -I/Users/tavishagarwal/Desktop/Vybe/ios/Pods/Headers/Public/React-RCTAnimation -Xcc -I/Users/tavishagarwal/Desktop/Vybe/ios/Pods/Headers/Public/React-RCTBlob -Xcc -I/Users/tavishagarwal/Desktop/Vybe/ios/Pods/Headers/Public/React-RCTFBReactNativeSpec -Xcc -I/Users/tavishagarwal/Desktop/Vybe/ios/Pods/Headers/Public/React-RCTFabric -Xcc -I/Users/tavishagarwal/Desktop/Vybe/ios/Pods/Headers/Public/React-RCTImage -Xcc -I/Users/tavishagarwal/Desktop/Vybe/ios/Pods/Headers/Public/React-RCTRuntime -Xcc -I/Users/tavishagarwal/Desktop/Vybe/ios/Pods/Headers/Public/React-RCTText -Xcc -I/Users/tavishagarwal/Desktop/Vybe/ios/Pods/Headers/Public/React-RuntimeApple -Xcc -I/Users/tavishagarwal/Desktop/Vybe/ios/Pods/Headers/Public/React-RuntimeCore -Xcc -I/Users/tavishagarwal/Desktop/Vybe/ios/Pods/Headers/Public/React-RuntimeHermes -Xcc -I/Users/tavishagarwal/Desktop/Vybe/ios/Pods/Headers/Public/React-callinvoker -Xcc -I/Users/tavishagarwal/Desktop/Vybe/ios/Pods/Headers/Public/React-cxxreact -Xcc -I/Users/tavishagarwal/Desktop/Vybe/ios/Pods/Headers/Public/React-debug -Xcc -I/Users/tavishagarwal/Desktop/Vybe/ios/Pods/Headers/Public/React-defaultsnativemodule -Xcc -I/Users/tavishagarwal/Desktop/Vybe/ios/Pods/Headers/Public/React-domnativemodule -Xcc -I/Users/tavishagarwal/Desktop/Vybe/ios/Pods/Headers/Public/React-featureflags -Xcc -I/Users/tavishagarwal/Desktop/Vybe/ios/Pods/Headers/Public/React-featureflagsnativemodule -Xcc -I/Users/tavishagarwal/Desktop/Vybe/ios/Pods/Headers/Public/React-graphics -Xcc -I/Users/tavishagarwal/Desktop/Vybe/ios/Pods/Headers/Public/React-hermes -Xcc -I/Users/tavishagarwal/Desktop/Vybe/ios/Pods/Headers/Public/React-idlecallbacksnativemodule -Xcc -I/Users/tavishagarwal/Desktop/Vybe/ios/Pods/Headers/Public/React-intersectionobservernativemodule -Xcc -I/Users/tavishagarwal/Desktop/Vybe/ios/Pods/Headers/Public/React-jserrorhandler -Xcc -I/Users/tavishagarwal/Desktop/Vybe/ios/Pods/Headers/Public/React-jsi -Xcc -I/Users/tavishagarwal/Desktop/Vybe/ios/Pods/Headers/Public/React-jsiexecutor -Xcc -I/Users/tavishagarwal/Desktop/Vybe/ios/Pods/Headers/Public/React-jsinspector -Xcc -I/Users/tavishagarwal/Desktop/Vybe/ios/Pods/Headers/Public/React-jsinspectorcdp -Xcc -I/Users/tavishagarwal/Desktop/Vybe/ios/Pods/Headers/Public/React-jsinspectornetwork -Xcc -I/Users/tavishagarwal/Desktop/Vybe/ios/Pods/Headers/Public/React-jsinspectortracing -Xcc -I/Users/tavishagarwal/Desktop/Vybe/ios/Pods/Headers/Public/React-jsitooling -Xcc -I/Users/tavishagarwal/Desktop/Vybe/ios/Pods/Headers/Public/React-logger -Xcc -I/Users/tavishagarwal/Desktop/Vybe/ios/Pods/Headers/Public/React-microtasksnativemodule -Xcc -I/Users/tavishagarwal/Desktop/Vybe/ios/Pods/Headers/Public/React-networking -Xcc -I/Users/tavishagarwal/Desktop/Vybe/ios/Pods/Headers/Public/React-oscompat -Xcc -I/Users/tavishagarwal/Desktop/Vybe/ios/Pods/Headers/Public/React-perflogger -Xcc -I/Users/tavishagarwal/Desktop/Vybe/ios/Pods/Headers/Public/React-performancecdpmetrics -Xcc -I/Users/tavishagarwal/Desktop/Vybe/ios/Pods/Headers/Public/React-performancetimeline -Xcc -I/Users/tavishagarwal/Desktop/Vybe/ios/Pods/Headers/Public/React-rendererconsistency -Xcc -I/Users/tavishagarwal/Desktop/Vybe/ios/Pods/Headers/Public/React-renderercss -Xcc -I/Users/tavishagarwal/Desktop/Vybe/ios/Pods/Headers/Public/React-rendererdebug -Xcc -I/Users/tavishagarwal/Desktop/Vybe/ios/Pods/Headers/Public/React-runtimeexecutor -Xcc -I/Users/tavishagarwal/Desktop/Vybe/ios/Pods/Headers/Public/React-runtimescheduler -Xcc -I/Users/tavishagarwal/Desktop/Vybe/ios/Pods/Headers/Public/React-timing -Xcc -I/Users/tavishagarwal/Desktop/Vybe/ios/Pods/Headers/Public/React-utils -Xcc -I/Users/tavishagarwal/Desktop/Vybe/ios/Pods/Headers/Public/React-webperformancenativemodule -Xcc -I/Users/tavishagarwal/Desktop/Vybe/ios/Pods/Headers/Public/ReactCodegen -Xcc -I/Users/tavishagarwal/Desktop/Vybe/ios/Pods/Headers/Public/ReactCommon -Xcc -I/Users/tavishagarwal/Desktop/Vybe/ios/Pods/Headers/Public/ReactNativeDependencies -Xcc -I/Users/tavishagarwal/Desktop/Vybe/ios/Pods/Headers/Public/Yoga -Xcc -I/Users/tavishagarwal/Desktop/Vybe/ios/Pods/Headers/Public/hermes-engine -Xcc -I/Users/tavishagarwal/Library/Developer/Xcode/DerivedData/Vybe-eypqtupuvqzwmybaqlzhbqpdfpou/Build/Intermediates.noindex/Pods.build/Debug-iphonesimulator/ExpoBlur.build/DerivedSources-normal/arm64 -Xcc -I/Users/tavishagarwal/Library/Developer/Xcode/DerivedData/Vybe-eypqtupuvqzwmybaqlzhbqpdfpou/Build/Intermediates.noindex/Pods.build/Debug-iphonesimulator/ExpoBlur.build/DerivedSources/arm64 -Xcc -I/Users/tavishagarwal/Library/Developer/Xcode/DerivedData/Vybe-eypqtupuvqzwmybaqlzhbqpdfpou/Build/Intermediates.noindex/Pods.build/Debug-iphonesimulator/ExpoBlur.build/DerivedSources -Xcc -DPOD_CONFIGURATION_DEBUG\=1 -Xcc -DDEBUG\=1 -Xcc -DCOCOAPODS\=1 -emit-objc-header -emit-objc-header-path /Users/tavishagarwal/Library/Developer/Xcode/DerivedData/Vybe-eypqtupuvqzwmybaqlzhbqpdfpou/Build/Intermediates.noindex/Pods.build/Debug-iphonesimulator/ExpoBlur.build/Objects-normal/arm64/ExpoBlur-Swift.h -working-directory /Users/tavishagarwal/Desktop/Vybe/ios/Pods -experimental-emit-module-separately -disable-cmo

SwiftDriver ExpoSymbols normal arm64 com.apple.xcode.tools.swift.compiler (in target 'ExpoSymbols' from project 'Pods')
    cd /Users/tavishagarwal/Desktop/Vybe/ios/Pods
    builtin-SwiftDriver -- /Applications/Xcode.app/Contents/Developer/Toolchains/XcodeDefault.xctoolchain/usr/bin/swiftc -module-name ExpoSymbols -Onone @/Users/tavishagarwal/Library/Developer/Xcode/DerivedData/Vybe-eypqtupuvqzwmybaqlzhbqpdfpou/Build/Intermediates.noindex/Pods.build/Debug-iphonesimulator/ExpoSymbols.build/Objects-normal/arm64/ExpoSymbols.SwiftFileList -DDEBUG -D COCOAPODS -Xcc -fmodule-map-file\=/Users/tavishagarwal/Library/Developer/Xcode/DerivedData/Vybe-eypqtupuvqzwmybaqlzhbqpdfpou/Build/Products/Debug-iphonesimulator/ExpoModulesCore/ExpoModulesCore.modulemap -Xcc -fmodule-map-file\=/Users/tavishagarwal/Library/Developer/Xcode/DerivedData/Vybe-eypqtupuvqzwmybaqlzhbqpdfpou/Build/Products/Debug-iphonesimulator/RCTSwiftUI/RCTSwiftUI.modulemap -Xcc -fmodule-map-file\=/Users/tavishagarwal/Desktop/Vybe/ios/Pods/Headers/Public/ExpoModulesJSI/ExpoModulesJSI.modulemap -Xcc -fmodule-map-file\=/Users/tavishagarwal/Desktop/Vybe/ios/Pods/Headers/Public/RNWorklets/RNWorklets.modulemap -Xcc -fmodule-map-file\=/Users/tavishagarwal/Desktop/Vybe/ios/Pods/Headers/Public/ReactCodegen/ReactCodegen.modulemap -import-underlying-module -Xcc -fmodule-map-file\=/Users/tavishagarwal/Desktop/Vybe/ios/Pods/Headers/Public/ExpoSymbols/ExpoSymbols.modulemap -enable-bare-slash-regex -enable-experimental-feature DebugDescriptionMacro -sdk /Applications/Xcode.app/Contents/Developer/Platforms/iPhoneSimulator.platform/Developer/SDKs/iPhoneSimulator26.4.sdk -target arm64-apple-ios15.1-simulator -g -module-cache-path /Users/tavishagarwal/Library/Developer/Xcode/DerivedData/ModuleCache.noindex -Xfrontend -serialize-debugging-options -enable-testing -index-store-path /Users/tavishagarwal/Library/Developer/Xcode/DerivedData/Vybe-eypqtupuvqzwmybaqlzhbqpdfpou/Index.noindex/DataStore -Xcc -D_LIBCPP_HARDENING_MODE\=_LIBCPP_HARDENING_MODE_DEBUG -swift-version 5 -I /Users/tavishagarwal/Library/Developer/Xcode/DerivedData/Vybe-eypqtupuvqzwmybaqlzhbqpdfpou/Build/Products/Debug-iphonesimulator/ExpoSymbols -I /Users/tavishagarwal/Library/Developer/Xcode/DerivedData/Vybe-eypqtupuvqzwmybaqlzhbqpdfpou/Build/Products/Debug-iphonesimulator/ExpoModulesCore -I /Users/tavishagarwal/Library/Developer/Xcode/DerivedData/Vybe-eypqtupuvqzwmybaqlzhbqpdfpou/Build/Products/Debug-iphonesimulator/RCTSwiftUI -F /Users/tavishagarwal/Library/Developer/Xcode/DerivedData/Vybe-eypqtupuvqzwmybaqlzhbqpdfpou/Build/Products/Debug-iphonesimulator/ExpoSymbols -F /Users/tavishagarwal/Desktop/Vybe/ios/Pods/React-Core-prebuilt -F /Users/tavishagarwal/Desktop/Vybe/ios/Pods/ReactNativeDependencies/framework/packages/react-native -F /Users/tavishagarwal/Desktop/Vybe/ios/Pods/hermes-engine/destroot/Library/Frameworks/universal -F /Users/tavishagarwal/Library/Developer/Xcode/DerivedData/Vybe-eypqtupuvqzwmybaqlzhbqpdfpou/Build/Products/Debug-iphonesimulator/XCFrameworkIntermediates/React-Core-prebuilt -F /Users/tavishagarwal/Library/Developer/Xcode/DerivedData/Vybe-eypqtupuvqzwmybaqlzhbqpdfpou/Build/Products/Debug-iphonesimulator/XCFrameworkIntermediates/ReactNativeDependencies -F /Users/tavishagarwal/Library/Developer/Xcode/DerivedData/Vybe-eypqtupuvqzwmybaqlzhbqpdfpou/Build/Products/Debug-iphonesimulator/XCFrameworkIntermediates/hermes-engine/Pre-built -c -j10 -enable-batch-mode -incremental -Xcc -ivfsstatcache -Xcc /Users/tavishagarwal/Library/Developer/Xcode/DerivedData/SDKStatCaches.noindex/iphonesimulator26.4-23E252-686eebb5dc1d8ecb277353a59184f4aa.sdkstatcache -output-file-map /Users/tavishagarwal/Library/Developer/Xcode/DerivedData/Vybe-eypqtupuvqzwmybaqlzhbqpdfpou/Build/Intermediates.noindex/Pods.build/Debug-iphonesimulator/ExpoSymbols.build/Objects-normal/arm64/ExpoSymbols-OutputFileMap.json -use-frontend-parseable-output -save-temps -no-color-diagnostics -serialize-diagnostics -emit-dependencies -emit-module -emit-module-path /Users/tavishagarwal/Library/Developer/Xcode/DerivedData/Vybe-eypqtupuvqzwmybaqlzhbqpdfpou/Build/Intermediates.noindex/Pods.build/Debug-iphonesimulator/ExpoSymbols.build/Objects-normal/arm64/ExpoSymbols.swiftmodule -validate-clang-modules-once -clang-build-session-file /Users/tavishagarwal/Library/Developer/Xcode/DerivedData/ModuleCache.noindex/Session.modulevalidation -Xcc -I/Users/tavishagarwal/Library/Developer/Xcode/DerivedData/Vybe-eypqtupuvqzwmybaqlzhbqpdfpou/Build/Intermediates.noindex/Pods.build/Debug-iphonesimulator/ExpoSymbols.build/swift-overrides.hmap -emit-const-values -Xfrontend -const-gather-protocols-file -Xfrontend /Users/tavishagarwal/Library/Developer/Xcode/DerivedData/Vybe-eypqtupuvqzwmybaqlzhbqpdfpou/Build/Intermediates.noindex/Pods.build/Debug-iphonesimulator/ExpoSymbols.build/Objects-normal/arm64/ExpoSymbols_const_extract_protocols.json -Xcc -iquote -Xcc /Users/tavishagarwal/Library/Developer/Xcode/DerivedData/Vybe-eypqtupuvqzwmybaqlzhbqpdfpou/Build/Intermediates.noindex/Pods.build/Debug-iphonesimulator/ExpoSymbols.build/ExpoSymbols-generated-files.hmap -Xcc -I/Users/tavishagarwal/Library/Developer/Xcode/DerivedData/Vybe-eypqtupuvqzwmybaqlzhbqpdfpou/Build/Intermediates.noindex/Pods.build/Debug-iphonesimulator/ExpoSymbols.build/ExpoSymbols-own-target-headers.hmap -Xcc -I/Users/tavishagarwal/Library/Developer/Xcode/DerivedData/Vybe-eypqtupuvqzwmybaqlzhbqpdfpou/Build/Intermediates.noindex/Pods.build/Debug-iphonesimulator/ExpoSymbols.build/ExpoSymbols-all-non-framework-target-headers.hmap -Xcc -ivfsoverlay -Xcc /Users/tavishagarwal/Library/Developer/Xcode/DerivedData/Vybe-eypqtupuvqzwmybaqlzhbqpdfpou/Build/Intermediates.noindex/Pods.build/Debug-iphonesimulator/Pods-8699adb1dd336b26511df848a716bd42-VFS-iphonesimulator/all-product-headers.yaml -Xcc -iquote -Xcc /Users/tavishagarwal/Library/Developer/Xcode/DerivedData/Vybe-eypqtupuvqzwmybaqlzhbqpdfpou/Build/Intermediates.noindex/Pods.build/Debug-iphonesimulator/ExpoSymbols.build/ExpoSymbols-project-headers.hmap -Xcc -I/Users/tavishagarwal/Library/Developer/Xcode/DerivedData/Vybe-eypqtupuvqzwmybaqlzhbqpdfpou/Build/Products/Debug-iphonesimulator/ExpoSymbols/include -Xcc -I/Users/tavishagarwal/Desktop/Vybe/ios/Pods/Headers/Public -Xcc -I/Users/tavishagarwal/Desktop/Vybe/ios/Pods/Headers/Public/ExpoModulesCore -Xcc -I/Users/tavishagarwal/Desktop/Vybe/ios/Pods/Headers/Public/ExpoModulesJSI -Xcc -I/Users/tavishagarwal/Desktop/Vybe/ios/Pods/Headers/Public/FBLazyVector -Xcc -I/Users/tavishagarwal/Desktop/Vybe/ios/Pods/Headers/Public/RCTRequired -Xcc -I/Users/tavishagarwal/Desktop/Vybe/ios/Pods/Headers/Public/RCTSwiftUIWrapper -Xcc -I/Users/tavishagarwal/Desktop/Vybe/ios/Pods/Headers/Public/RCTTypeSafety -Xcc -I/Users/tavishagarwal/Desktop/Vybe/ios/Pods/Headers/Public/RNWorklets -Xcc -I/Users/tavishagarwal/Desktop/Vybe/ios/Pods/Headers/Public/React-Core -Xcc -I/Users/tavishagarwal/Desktop/Vybe/ios/Pods/Headers/Public/React-Core-prebuilt -Xcc -I/Users/tavishagarwal/Desktop/Vybe/ios/Pods/Headers/Public/React-CoreModules -Xcc -I/Users/tavishagarwal/Desktop/Vybe/ios/Pods/Headers/Public/React-Fabric -Xcc -I/Users/tavishagarwal/Desktop/Vybe/ios/Pods/Headers/Public/React-FabricComponents -Xcc -I/Users/tavishagarwal/Desktop/Vybe/ios/Pods/Headers/Public/React-FabricImage -Xcc -I/Users/tavishagarwal/Desktop/Vybe/ios/Pods/Headers/Public/React-ImageManager -Xcc -I/Users/tavishagarwal/Desktop/Vybe/ios/Pods/Headers/Public/React-Mapbuffer -Xcc -I/Users/tavishagarwal/Desktop/Vybe/ios/Pods/Headers/Public/React-NativeModulesApple -Xcc -I/Users/tavishagarwal/Desktop/Vybe/ios/Pods/Headers/Public/React-RCTAnimation -Xcc -I/Users/tavishagarwal/Desktop/Vybe/ios/Pods/Headers/Public/React-RCTBlob -Xcc -I/Users/tavishagarwal/Desktop/Vybe/ios/Pods/Headers/Public/React-RCTFBReactNativeSpec -Xcc -I/Users/tavishagarwal/Desktop/Vybe/ios/Pods/Headers/Public/React-RCTFabric -Xcc -I/Users/tavishagarwal/Desktop/Vybe/ios/Pods/Headers/Public/React-RCTImage -Xcc -I/Users/tavishagarwal/Desktop/Vybe/ios/Pods/Headers/Public/React-RCTRuntime -Xcc -I/Users/tavishagarwal/Desktop/Vybe/ios/Pods/Headers/Public/React-RCTText -Xcc -I/Users/tavishagarwal/Desktop/Vybe/ios/Pods/Headers/Public/React-RuntimeApple -Xcc -I/Users/tavishagarwal/Desktop/Vybe/ios/Pods/Headers/Public/React-RuntimeCore -Xcc -I/Users/tavishagarwal/Desktop/Vybe/ios/Pods/Headers/Public/React-RuntimeHermes -Xcc -I/Users/tavishagarwal/Desktop/Vybe/ios/Pods/Headers/Public/React-callinvoker -Xcc -I/Users/tavishagarwal/Desktop/Vybe/ios/Pods/Headers/Public/React-cxxreact -Xcc -I/Users/tavishagarwal/Desktop/Vybe/ios/Pods/Headers/Public/React-debug -Xcc -I/Users/tavishagarwal/Desktop/Vybe/ios/Pods/Headers/Public/React-defaultsnativemodule -Xcc -I/Users/tavishagarwal/Desktop/Vybe/ios/Pods/Headers/Public/React-domnativemodule -Xcc -I/Users/tavishagarwal/Desktop/Vybe/ios/Pods/Headers/Public/React-featureflags -Xcc -I/Users/tavishagarwal/Desktop/Vybe/ios/Pods/Headers/Public/React-featureflagsnativemodule -Xcc -I/Users/tavishagarwal/Desktop/Vybe/ios/Pods/Headers/Public/React-graphics -Xcc -I/Users/tavishagarwal/Desktop/Vybe/ios/Pods/Headers/Public/React-hermes -Xcc -I/Users/tavishagarwal/Desktop/Vybe/ios/Pods/Headers/Public/React-idlecallbacksnativemodule -Xcc -I/Users/tavishagarwal/Desktop/Vybe/ios/Pods/Headers/Public/React-intersectionobservernativemodule -Xcc -I/Users/tavishagarwal/Desktop/Vybe/ios/Pods/Headers/Public/React-jserrorhandler -Xcc -I/Users/tavishagarwal/Desktop/Vybe/ios/Pods/Headers/Public/React-jsi -Xcc -I/Users/tavishagarwal/Desktop/Vybe/ios/Pods/Headers/Public/React-jsiexecutor -Xcc -I/Users/tavishagarwal/Desktop/Vybe/ios/Pods/Headers/Public/React-jsinspector -Xcc -I/Users/tavishagarwal/Desktop/Vybe/ios/Pods/Headers/Public/React-jsinspectorcdp -Xcc -I/Users/tavishagarwal/Desktop/Vybe/ios/Pods/Headers/Public/React-jsinspectornetwork -Xcc -I/Users/tavishagarwal/Desktop/Vybe/ios/Pods/Headers/Public/React-jsinspectortracing -Xcc -I/Users/tavishagarwal/Desktop/Vybe/ios/Pods/Headers/Public/React-jsitooling -Xcc -I/Users/tavishagarwal/Desktop/Vybe/ios/Pods/Headers/Public/React-logger -Xcc -I/Users/tavishagarwal/Desktop/Vybe/ios/Pods/Headers/Public/React-microtasksnativemodule -Xcc -I/Users/tavishagarwal/Desktop/Vybe/ios/Pods/Headers/Public/React-networking -Xcc -I/Users/tavishagarwal/Desktop/Vybe/ios/Pods/Headers/Public/React-oscompat -Xcc -I/Users/tavishagarwal/Desktop/Vybe/ios/Pods/Headers/Public/React-perflogger -Xcc -I/Users/tavishagarwal/Desktop/Vybe/ios/Pods/Headers/Public/React-performancecdpmetrics -Xcc -I/Users/tavishagarwal/Desktop/Vybe/ios/Pods/Headers/Public/React-performancetimeline -Xcc -I/Users/tavishagarwal/Desktop/Vybe/ios/Pods/Headers/Public/React-rendererconsistency -Xcc -I/Users/tavishagarwal/Desktop/Vybe/ios/Pods/Headers/Public/React-renderercss -Xcc -I/Users/tavishagarwal/Desktop/Vybe/ios/Pods/Headers/Public/React-rendererdebug -Xcc -I/Users/tavishagarwal/Desktop/Vybe/ios/Pods/Headers/Public/React-runtimeexecutor -Xcc -I/Users/tavishagarwal/Desktop/Vybe/ios/Pods/Headers/Public/React-runtimescheduler -Xcc -I/Users/tavishagarwal/Desktop/Vybe/ios/Pods/Headers/Public/React-timing -Xcc -I/Users/tavishagarwal/Desktop/Vybe/ios/Pods/Headers/Public/React-utils -Xcc -I/Users/tavishagarwal/Desktop/Vybe/ios/Pods/Headers/Public/React-webperformancenativemodule -Xcc -I/Users/tavishagarwal/Desktop/Vybe/ios/Pods/Headers/Public/ReactCodegen -Xcc -I/Users/tavishagarwal/Desktop/Vybe/ios/Pods/Headers/Public/ReactCommon -Xcc -I/Users/tavishagarwal/Desktop/Vybe/ios/Pods/Headers/Public/ReactNativeDependencies -Xcc -I/Users/tavishagarwal/Desktop/Vybe/ios/Pods/Headers/Public/Yoga -Xcc -I/Users/tavishagarwal/Desktop/Vybe/ios/Pods/Headers/Public/hermes-engine -Xcc -I/Users/tavishagarwal/Library/Developer/Xcode/DerivedData/Vybe-eypqtupuvqzwmybaqlzhbqpdfpou/Build/Intermediates.noindex/Pods.build/Debug-iphonesimulator/ExpoSymbols.build/DerivedSources-normal/arm64 -Xcc -I/Users/tavishagarwal/Library/Developer/Xcode/DerivedData/Vybe-eypqtupuvqzwmybaqlzhbqpdfpou/Build/Intermediates.noindex/Pods.build/Debug-iphonesimulator/ExpoSymbols.build/DerivedSources/arm64 -Xcc -I/Users/tavishagarwal/Library/Developer/Xcode/DerivedData/Vybe-eypqtupuvqzwmybaqlzhbqpdfpou/Build/Intermediates.noindex/Pods.build/Debug-iphonesimulator/ExpoSymbols.build/DerivedSources -Xcc -DPOD_CONFIGURATION_DEBUG\=1 -Xcc -DDEBUG\=1 -Xcc -DCOCOAPODS\=1 -emit-objc-header -emit-objc-header-path /Users/tavishagarwal/Library/Developer/Xcode/DerivedData/Vybe-eypqtupuvqzwmybaqlzhbqpdfpou/Build/Intermediates.noindex/Pods.build/Debug-iphonesimulator/ExpoSymbols.build/Objects-normal/arm64/ExpoSymbols-Swift.h -working-directory /Users/tavishagarwal/Desktop/Vybe/ios/Pods -experimental-emit-module-separately -disable-cmo

SwiftCompile normal arm64 Compiling\ ImagePickerExceptions.swift,\ ImagePickerHandler.swift,\ ImagePickerModule.swift,\ ImagePickerOptions.swift,\ ImagePickerPermissionRequesters.swift,\ ImagePickerResponse.swift,\ ImagePickerUtils.swift,\ ImageUtils.swift,\ MediaHandler.swift,\ NSItemProvider+Async.swift,\ StatusBarVisibilityController.swift,\ UIImage+fixOrientation.swift,\ UIImagePickerControllerExtentsion.swift,\ VideoUtils.swift /Users/tavishagarwal/Desktop/Vybe/node_modules/expo-image-picker/ios/ImagePickerExceptions.swift /Users/tavishagarwal/Desktop/Vybe/node_modules/expo-image-picker/ios/ImagePickerHandler.swift /Users/tavishagarwal/Desktop/Vybe/node_modules/expo-image-picker/ios/ImagePickerModule.swift /Users/tavishagarwal/Desktop/Vybe/node_modules/expo-image-picker/ios/ImagePickerOptions.swift /Users/tavishagarwal/Desktop/Vybe/node_modules/expo-image-picker/ios/ImagePickerPermissionRequesters.swift /Users/tavishagarwal/Desktop/Vybe/node_modules/expo-image-picker/ios/ImagePickerResponse.swift /Users/tavishagarwal/Desktop/Vybe/node_modules/expo-image-picker/ios/ImagePickerUtils.swift /Users/tavishagarwal/Desktop/Vybe/node_modules/expo-image-picker/ios/ImageUtils.swift /Users/tavishagarwal/Desktop/Vybe/node_modules/expo-image-picker/ios/MediaHandler.swift /Users/tavishagarwal/Desktop/Vybe/node_modules/expo-image-picker/ios/NSItemProvider+Async.swift /Users/tavishagarwal/Desktop/Vybe/node_modules/expo-image-picker/ios/StatusBarVisibilityController.swift /Users/tavishagarwal/Desktop/Vybe/node_modules/expo-image-picker/ios/UIImage+fixOrientation.swift /Users/tavishagarwal/Desktop/Vybe/node_modules/expo-image-picker/ios/UIImagePickerControllerExtentsion.swift /Users/tavishagarwal/Desktop/Vybe/node_modules/expo-image-picker/ios/VideoUtils.swift (in target 'ExpoImagePicker' from project 'Pods')
CompileSwift normal arm64 (in target 'ExpoImagePicker' from project 'Pods')
    cd /Users/tavishagarwal/Desktop/Vybe/ios/Pods
    

SwiftCompile normal arm64 Compiling\ BackgroundEventTransformer.swift,\ BackgroundModule.swift,\ BadgeModule.swift,\ CategoriesModule.swift,\ DateComponentsSerializer.swift,\ EmitterModule.swift,\ ExpoNotificationsPermissionsRequester.swift,\ HandlerModule.swift,\ NotificationCenterManager.swift,\ NotificationRecords.swift,\ NotificationsAppDelegateSubscriber.swift,\ NotificationsBackgroundTaskConsumer.swift,\ NotificationSerializer.swift,\ PermissionsModule.swift,\ PresentationModule.swift,\ PushTokenModule.swift,\ SchedulerModule.swift,\ ServerRegistrationModule.swift,\ SingleNotificationHandlerTask.swift,\ TriggerRecords.swift /Users/tavishagarwal/Desktop/Vybe/node_modules/expo-notifications/ios/ExpoNotifications/Notifications/Background/BackgroundEventTransformer.swift /Users/tavishagarwal/Desktop/Vybe/node_modules/expo-notifications/ios/ExpoNotifications/Notifications/Background/BackgroundModule.swift /Users/tavishagarwal/Desktop/Vybe/node_modules/expo-notifications/ios/ExpoNotifications/Badge/BadgeModule.swift /Users/tavishagarwal/Desktop/Vybe/node_modules/expo-notifications/ios/ExpoNotifications/Notifications/Categories/CategoriesModule.swift /Users/tavishagarwal/Desktop/Vybe/node_modules/expo-notifications/ios/ExpoNotifications/Notifications/DateComponentsSerializer.swift /Users/tavishagarwal/Desktop/Vybe/node_modules/expo-notifications/ios/ExpoNotifications/Notifications/Emitter/EmitterModule.swift /Users/tavishagarwal/Desktop/Vybe/node_modules/expo-notifications/ios/ExpoNotifications/Permissions/ExpoNotificationsPermissionsRequester.swift /Users/tavishagarwal/Desktop/Vybe/node_modules/expo-notifications/ios/ExpoNotifications/Notifications/Handler/HandlerModule.swift /Users/tavishagarwal/Desktop/Vybe/node_modules/expo-notifications/ios/ExpoNotifications/Notifications/NotificationCenterManager.swift /Users/tavishagarwal/Desktop/Vybe/node_modules/expo-notifications/ios/ExpoNotifications/Notifications/NotificationRecords.swift /Users/tavishagarwal/Desktop/Vybe/node_modules/expo-notifications/ios/ExpoNotifications/Notifications/NotificationsAppDelegateSubscriber.swift /Users/tavishagarwal/Desktop/Vybe/node_modules/expo-notifications/ios/ExpoNotifications/Notifications/Background/NotificationsBackgroundTaskConsumer.swift /Users/tavishagarwal/Desktop/Vybe/node_modules/expo-notifications/ios/ExpoNotifications/Notifications/NotificationSerializer.swift /Users/tavishagarwal/Desktop/Vybe/node_modules/expo-notifications/ios/ExpoNotifications/Permissions/PermissionsModule.swift /Users/tavishagarwal/Desktop/Vybe/node_modules/expo-notifications/ios/ExpoNotifications/Notifications/Presenting/PresentationModule.swift /Users/tavishagarwal/Desktop/Vybe/node_modules/expo-notifications/ios/ExpoNotifications/PushToken/PushTokenModule.swift /Users/tavishagarwal/Desktop/Vybe/node_modules/expo-notifications/ios/ExpoNotifications/Notifications/Scheduling/SchedulerModule.swift /Users/tavishagarwal/Desktop/Vybe/node_modules/expo-notifications/ios/ExpoNotifications/ServerRegistration/ServerRegistrationModule.swift /Users/tavishagarwal/Desktop/Vybe/node_modules/expo-notifications/ios/ExpoNotifications/Notifications/Handler/SingleNotificationHandlerTask.swift /Users/tavishagarwal/Desktop/Vybe/node_modules/expo-notifications/ios/ExpoNotifications/Notifications/TriggerRecords.swift (in target 'ExpoNotifications' from project 'Pods')

CompileSwift normal arm64 (in target 'ExpoNotifications' from project 'Pods')
    cd /Users/tavishagarwal/Desktop/Vybe/ios/Pods
    

SwiftCompile normal arm64 Compiling\ BarcodeExceptions.swift,\ BarcodeRecord.swift,\ BarcodeScanner.swift,\ BarcodeScannerUtils.swift,\ BarcodeScanningResponseHandler.swift,\ BarcodeUtils.swift,\ CameraEnums.swift,\ CameraExceptions.swift,\ CameraPermissionsRequester.swift,\ CameraPhotoCapture.swift,\ CameraRecordingOptions.swift,\ CameraSessionManager.swift,\ CameraVideoRecording.swift,\ CameraView.swift,\ CameraViewModule.swift,\ DeviceDiscovery.swift,\ ExpoBarcodeScannerProvider.swift,\ ExpoCameraUtils.swift,\ MetaDataDelegate.swift,\ PictureOptions.swift,\ PictureRef.swift,\ SimulatorUtils.swift,\ VisionScannerDelegate.swift /Users/tavishagarwal/Desktop/Vybe/node_modules/expo-camera/ios/Common/BarcodeExceptions.swift /Users/tavishagarwal/Desktop/Vybe/node_modules/expo-camera/ios/Current/BarcodeRecord.swift /Users/tavishagarwal/Desktop/Vybe/node_modules/expo-camera/ios/Current/BarcodeScanner.swift /Users/tavishagarwal/Desktop/Vybe/node_modules/expo-camera/ios/Current/BarcodeScannerUtils.swift /Users/tavishagarwal/Desktop/Vybe/node_modules/expo-camera/ios/Current/BarcodeScanningResponseHandler.swift /Users/tavishagarwal/Desktop/Vybe/node_modules/expo-camera/ios/Common/BarcodeUtils.swift /Users/tavishagarwal/Desktop/Vybe/node_modules/expo-camera/ios/Current/CameraEnums.swift /Users/tavishagarwal/Desktop/Vybe/node_modules/expo-camera/ios/Common/CameraExceptions.swift /Users/tavishagarwal/Desktop/Vybe/node_modules/expo-camera/ios/Common/CameraPermissionsRequester.swift /Users/tavishagarwal/Desktop/Vybe/node_modules/expo-camera/ios/Current/CameraPhotoCapture.swift /Users/tavishagarwal/Desktop/Vybe/node_modules/expo-camera/ios/Current/CameraRecordingOptions.swift /Users/tavishagarwal/Desktop/Vybe/node_modules/expo-camera/ios/Current/CameraSessionManager.swift /Users/tavishagarwal/Desktop/Vybe/node_modules/expo-camera/ios/Current/CameraVideoRecording.swift /Users/tavishagarwal/Desktop/Vybe/node_modules/expo-camera/ios/Current/CameraView.swift /Users/tavishagarwal/Desktop/Vybe/node_modules/expo-camera/ios/CameraViewModule.swift /Users/tavishagarwal/Desktop/Vybe/node_modules/expo-camera/ios/Common/DeviceDiscovery.swift /Users/tavishagarwal/Desktop/Vybe/node_modules/expo-camera/ios/Current/ExpoBarcodeScannerProvider.swift /Users/tavishagarwal/Desktop/Vybe/node_modules/expo-camera/ios/Common/ExpoCameraUtils.swift /Users/tavishagarwal/Desktop/Vybe/node_modules/expo-camera/ios/Current/MetaDataDelegate.swift /Users/tavishagarwal/Desktop/Vybe/node_modules/expo-camera/ios/Common/PictureOptions.swift /Users/tavishagarwal/Desktop/Vybe/node_modules/expo-camera/ios/Common/PictureRef.swift /Users/tavishagarwal/Desktop/Vybe/node_modules/expo-camera/ios/SimulatorUtils.swift /Users/tavishagarwal/Desktop/Vybe/node_modules/expo-camera/ios/Current/VisionScannerDelegate.swift (in target 'ExpoCamera' from project 'Pods')
CompileSwift normal arm64 (in target 'ExpoCamera' from project 'Pods')
    cd /Users/tavishagarwal/Desktop/Vybe/ios/Pods
    

SwiftDriver Expo normal arm64 com.apple.xcode.tools.swift.compiler (in target 'Expo' from project 'Pods')
    cd /Users/tavishagarwal/Desktop/Vybe/ios/Pods
    builtin-SwiftDriver -- /Applications/Xcode.app/Contents/Developer/Toolchains/XcodeDefault.xctoolchain/usr/bin/swiftc -module-name Expo -Onone @/Users/tavishagarwal/Library/Developer/Xcode/DerivedData/Vybe-eypqtupuvqzwmybaqlzhbqpdfpou/Build/Intermediates.noindex/Pods.build/Debug-iphonesimulator/Expo.build/Objects-normal/arm64/Expo.SwiftFileList -DDEBUG -D COCOAPODS -Xcc -fmodule-map-file\=/Users/tavishagarwal/Library/Developer/Xcode/DerivedData/Vybe-eypqtupuvqzwmybaqlzhbqpdfpou/Build/Products/Debug-iphonesimulator/ExpoModulesCore/ExpoModulesCore.modulemap -Xcc -fmodule-map-file\=/Users/tavishagarwal/Library/Developer/Xcode/DerivedData/Vybe-eypqtupuvqzwmybaqlzhbqpdfpou/Build/Products/Debug-iphonesimulator/RCTSwiftUI/RCTSwiftUI.modulemap -Xcc -fmodule-map-file\=/Users/tavishagarwal/Desktop/Vybe/ios/Pods/Headers/Public/ExpoModulesJSI/ExpoModulesJSI.modulemap -Xcc -fmodule-map-file\=/Users/tavishagarwal/Desktop/Vybe/ios/Pods/Headers/Public/RNWorklets/RNWorklets.modulemap -Xcc -fmodule-map-file\=/Users/tavishagarwal/Desktop/Vybe/ios/Pods/Headers/Public/ReactAppDependencyProvider/ReactAppDependencyProvider.modulemap -Xcc -fmodule-map-file\=/Users/tavishagarwal/Desktop/Vybe/ios/Pods/Headers/Public/ReactCodegen/ReactCodegen.modulemap -import-underlying-module -Xcc -fmodule-map-file\=/Users/tavishagarwal/Desktop/Vybe/ios/Pods/Headers/Public/Expo/Expo.modulemap -DRCT_NEW_ARCH_ENABLED -enable-experimental-feature DebugDescriptionMacro -sdk /Applications/Xcode.app/Contents/Developer/Platforms/iPhoneSimulator.platform/Developer/SDKs/iPhoneSimulator26.4.sdk -target arm64-apple-ios15.1-simulator -g -module-cache-path /Users/tavishagarwal/Library/Developer/Xcode/DerivedData/ModuleCache.noindex -Xfrontend -serialize-debugging-options -enable-testing -index-store-path /Users/tavishagarwal/Library/Developer/Xcode/DerivedData/Vybe-eypqtupuvqzwmybaqlzhbqpdfpou/Index.noindex/DataStore -Xcc -D_LIBCPP_HARDENING_MODE\=_LIBCPP_HARDENING_MODE_DEBUG -swift-version 6 -I /Users/tavishagarwal/Library/Developer/Xcode/DerivedData/Vybe-eypqtupuvqzwmybaqlzhbqpdfpou/Build/Products/Debug-iphonesimulator/Expo -I /Users/tavishagarwal/Library/Developer/Xcode/DerivedData/Vybe-eypqtupuvqzwmybaqlzhbqpdfpou/Build/Products/Debug-iphonesimulator/ExpoModulesCore -I /Users/tavishagarwal/Library/Developer/Xcode/DerivedData/Vybe-eypqtupuvqzwmybaqlzhbqpdfpou/Build/Products/Debug-iphonesimulator/RCTSwiftUI -F /Users/tavishagarwal/Library/Developer/Xcode/DerivedData/Vybe-eypqtupuvqzwmybaqlzhbqpdfpou/Build/Products/Debug-iphonesimulator/Expo -F /Users/tavishagarwal/Desktop/Vybe/ios/Pods/React-Core-prebuilt -F /Users/tavishagarwal/Desktop/Vybe/ios/Pods/ReactNativeDependencies/framework/packages/react-native -F /Users/tavishagarwal/Desktop/Vybe/ios/Pods/hermes-engine/destroot/Library/Frameworks/universal -F /Users/tavishagarwal/Library/Developer/Xcode/DerivedData/Vybe-eypqtupuvqzwmybaqlzhbqpdfpou/Build/Products/Debug-iphonesimulator/XCFrameworkIntermediates/React-Core-prebuilt -F /Users/tavishagarwal/Library/Developer/Xcode/DerivedData/Vybe-eypqtupuvqzwmybaqlzhbqpdfpou/Build/Products/Debug-iphonesimulator/XCFrameworkIntermediates/ReactNativeDependencies -F /Users/tavishagarwal/Library/Developer/Xcode/DerivedData/Vybe-eypqtupuvqzwmybaqlzhbqpdfpou/Build/Products/Debug-iphonesimulator/XCFrameworkIntermediates/hermes-engine/Pre-built -c -j10 -enable-batch-mode -incremental -Xcc -ivfsstatcache -Xcc /Users/tavishagarwal/Library/Developer/Xcode/DerivedData/SDKStatCaches.noindex/iphonesimulator26.4-23E252-686eebb5dc1d8ecb277353a59184f4aa.sdkstatcache -output-file-map /Users/tavishagarwal/Library/Developer/Xcode/DerivedData/Vybe-eypqtupuvqzwmybaqlzhbqpdfpou/Build/Intermediates.noindex/Pods.build/Debug-iphonesimulator/Expo.build/Objects-normal/arm64/Expo-OutputFileMap.json -use-frontend-parseable-output -save-temps -no-color-diagnostics -serialize-diagnostics -emit-dependencies -emit-module -emit-module-path /Users/tavishagarwal/Library/Developer/Xcode/DerivedData/Vybe-eypqtupuvqzwmybaqlzhbqpdfpou/Build/Intermediates.noindex/Pods.build/Debug-iphonesimulator/Expo.build/Objects-normal/arm64/Expo.swiftmodule -validate-clang-modules-once -clang-build-session-file /Users/tavishagarwal/Library/Developer/Xcode/DerivedData/ModuleCache.noindex/Session.modulevalidation -Xcc -I/Users/tavishagarwal/Library/Developer/Xcode/DerivedData/Vybe-eypqtupuvqzwmybaqlzhbqpdfpou/Build/Intermediates.noindex/Pods.build/Debug-iphonesimulator/Expo.build/swift-overrides.hmap -emit-const-values -Xfrontend -const-gather-protocols-file -Xfrontend /Users/tavishagarwal/Library/Developer/Xcode/DerivedData/Vybe-eypqtupuvqzwmybaqlzhbqpdfpou/Build/Intermediates.noindex/Pods.build/Debug-iphonesimulator/Expo.build/Objects-normal/arm64/Expo_const_extract_protocols.json -Xcc -iquote -Xcc /Users/tavishagarwal/Library/Developer/Xcode/DerivedData/Vybe-eypqtupuvqzwmybaqlzhbqpdfpou/Build/Intermediates.noindex/Pods.build/Debug-iphonesimulator/Expo.build/Expo-generated-files.hmap -Xcc -I/Users/tavishagarwal/Library/Developer/Xcode/DerivedData/Vybe-eypqtupuvqzwmybaqlzhbqpdfpou/Build/Intermediates.noindex/Pods.build/Debug-iphonesimulator/Expo.build/Expo-own-target-headers.hmap -Xcc -I/Users/tavishagarwal/Library/Developer/Xcode/DerivedData/Vybe-eypqtupuvqzwmybaqlzhbqpdfpou/Build/Intermediates.noindex/Pods.build/Debug-iphonesimulator/Expo.build/Expo-all-non-framework-target-headers.hmap -Xcc -ivfsoverlay -Xcc /Users/tavishagarwal/Library/Developer/Xcode/DerivedData/Vybe-eypqtupuvqzwmybaqlzhbqpdfpou/Build/Intermediates.noindex/Pods.build/Debug-iphonesimulator/Pods-8699adb1dd336b26511df848a716bd42-VFS-iphonesimulator/all-product-headers.yaml -Xcc -iquote -Xcc /Users/tavishagarwal/Library/Developer/Xcode/DerivedData/Vybe-eypqtupuvqzwmybaqlzhbqpdfpou/Build/Intermediates.noindex/Pods.build/Debug-iphonesimulator/Expo.build/Expo-project-headers.hmap -Xcc -I/Users/tavishagarwal/Library/Developer/Xcode/DerivedData/Vybe-eypqtupuvqzwmybaqlzhbqpdfpou/Build/Products/Debug-iphonesimulator/Expo/include -Xcc -I/Users/tavishagarwal/Desktop/Vybe/ios/Pods/Headers/Private -Xcc -I/Users/tavishagarwal/Desktop/Vybe/ios/Pods/Headers/Private/Expo -Xcc -I/Users/tavishagarwal/Desktop/Vybe/ios/Pods/Headers/Public -Xcc -I/Users/tavishagarwal/Desktop/Vybe/ios/Pods/Headers/Public/Expo -Xcc -I/Users/tavishagarwal/Desktop/Vybe/ios/Pods/Headers/Public/ExpoModulesCore -Xcc -I/Users/tavishagarwal/Desktop/Vybe/ios/Pods/Headers/Public/ExpoModulesJSI -Xcc -I/Users/tavishagarwal/Desktop/Vybe/ios/Pods/Headers/Public/FBLazyVector -Xcc -I/Users/tavishagarwal/Desktop/Vybe/ios/Pods/Headers/Public/RCTRequired -Xcc -I/Users/tavishagarwal/Desktop/Vybe/ios/Pods/Headers/Public/RCTSwiftUIWrapper -Xcc -I/Users/tavishagarwal/Desktop/Vybe/ios/Pods/Headers/Public/RCTTypeSafety -Xcc -I/Users/tavishagarwal/Desktop/Vybe/ios/Pods/Headers/Public/RNWorklets -Xcc -I/Users/tavishagarwal/Desktop/Vybe/ios/Pods/Headers/Public/React-Core -Xcc -I/Users/tavishagarwal/Desktop/Vybe/ios/Pods/Headers/Public/React-Core-prebuilt -Xcc -I/Users/tavishagarwal/Desktop/Vybe/ios/Pods/Headers/Public/React-CoreModules -Xcc -I/Users/tavishagarwal/Desktop/Vybe/ios/Pods/Headers/Public/React-Fabric -Xcc -I/Users/tavishagarwal/Desktop/Vybe/ios/Pods/Headers/Public/React-FabricComponents -Xcc -I/Users/tavishagarwal/Desktop/Vybe/ios/Pods/Headers/Public/React-FabricImage -Xcc -I/Users/tavishagarwal/Desktop/Vybe/ios/Pods/Headers/Public/React-ImageManager -Xcc -I/Users/tavishagarwal/Desktop/Vybe/ios/Pods/Headers/Public/React-Mapbuffer -Xcc -I/Users/tavishagarwal/Desktop/Vybe/ios/Pods/Headers/Public/React-NativeModulesApple -Xcc -I/Users/tavishagarwal/Desktop/Vybe/ios/Pods/Headers/Public/React-RCTAnimation -Xcc -I/Users/tavishagarwal/Desktop/Vybe/ios/Pods/Headers/Public/React-RCTBlob -Xcc -I/Users/tavishagarwal/Desktop/Vybe/ios/Pods/Headers/Public/React-RCTFBReactNativeSpec -Xcc -I/Users/tavishagarwal/Desktop/Vybe/ios/Pods/Headers/Public/React-RCTFabric -Xcc -I/Users/tavishagarwal/Desktop/Vybe/ios/Pods/Headers/Public/React-RCTImage -Xcc -I/Users/tavishagarwal/Desktop/Vybe/ios/Pods/Headers/Public/React-RCTRuntime -Xcc -I/Users/tavishagarwal/Desktop/Vybe/ios/Pods/Headers/Public/React-RCTText -Xcc -I/Users/tavishagarwal/Desktop/Vybe/ios/Pods/Headers/Public/React-RuntimeApple -Xcc -I/Users/tavishagarwal/Desktop/Vybe/ios/Pods/Headers/Public/React-RuntimeCore -Xcc -I/Users/tavishagarwal/Desktop/Vybe/ios/Pods/Headers/Public/React-RuntimeHermes -Xcc -I/Users/tavishagarwal/Desktop/Vybe/ios/Pods/Headers/Public/React-callinvoker -Xcc -I/Users/tavishagarwal/Desktop/Vybe/ios/Pods/Headers/Public/React-cxxreact -Xcc -I/Users/tavishagarwal/Desktop/Vybe/ios/Pods/Headers/Public/React-debug -Xcc -I/Users/tavishagarwal/Desktop/Vybe/ios/Pods/Headers/Public/React-defaultsnativemodule -Xcc -I/Users/tavishagarwal/Desktop/Vybe/ios/Pods/Headers/Public/React-domnativemodule -Xcc -I/Users/tavishagarwal/Desktop/Vybe/ios/Pods/Headers/Public/React-featureflags -Xcc -I/Users/tavishagarwal/Desktop/Vybe/ios/Pods/Headers/Public/React-featureflagsnativemodule -Xcc -I/Users/tavishagarwal/Desktop/Vybe/ios/Pods/Headers/Public/React-graphics -Xcc -I/Users/tavishagarwal/Desktop/Vybe/ios/Pods/Headers/Public/React-hermes -Xcc -I/Users/tavishagarwal/Desktop/Vybe/ios/Pods/Headers/Public/React-idlecallbacksnativemodule -Xcc -I/Users/tavishagarwal/Desktop/Vybe/ios/Pods/Headers/Public/React-intersectionobservernativemodule -Xcc -I/Users/tavishagarwal/Desktop/Vybe/ios/Pods/Headers/Public/React-jserrorhandler -Xcc -I/Users/tavishagarwal/Desktop/Vybe/ios/Pods/Headers/Public/React-jsi -Xcc -I/Users/tavishagarwal/Desktop/Vybe/ios/Pods/Headers/Public/React-jsiexecutor -Xcc -I/Users/tavishagarwal/Desktop/Vybe/ios/Pods/Headers/Public/React-jsinspector -Xcc -I/Users/tavishagarwal/Desktop/Vybe/ios/Pods/Headers/Public/React-jsinspectorcdp -Xcc -I/Users/tavishagarwal/Desktop/Vybe/ios/Pods/Headers/Public/React-jsinspectornetwork -Xcc -I/Users/tavishagarwal/Desktop/Vybe/ios/Pods/Headers/Public/React-jsinspectortracing -Xcc -I/Users/tavishagarwal/Desktop/Vybe/ios/Pods/Headers/Public/React-jsitooling -Xcc -I/Users/tavishagarwal/Desktop/Vybe/ios/Pods/Headers/Public/React-logger -Xcc -I/Users/tavishagarwal/Desktop/Vybe/ios/Pods/Headers/Public/React-microtasksnativemodule -Xcc -I/Users/tavishagarwal/Desktop/Vybe/ios/Pods/Headers/Public/React-networking -Xcc -I/Users/tavishagarwal/Desktop/Vybe/ios/Pods/Headers/Public/React-oscompat -Xcc -I/Users/tavishagarwal/Desktop/Vybe/ios/Pods/Headers/Public/React-perflogger -Xcc -I/Users/tavishagarwal/Desktop/Vybe/ios/Pods/Headers/Public/React-performancecdpmetrics -Xcc -I/Users/tavishagarwal/Desktop/Vybe/ios/Pods/Headers/Public/React-performancetimeline -Xcc -I/Users/tavishagarwal/Desktop/Vybe/ios/Pods/Headers/Public/React-rendererconsistency -Xcc -I/Users/tavishagarwal/Desktop/Vybe/ios/Pods/Headers/Public/React-renderercss -Xcc -I/Users/tavishagarwal/Desktop/Vybe/ios/Pods/Headers/Public/React-rendererdebug -Xcc -I/Users/tavishagarwal/Desktop/Vybe/ios/Pods/Headers/Public/React-runtimeexecutor -Xcc -I/Users/tavishagarwal/Desktop/Vybe/ios/Pods/Headers/Public/React-runtimescheduler -Xcc -I/Users/tavishagarwal/Desktop/Vybe/ios/Pods/Headers/Public/React-timing -Xcc -I/Users/tavishagarwal/Desktop/Vybe/ios/Pods/Headers/Public/React-utils -Xcc -I/Users/tavishagarwal/Desktop/Vybe/ios/Pods/Headers/Public/React-webperformancenativemodule -Xcc -I/Users/tavishagarwal/Desktop/Vybe/ios/Pods/Headers/Public/ReactCodegen -Xcc -I/Users/tavishagarwal/Desktop/Vybe/ios/Pods/Headers/Public/ReactCommon -Xcc -I/Users/tavishagarwal/Desktop/Vybe/ios/Pods/Headers/Public/ReactNativeDependencies -Xcc -I/Users/tavishagarwal/Desktop/Vybe/ios/Pods/Headers/Public/Yoga -Xcc -I/Users/tavishagarwal/Desktop/Vybe/ios/Pods/Headers/Public/hermes-engine -Xcc -I/Users/tavishagarwal/Desktop/Vybe/ios/Pods/Headers/Private/React-Core -Xcc -I/Users/tavishagarwal/Desktop/Vybe/ios/Pods/DoubleConversion -Xcc -I/Users/tavishagarwal/Library/Developer/Xcode/DerivedData/Vybe-eypqtupuvqzwmybaqlzhbqpdfpou/Build/Products/Debug-iphonesimulator/ExpoModulesCore/Swift\ Compatibility\ Header -Xcc -I/Users/tavishagarwal/Desktop/Vybe/ios/Pods/Headers/Private/Yoga -Xcc -I/Users/tavishagarwal/Library/Developer/Xcode/DerivedData/Vybe-eypqtupuvqzwmybaqlzhbqpdfpou/Build/Intermediates.noindex/Pods.build/Debug-iphonesimulator/Expo.build/DerivedSources-normal/arm64 -Xcc -I/Users/tavishagarwal/Library/Developer/Xcode/DerivedData/Vybe-eypqtupuvqzwmybaqlzhbqpdfpou/Build/Intermediates.noindex/Pods.build/Debug-iphonesimulator/Expo.build/DerivedSources/arm64 -Xcc -I/Users/tavishagarwal/Library/Developer/Xcode/DerivedData/Vybe-eypqtupuvqzwmybaqlzhbqpdfpou/Build/Intermediates.noindex/Pods.build/Debug-iphonesimulator/Expo.build/DerivedSources -Xcc -DPOD_CONFIGURATION_DEBUG\=1 -Xcc -DDEBUG\=1 -Xcc -DCOCOAPODS\=1 -emit-objc-header -emit-objc-header-path /Users/tavishagarwal/Library/Developer/Xcode/DerivedData/Vybe-eypqtupuvqzwmybaqlzhbqpdfpou/Build/Intermediates.noindex/Pods.build/Debug-iphonesimulator/Expo.build/Objects-normal/arm64/Expo-Swift.h -working-directory /Users/tavishagarwal/Desktop/Vybe/ios/Pods -experimental-emit-module-separately -disable-cmo

SwiftDriver EXApplication normal arm64 com.apple.xcode.tools.swift.compiler (in target 'EXApplication' from project 'Pods')
    cd /Users/tavishagarwal/Desktop/Vybe/ios/Pods
    builtin-SwiftDriver -- /Applications/Xcode.app/Contents/Developer/Toolchains/XcodeDefault.xctoolchain/usr/bin/swiftc -module-name EXApplication -Onone -whole-module-optimization @/Users/tavishagarwal/Library/Developer/Xcode/DerivedData/Vybe-eypqtupuvqzwmybaqlzhbqpdfpou/Build/Intermediates.noindex/Pods.build/Debug-iphonesimulator/EXApplication.build/Objects-normal/arm64/EXApplication.SwiftFileList -DDEBUG -D COCOAPODS -Xcc -fmodule-map-file\=/Users/tavishagarwal/Library/Developer/Xcode/DerivedData/Vybe-eypqtupuvqzwmybaqlzhbqpdfpou/Build/Products/Debug-iphonesimulator/ExpoModulesCore/ExpoModulesCore.modulemap -Xcc -fmodule-map-file\=/Users/tavishagarwal/Library/Developer/Xcode/DerivedData/Vybe-eypqtupuvqzwmybaqlzhbqpdfpou/Build/Products/Debug-iphonesimulator/RCTSwiftUI/RCTSwiftUI.modulemap -Xcc -fmodule-map-file\=/Users/tavishagarwal/Desktop/Vybe/ios/Pods/Headers/Public/ExpoModulesJSI/ExpoModulesJSI.modulemap -Xcc -fmodule-map-file\=/Users/tavishagarwal/Desktop/Vybe/ios/Pods/Headers/Public/RNWorklets/RNWorklets.modulemap -Xcc -fmodule-map-file\=/Users/tavishagarwal/Desktop/Vybe/ios/Pods/Headers/Public/ReactCodegen/ReactCodegen.modulemap -import-underlying-module -Xcc -fmodule-map-file\=/Users/tavishagarwal/Desktop/Vybe/ios/Pods/Headers/Public/EXApplication/EXApplication.modulemap -enable-bare-slash-regex -enable-experimental-feature DebugDescriptionMacro -sdk /Applications/Xcode.app/Contents/Developer/Platforms/iPhoneSimulator.platform/Developer/SDKs/iPhoneSimulator26.4.sdk -target arm64-apple-ios15.1-simulator -g -module-cache-path /Users/tavishagarwal/Library/Developer/Xcode/DerivedData/ModuleCache.noindex -Xfrontend -serialize-debugging-options -enable-testing -index-store-path /Users/tavishagarwal/Library/Developer/Xcode/DerivedData/Vybe-eypqtupuvqzwmybaqlzhbqpdfpou/Index.noindex/DataStore -Xcc -D_LIBCPP_HARDENING_MODE\=_LIBCPP_HARDENING_MODE_DEBUG -swift-version 5 -I /Users/tavishagarwal/Library/Developer/Xcode/DerivedData/Vybe-eypqtupuvqzwmybaqlzhbqpdfpou/Build/Products/Debug-iphonesimulator/EXApplication -I /Users/tavishagarwal/Library/Developer/Xcode/DerivedData/Vybe-eypqtupuvqzwmybaqlzhbqpdfpou/Build/Products/Debug-iphonesimulator/ExpoModulesCore -I /Users/tavishagarwal/Library/Developer/Xcode/DerivedData/Vybe-eypqtupuvqzwmybaqlzhbqpdfpou/Build/Products/Debug-iphonesimulator/RCTSwiftUI -F /Users/tavishagarwal/Library/Developer/Xcode/DerivedData/Vybe-eypqtupuvqzwmybaqlzhbqpdfpou/Build/Products/Debug-iphonesimulator/EXApplication -F /Users/tavishagarwal/Desktop/Vybe/ios/Pods/React-Core-prebuilt -F /Users/tavishagarwal/Desktop/Vybe/ios/Pods/ReactNativeDependencies/framework/packages/react-native -F /Users/tavishagarwal/Desktop/Vybe/ios/Pods/hermes-engine/destroot/Library/Frameworks/universal -F /Users/tavishagarwal/Library/Developer/Xcode/DerivedData/Vybe-eypqtupuvqzwmybaqlzhbqpdfpou/Build/Products/Debug-iphonesimulator/XCFrameworkIntermediates/React-Core-prebuilt -F /Users/tavishagarwal/Library/Developer/Xcode/DerivedData/Vybe-eypqtupuvqzwmybaqlzhbqpdfpou/Build/Products/Debug-iphonesimulator/XCFrameworkIntermediates/ReactNativeDependencies -F /Users/tavishagarwal/Library/Developer/Xcode/DerivedData/Vybe-eypqtupuvqzwmybaqlzhbqpdfpou/Build/Products/Debug-iphonesimulator/XCFrameworkIntermediates/hermes-engine/Pre-built -c -num-threads 10 -Xcc -ivfsstatcache -Xcc /Users/tavishagarwal/Library/Developer/Xcode/DerivedData/SDKStatCaches.noindex/iphonesimulator26.4-23E252-686eebb5dc1d8ecb277353a59184f4aa.sdkstatcache -output-file-map /Users/tavishagarwal/Library/Developer/Xcode/DerivedData/Vybe-eypqtupuvqzwmybaqlzhbqpdfpou/Build/Intermediates.noindex/Pods.build/Debug-iphonesimulator/EXApplication.build/Objects-normal/arm64/EXApplication-OutputFileMap.json -use-frontend-parseable-output -save-temps -no-color-diagnostics -serialize-diagnostics -emit-dependencies -emit-module -emit-module-path /Users/tavishagarwal/Library/Developer/Xcode/DerivedData/Vybe-eypqtupuvqzwmybaqlzhbqpdfpou/Build/Intermediates.noindex/Pods.build/Debug-iphonesimulator/EXApplication.build/Objects-normal/arm64/EXApplication.swiftmodule -validate-clang-modules-once -clang-build-session-file /Users/tavishagarwal/Library/Developer/Xcode/DerivedData/ModuleCache.noindex/Session.modulevalidation -Xcc -I/Users/tavishagarwal/Library/Developer/Xcode/DerivedData/Vybe-eypqtupuvqzwmybaqlzhbqpdfpou/Build/Intermediates.noindex/Pods.build/Debug-iphonesimulator/EXApplication.build/swift-overrides.hmap -emit-const-values -Xfrontend -const-gather-protocols-file -Xfrontend /Users/tavishagarwal/Library/Developer/Xcode/DerivedData/Vybe-eypqtupuvqzwmybaqlzhbqpdfpou/Build/Intermediates.noindex/Pods.build/Debug-iphonesimulator/EXApplication.build/Objects-normal/arm64/EXApplication_const_extract_protocols.json -Xcc -iquote -Xcc /Users/tavishagarwal/Library/Developer/Xcode/DerivedData/Vybe-eypqtupuvqzwmybaqlzhbqpdfpou/Build/Intermediates.noindex/Pods.build/Debug-iphonesimulator/EXApplication.build/EXApplication-generated-files.hmap -Xcc -I/Users/tavishagarwal/Library/Developer/Xcode/DerivedData/Vybe-eypqtupuvqzwmybaqlzhbqpdfpou/Build/Intermediates.noindex/Pods.build/Debug-iphonesimulator/EXApplication.build/EXApplication-own-target-headers.hmap -Xcc -I/Users/tavishagarwal/Library/Developer/Xcode/DerivedData/Vybe-eypqtupuvqzwmybaqlzhbqpdfpou/Build/Intermediates.noindex/Pods.build/Debug-iphonesimulator/EXApplication.build/EXApplication-all-non-framework-target-headers.hmap -Xcc -ivfsoverlay -Xcc /Users/tavishagarwal/Library/Developer/Xcode/DerivedData/Vybe-eypqtupuvqzwmybaqlzhbqpdfpou/Build/Intermediates.noindex/Pods.build/Debug-iphonesimulator/Pods-8699adb1dd336b26511df848a716bd42-VFS-iphonesimulator/all-product-headers.yaml -Xcc -iquote -Xcc /Users/tavishagarwal/Library/Developer/Xcode/DerivedData/Vybe-eypqtupuvqzwmybaqlzhbqpdfpou/Build/Intermediates.noindex/Pods.build/Debug-iphonesimulator/EXApplication.build/EXApplication-project-headers.hmap -Xcc -I/Users/tavishagarwal/Library/Developer/Xcode/DerivedData/Vybe-eypqtupuvqzwmybaqlzhbqpdfpou/Build/Products/Debug-iphonesimulator/EXApplication/include -Xcc -I/Users/tavishagarwal/Desktop/Vybe/ios/Pods/Headers/Private -Xcc -I/Users/tavishagarwal/Desktop/Vybe/ios/Pods/Headers/Private/EXApplication -Xcc -I/Users/tavishagarwal/Desktop/Vybe/ios/Pods/Headers/Public -Xcc -I/Users/tavishagarwal/Desktop/Vybe/ios/Pods/Headers/Public/ExpoModulesCore -Xcc -I/Users/tavishagarwal/Desktop/Vybe/ios/Pods/Headers/Public/ExpoModulesJSI -Xcc -I/Users/tavishagarwal/Desktop/Vybe/ios/Pods/Headers/Public/FBLazyVector -Xcc -I/Users/tavishagarwal/Desktop/Vybe/ios/Pods/Headers/Public/RCTRequired -Xcc -I/Users/tavishagarwal/Desktop/Vybe/ios/Pods/Headers/Public/RCTSwiftUIWrapper -Xcc -I/Users/tavishagarwal/Desktop/Vybe/ios/Pods/Headers/Public/RCTTypeSafety -Xcc -I/Users/tavishagarwal/Desktop/Vybe/ios/Pods/Headers/Public/RNWorklets -Xcc -I/Users/tavishagarwal/Desktop/Vybe/ios/Pods/Headers/Public/React-Core -Xcc -I/Users/tavishagarwal/Desktop/Vybe/ios/Pods/Headers/Public/React-Core-prebuilt -Xcc -I/Users/tavishagarwal/Desktop/Vybe/ios/Pods/Headers/Public/React-CoreModules -Xcc -I/Users/tavishagarwal/Desktop/Vybe/ios/Pods/Headers/Public/React-Fabric -Xcc -I/Users/tavishagarwal/Desktop/Vybe/ios/Pods/Headers/Public/React-FabricComponents -Xcc -I/Users/tavishagarwal/Desktop/Vybe/ios/Pods/Headers/Public/React-FabricImage -Xcc -I/Users/tavishagarwal/Desktop/Vybe/ios/Pods/Headers/Public/React-ImageManager -Xcc -I/Users/tavishagarwal/Desktop/Vybe/ios/Pods/Headers/Public/React-Mapbuffer -Xcc -I/Users/tavishagarwal/Desktop/Vybe/ios/Pods/Headers/Public/React-NativeModulesApple -Xcc -I/Users/tavishagarwal/Desktop/Vybe/ios/Pods/Headers/Public/React-RCTAnimation -Xcc -I/Users/tavishagarwal/Desktop/Vybe/ios/Pods/Headers/Public/React-RCTBlob -Xcc -I/Users/tavishagarwal/Desktop/Vybe/ios/Pods/Headers/Public/React-RCTFBReactNativeSpec -Xcc -I/Users/tavishagarwal/Desktop/Vybe/ios/Pods/Headers/Public/React-RCTFabric -Xcc -I/Users/tavishagarwal/Desktop/Vybe/ios/Pods/Headers/Public/React-RCTImage -Xcc -I/Users/tavishagarwal/Desktop/Vybe/ios/Pods/Headers/Public/React-RCTRuntime -Xcc -I/Users/tavishagarwal/Desktop/Vybe/ios/Pods/Headers/Public/React-RCTText -Xcc -I/Users/tavishagarwal/Desktop/Vybe/ios/Pods/Headers/Public/React-RuntimeApple -Xcc -I/Users/tavishagarwal/Desktop/Vybe/ios/Pods/Headers/Public/React-RuntimeCore -Xcc -I/Users/tavishagarwal/Desktop/Vybe/ios/Pods/Headers/Public/React-RuntimeHermes -Xcc -I/Users/tavishagarwal/Desktop/Vybe/ios/Pods/Headers/Public/React-callinvoker -Xcc -I/Users/tavishagarwal/Desktop/Vybe/ios/Pods/Headers/Public/React-cxxreact -Xcc -I/Users/tavishagarwal/Desktop/Vybe/ios/Pods/Headers/Public/React-debug -Xcc -I/Users/tavishagarwal/Desktop/Vybe/ios/Pods/Headers/Public/React-defaultsnativemodule -Xcc -I/Users/tavishagarwal/Desktop/Vybe/ios/Pods/Headers/Public/React-domnativemodule -Xcc -I/Users/tavishagarwal/Desktop/Vybe/ios/Pods/Headers/Public/React-featureflags -Xcc -I/Users/tavishagarwal/Desktop/Vybe/ios/Pods/Headers/Public/React-featureflagsnativemodule -Xcc -I/Users/tavishagarwal/Desktop/Vybe/ios/Pods/Headers/Public/React-graphics -Xcc -I/Users/tavishagarwal/Desktop/Vybe/ios/Pods/Headers/Public/React-hermes -Xcc -I/Users/tavishagarwal/Desktop/Vybe/ios/Pods/Headers/Public/React-idlecallbacksnativemodule -Xcc -I/Users/tavishagarwal/Desktop/Vybe/ios/Pods/Headers/Public/React-intersectionobservernativemodule -Xcc -I/Users/tavishagarwal/Desktop/Vybe/ios/Pods/Headers/Public/React-jserrorhandler -Xcc -I/Users/tavishagarwal/Desktop/Vybe/ios/Pods/Headers/Public/React-jsi -Xcc -I/Users/tavishagarwal/Desktop/Vybe/ios/Pods/Headers/Public/React-jsiexecutor -Xcc -I/Users/tavishagarwal/Desktop/Vybe/ios/Pods/Headers/Public/React-jsinspector -Xcc -I/Users/tavishagarwal/Desktop/Vybe/ios/Pods/Headers/Public/React-jsinspectorcdp -Xcc -I/Users/tavishagarwal/Desktop/Vybe/ios/Pods/Headers/Public/React-jsinspectornetwork -Xcc -I/Users/tavishagarwal/Desktop/Vybe/ios/Pods/Headers/Public/React-jsinspectortracing -Xcc -I/Users/tavishagarwal/Desktop/Vybe/ios/Pods/Headers/Public/React-jsitooling -Xcc -I/Users/tavishagarwal/Desktop/Vybe/ios/Pods/Headers/Public/React-logger -Xcc -I/Users/tavishagarwal/Desktop/Vybe/ios/Pods/Headers/Public/React-microtasksnativemodule -Xcc -I/Users/tavishagarwal/Desktop/Vybe/ios/Pods/Headers/Public/React-networking -Xcc -I/Users/tavishagarwal/Desktop/Vybe/ios/Pods/Headers/Public/React-oscompat -Xcc -I/Users/tavishagarwal/Desktop/Vybe/ios/Pods/Headers/Public/React-perflogger -Xcc -I/Users/tavishagarwal/Desktop/Vybe/ios/Pods/Headers/Public/React-performancecdpmetrics -Xcc -I/Users/tavishagarwal/Desktop/Vybe/ios/Pods/Headers/Public/React-performancetimeline -Xcc -I/Users/tavishagarwal/Desktop/Vybe/ios/Pods/Headers/Public/React-rendererconsistency -Xcc -I/Users/tavishagarwal/Desktop/Vybe/ios/Pods/Headers/Public/React-renderercss -Xcc -I/Users/tavishagarwal/Desktop/Vybe/ios/Pods/Headers/Public/React-rendererdebug -Xcc -I/Users/tavishagarwal/Desktop/Vybe/ios/Pods/Headers/Public/React-runtimeexecutor -Xcc -I/Users/tavishagarwal/Desktop/Vybe/ios/Pods/Headers/Public/React-runtimescheduler -Xcc -I/Users/tavishagarwal/Desktop/Vybe/ios/Pods/Headers/Public/React-timing -Xcc -I/Users/tavishagarwal/Desktop/Vybe/ios/Pods/Headers/Public/React-utils -Xcc -I/Users/tavishagarwal/Desktop/Vybe/ios/Pods/Headers/Public/React-webperformancenativemodule -Xcc -I/Users/tavishagarwal/Desktop/Vybe/ios/Pods/Headers/Public/ReactCodegen -Xcc -I/Users/tavishagarwal/Desktop/Vybe/ios/Pods/Headers/Public/ReactCommon -Xcc -I/Users/tavishagarwal/Desktop/Vybe/ios/Pods/Headers/Public/ReactNativeDependencies -Xcc -I/Users/tavishagarwal/Desktop/Vybe/ios/Pods/Headers/Public/Yoga -Xcc -I/Users/tavishagarwal/Desktop/Vybe/ios/Pods/Headers/Public/hermes-engine -Xcc -I/Users/tavishagarwal/Library/Developer/Xcode/DerivedData/Vybe-eypqtupuvqzwmybaqlzhbqpdfpou/Build/Intermediates.noindex/Pods.build/Debug-iphonesimulator/EXApplication.build/DerivedSources-normal/arm64 -Xcc -I/Users/tavishagarwal/Library/Developer/Xcode/DerivedData/Vybe-eypqtupuvqzwmybaqlzhbqpdfpou/Build/Intermediates.noindex/Pods.build/Debug-iphonesimulator/EXApplication.build/DerivedSources/arm64 -Xcc -I/Users/tavishagarwal/Library/Developer/Xcode/DerivedData/Vybe-eypqtupuvqzwmybaqlzhbqpdfpou/Build/Intermediates.noindex/Pods.build/Debug-iphonesimulator/EXApplication.build/DerivedSources -Xcc -DPOD_CONFIGURATION_DEBUG\=1 -Xcc -DDEBUG\=1 -Xcc -DCOCOAPODS\=1 -emit-objc-header -emit-objc-header-path /Users/tavishagarwal/Library/Developer/Xcode/DerivedData/Vybe-eypqtupuvqzwmybaqlzhbqpdfpou/Build/Intermediates.noindex/Pods.build/Debug-iphonesimulator/EXApplication.build/Objects-normal/arm64/EXApplication-Swift.h -working-directory /Users/tavishagarwal/Desktop/Vybe/ios/Pods -no-emit-module-separately-wmo

SwiftDriver EXAV normal arm64 com.apple.xcode.tools.swift.compiler (in target 'EXAV' from project 'Pods')
    cd /Users/tavishagarwal/Desktop/Vybe/ios/Pods
    builtin-SwiftDriver -- /Applications/Xcode.app/Contents/Developer/Toolchains/XcodeDefault.xctoolchain/usr/bin/swiftc -module-name EXAV -Onone -whole-module-optimization @/Users/tavishagarwal/Library/Developer/Xcode/DerivedData/Vybe-eypqtupuvqzwmybaqlzhbqpdfpou/Build/Intermediates.noindex/Pods.build/Debug-iphonesimulator/EXAV.build/Objects-normal/arm64/EXAV.SwiftFileList -DDEBUG -D COCOAPODS -Xcc -fmodule-map-file\=/Users/tavishagarwal/Library/Developer/Xcode/DerivedData/Vybe-eypqtupuvqzwmybaqlzhbqpdfpou/Build/Products/Debug-iphonesimulator/ExpoModulesCore/ExpoModulesCore.modulemap -Xcc -fmodule-map-file\=/Users/tavishagarwal/Library/Developer/Xcode/DerivedData/Vybe-eypqtupuvqzwmybaqlzhbqpdfpou/Build/Products/Debug-iphonesimulator/RCTSwiftUI/RCTSwiftUI.modulemap -Xcc -fmodule-map-file\=/Users/tavishagarwal/Desktop/Vybe/ios/Pods/Headers/Public/ExpoModulesJSI/ExpoModulesJSI.modulemap -Xcc -fmodule-map-file\=/Users/tavishagarwal/Desktop/Vybe/ios/Pods/Headers/Public/RNWorklets/RNWorklets.modulemap -Xcc -fmodule-map-file\=/Users/tavishagarwal/Desktop/Vybe/ios/Pods/Headers/Public/ReactCodegen/ReactCodegen.modulemap -import-underlying-module -Xcc -fmodule-map-file\=/Users/tavishagarwal/Desktop/Vybe/ios/Pods/Headers/Public/EXAV/EXAV.modulemap -enable-bare-slash-regex -enable-experimental-feature DebugDescriptionMacro -sdk /Applications/Xcode.app/Contents/Developer/Platforms/iPhoneSimulator.platform/Developer/SDKs/iPhoneSimulator26.4.sdk -target arm64-apple-ios15.1-simulator -g -module-cache-path /Users/tavishagarwal/Library/Developer/Xcode/DerivedData/ModuleCache.noindex -Xfrontend -serialize-debugging-options -enable-testing -index-store-path /Users/tavishagarwal/Library/Developer/Xcode/DerivedData/Vybe-eypqtupuvqzwmybaqlzhbqpdfpou/Index.noindex/DataStore -Xcc -D_LIBCPP_HARDENING_MODE\=_LIBCPP_HARDENING_MODE_DEBUG -swift-version 5 -I /Users/tavishagarwal/Library/Developer/Xcode/DerivedData/Vybe-eypqtupuvqzwmybaqlzhbqpdfpou/Build/Products/Debug-iphonesimulator/EXAV -I /Users/tavishagarwal/Library/Developer/Xcode/DerivedData/Vybe-eypqtupuvqzwmybaqlzhbqpdfpou/Build/Products/Debug-iphonesimulator/ExpoModulesCore -I /Users/tavishagarwal/Library/Developer/Xcode/DerivedData/Vybe-eypqtupuvqzwmybaqlzhbqpdfpou/Build/Products/Debug-iphonesimulator/RCTSwiftUI -F /Users/tavishagarwal/Library/Developer/Xcode/DerivedData/Vybe-eypqtupuvqzwmybaqlzhbqpdfpou/Build/Products/Debug-iphonesimulator/EXAV -F /Users/tavishagarwal/Desktop/Vybe/ios/Pods/React-Core-prebuilt -F /Users/tavishagarwal/Desktop/Vybe/ios/Pods/ReactNativeDependencies/framework/packages/react-native -F /Users/tavishagarwal/Desktop/Vybe/ios/Pods/hermes-engine/destroot/Library/Frameworks/universal -F /Users/tavishagarwal/Library/Developer/Xcode/DerivedData/Vybe-eypqtupuvqzwmybaqlzhbqpdfpou/Build/Products/Debug-iphonesimulator/XCFrameworkIntermediates/React-Core-prebuilt -F /Users/tavishagarwal/Library/Developer/Xcode/DerivedData/Vybe-eypqtupuvqzwmybaqlzhbqpdfpou/Build/Products/Debug-iphonesimulator/XCFrameworkIntermediates/ReactNativeDependencies -F /Users/tavishagarwal/Library/Developer/Xcode/DerivedData/Vybe-eypqtupuvqzwmybaqlzhbqpdfpou/Build/Products/Debug-iphonesimulator/XCFrameworkIntermediates/hermes-engine/Pre-built -c -num-threads 10 -Xcc -ivfsstatcache -Xcc /Users/tavishagarwal/Library/Developer/Xcode/DerivedData/SDKStatCaches.noindex/iphonesimulator26.4-23E252-686eebb5dc1d8ecb277353a59184f4aa.sdkstatcache -output-file-map /Users/tavishagarwal/Library/Developer/Xcode/DerivedData/Vybe-eypqtupuvqzwmybaqlzhbqpdfpou/Build/Intermediates.noindex/Pods.build/Debug-iphonesimulator/EXAV.build/Objects-normal/arm64/EXAV-OutputFileMap.json -use-frontend-parseable-output -save-temps -no-color-diagnostics -serialize-diagnostics -emit-dependencies -emit-module -emit-module-path /Users/tavishagarwal/Library/Developer/Xcode/DerivedData/Vybe-eypqtupuvqzwmybaqlzhbqpdfpou/Build/Intermediates.noindex/Pods.build/Debug-iphonesimulator/EXAV.build/Objects-normal/arm64/EXAV.swiftmodule -validate-clang-modules-once -clang-build-session-file /Users/tavishagarwal/Library/Developer/Xcode/DerivedData/ModuleCache.noindex/Session.modulevalidation -Xcc -I/Users/tavishagarwal/Library/Developer/Xcode/DerivedData/Vybe-eypqtupuvqzwmybaqlzhbqpdfpou/Build/Intermediates.noindex/Pods.build/Debug-iphonesimulator/EXAV.build/swift-overrides.hmap -emit-const-values -Xfrontend -const-gather-protocols-file -Xfrontend /Users/tavishagarwal/Library/Developer/Xcode/DerivedData/Vybe-eypqtupuvqzwmybaqlzhbqpdfpou/Build/Intermediates.noindex/Pods.build/Debug-iphonesimulator/EXAV.build/Objects-normal/arm64/EXAV_const_extract_protocols.json -Xcc -iquote -Xcc /Users/tavishagarwal/Library/Developer/Xcode/DerivedData/Vybe-eypqtupuvqzwmybaqlzhbqpdfpou/Build/Intermediates.noindex/Pods.build/Debug-iphonesimulator/EXAV.build/EXAV-generated-files.hmap -Xcc -I/Users/tavishagarwal/Library/Developer/Xcode/DerivedData/Vybe-eypqtupuvqzwmybaqlzhbqpdfpou/Build/Intermediates.noindex/Pods.build/Debug-iphonesimulator/EXAV.build/EXAV-own-target-headers.hmap -Xcc -I/Users/tavishagarwal/Library/Developer/Xcode/DerivedData/Vybe-eypqtupuvqzwmybaqlzhbqpdfpou/Build/Intermediates.noindex/Pods.build/Debug-iphonesimulator/EXAV.build/EXAV-all-non-framework-target-headers.hmap -Xcc -ivfsoverlay -Xcc /Users/tavishagarwal/Library/Developer/Xcode/DerivedData/Vybe-eypqtupuvqzwmybaqlzhbqpdfpou/Build/Intermediates.noindex/Pods.build/Debug-iphonesimulator/Pods-8699adb1dd336b26511df848a716bd42-VFS-iphonesimulator/all-product-headers.yaml -Xcc -iquote -Xcc /Users/tavishagarwal/Library/Developer/Xcode/DerivedData/Vybe-eypqtupuvqzwmybaqlzhbqpdfpou/Build/Intermediates.noindex/Pods.build/Debug-iphonesimulator/EXAV.build/EXAV-project-headers.hmap -Xcc -I/Users/tavishagarwal/Library/Developer/Xcode/DerivedData/Vybe-eypqtupuvqzwmybaqlzhbqpdfpou/Build/Products/Debug-iphonesimulator/EXAV/include -Xcc -I/Users/tavishagarwal/Desktop/Vybe/ios/Pods/Headers/Private -Xcc -I/Users/tavishagarwal/Desktop/Vybe/ios/Pods/Headers/Private/EXAV -Xcc -I/Users/tavishagarwal/Desktop/Vybe/ios/Pods/Headers/Public -Xcc -I/Users/tavishagarwal/Desktop/Vybe/ios/Pods/Headers/Public/ExpoModulesCore -Xcc -I/Users/tavishagarwal/Desktop/Vybe/ios/Pods/Headers/Public/ExpoModulesJSI -Xcc -I/Users/tavishagarwal/Desktop/Vybe/ios/Pods/Headers/Public/FBLazyVector -Xcc -I/Users/tavishagarwal/Desktop/Vybe/ios/Pods/Headers/Public/RCTRequired -Xcc -I/Users/tavishagarwal/Desktop/Vybe/ios/Pods/Headers/Public/RCTSwiftUIWrapper -Xcc -I/Users/tavishagarwal/Desktop/Vybe/ios/Pods/Headers/Public/RCTTypeSafety -Xcc -I/Users/tavishagarwal/Desktop/Vybe/ios/Pods/Headers/Public/RNWorklets -Xcc -I/Users/tavishagarwal/Desktop/Vybe/ios/Pods/Headers/Public/React-Core -Xcc -I/Users/tavishagarwal/Desktop/Vybe/ios/Pods/Headers/Public/React-Core-prebuilt -Xcc -I/Users/tavishagarwal/Desktop/Vybe/ios/Pods/Headers/Public/React-CoreModules -Xcc -I/Users/tavishagarwal/Desktop/Vybe/ios/Pods/Headers/Public/React-Fabric -Xcc -I/Users/tavishagarwal/Desktop/Vybe/ios/Pods/Headers/Public/React-FabricComponents -Xcc -I/Users/tavishagarwal/Desktop/Vybe/ios/Pods/Headers/Public/React-FabricImage -Xcc -I/Users/tavishagarwal/Desktop/Vybe/ios/Pods/Headers/Public/React-ImageManager -Xcc -I/Users/tavishagarwal/Desktop/Vybe/ios/Pods/Headers/Public/React-Mapbuffer -Xcc -I/Users/tavishagarwal/Desktop/Vybe/ios/Pods/Headers/Public/React-NativeModulesApple -Xcc -I/Users/tavishagarwal/Desktop/Vybe/ios/Pods/Headers/Public/React-RCTAnimation -Xcc -I/Users/tavishagarwal/Desktop/Vybe/ios/Pods/Headers/Public/React-RCTBlob -Xcc -I/Users/tavishagarwal/Desktop/Vybe/ios/Pods/Headers/Public/React-RCTFBReactNativeSpec -Xcc -I/Users/tavishagarwal/Desktop/Vybe/ios/Pods/Headers/Public/React-RCTFabric -Xcc -I/Users/tavishagarwal/Desktop/Vybe/ios/Pods/Headers/Public/React-RCTImage -Xcc -I/Users/tavishagarwal/Desktop/Vybe/ios/Pods/Headers/Public/React-RCTRuntime -Xcc -I/Users/tavishagarwal/Desktop/Vybe/ios/Pods/Headers/Public/React-RCTText -Xcc -I/Users/tavishagarwal/Desktop/Vybe/ios/Pods/Headers/Public/React-RuntimeApple -Xcc -I/Users/tavishagarwal/Desktop/Vybe/ios/Pods/Headers/Public/React-RuntimeCore -Xcc -I/Users/tavishagarwal/Desktop/Vybe/ios/Pods/Headers/Public/React-RuntimeHermes -Xcc -I/Users/tavishagarwal/Desktop/Vybe/ios/Pods/Headers/Public/React-callinvoker -Xcc -I/Users/tavishagarwal/Desktop/Vybe/ios/Pods/Headers/Public/React-cxxreact -Xcc -I/Users/tavishagarwal/Desktop/Vybe/ios/Pods/Headers/Public/React-debug -Xcc -I/Users/tavishagarwal/Desktop/Vybe/ios/Pods/Headers/Public/React-defaultsnativemodule -Xcc -I/Users/tavishagarwal/Desktop/Vybe/ios/Pods/Headers/Public/React-domnativemodule -Xcc -I/Users/tavishagarwal/Desktop/Vybe/ios/Pods/Headers/Public/React-featureflags -Xcc -I/Users/tavishagarwal/Desktop/Vybe/ios/Pods/Headers/Public/React-featureflagsnativemodule -Xcc -I/Users/tavishagarwal/Desktop/Vybe/ios/Pods/Headers/Public/React-graphics -Xcc -I/Users/tavishagarwal/Desktop/Vybe/ios/Pods/Headers/Public/React-hermes -Xcc -I/Users/tavishagarwal/Desktop/Vybe/ios/Pods/Headers/Public/React-idlecallbacksnativemodule -Xcc -I/Users/tavishagarwal/Desktop/Vybe/ios/Pods/Headers/Public/React-intersectionobservernativemodule -Xcc -I/Users/tavishagarwal/Desktop/Vybe/ios/Pods/Headers/Public/React-jserrorhandler -Xcc -I/Users/tavishagarwal/Desktop/Vybe/ios/Pods/Headers/Public/React-jsi -Xcc -I/Users/tavishagarwal/Desktop/Vybe/ios/Pods/Headers/Public/React-jsiexecutor -Xcc -I/Users/tavishagarwal/Desktop/Vybe/ios/Pods/Headers/Public/React-jsinspector -Xcc -I/Users/tavishagarwal/Desktop/Vybe/ios/Pods/Headers/Public/React-jsinspectorcdp -Xcc -I/Users/tavishagarwal/Desktop/Vybe/ios/Pods/Headers/Public/React-jsinspectornetwork -Xcc -I/Users/tavishagarwal/Desktop/Vybe/ios/Pods/Headers/Public/React-jsinspectortracing -Xcc -I/Users/tavishagarwal/Desktop/Vybe/ios/Pods/Headers/Public/React-jsitooling -Xcc -I/Users/tavishagarwal/Desktop/Vybe/ios/Pods/Headers/Public/React-logger -Xcc -I/Users/tavishagarwal/Desktop/Vybe/ios/Pods/Headers/Public/React-microtasksnativemodule -Xcc -I/Users/tavishagarwal/Desktop/Vybe/ios/Pods/Headers/Public/React-networking -Xcc -I/Users/tavishagarwal/Desktop/Vybe/ios/Pods/Headers/Public/React-oscompat -Xcc -I/Users/tavishagarwal/Desktop/Vybe/ios/Pods/Headers/Public/React-perflogger -Xcc -I/Users/tavishagarwal/Desktop/Vybe/ios/Pods/Headers/Public/React-performancecdpmetrics -Xcc -I/Users/tavishagarwal/Desktop/Vybe/ios/Pods/Headers/Public/React-performancetimeline -Xcc -I/Users/tavishagarwal/Desktop/Vybe/ios/Pods/Headers/Public/React-rendererconsistency -Xcc -I/Users/tavishagarwal/Desktop/Vybe/ios/Pods/Headers/Public/React-renderercss -Xcc -I/Users/tavishagarwal/Desktop/Vybe/ios/Pods/Headers/Public/React-rendererdebug -Xcc -I/Users/tavishagarwal/Desktop/Vybe/ios/Pods/Headers/Public/React-runtimeexecutor -Xcc -I/Users/tavishagarwal/Desktop/Vybe/ios/Pods/Headers/Public/React-runtimescheduler -Xcc -I/Users/tavishagarwal/Desktop/Vybe/ios/Pods/Headers/Public/React-timing -Xcc -I/Users/tavishagarwal/Desktop/Vybe/ios/Pods/Headers/Public/React-utils -Xcc -I/Users/tavishagarwal/Desktop/Vybe/ios/Pods/Headers/Public/React-webperformancenativemodule -Xcc -I/Users/tavishagarwal/Desktop/Vybe/ios/Pods/Headers/Public/ReactCodegen -Xcc -I/Users/tavishagarwal/Desktop/Vybe/ios/Pods/Headers/Public/ReactCommon -Xcc -I/Users/tavishagarwal/Desktop/Vybe/ios/Pods/Headers/Public/ReactNativeDependencies -Xcc -I/Users/tavishagarwal/Desktop/Vybe/ios/Pods/Headers/Public/Yoga -Xcc -I/Users/tavishagarwal/Desktop/Vybe/ios/Pods/Headers/Public/hermes-engine -Xcc -I/Users/tavishagarwal/Library/Developer/Xcode/DerivedData/Vybe-eypqtupuvqzwmybaqlzhbqpdfpou/Build/Intermediates.noindex/Pods.build/Debug-iphonesimulator/EXAV.build/DerivedSources-normal/arm64 -Xcc -I/Users/tavishagarwal/Library/Developer/Xcode/DerivedData/Vybe-eypqtupuvqzwmybaqlzhbqpdfpou/Build/Intermediates.noindex/Pods.build/Debug-iphonesimulator/EXAV.build/DerivedSources/arm64 -Xcc -I/Users/tavishagarwal/Library/Developer/Xcode/DerivedData/Vybe-eypqtupuvqzwmybaqlzhbqpdfpou/Build/Intermediates.noindex/Pods.build/Debug-iphonesimulator/EXAV.build/DerivedSources -Xcc -DPOD_CONFIGURATION_DEBUG\=1 -Xcc -DDEBUG\=1 -Xcc -DCOCOAPODS\=1 -emit-objc-header -emit-objc-header-path /Users/tavishagarwal/Library/Developer/Xcode/DerivedData/Vybe-eypqtupuvqzwmybaqlzhbqpdfpou/Build/Intermediates.noindex/Pods.build/Debug-iphonesimulator/EXAV.build/Objects-normal/arm64/EXAV-Swift.h -working-directory /Users/tavishagarwal/Desktop/Vybe/ios/Pods -no-emit-module-separately-wmo

SwiftEmitModule normal arm64 Emitting\ module\ for\ ExpoBlur (in target 'ExpoBlur' from project 'Pods')

EmitSwiftModule normal arm64 (in target 'ExpoBlur' from project 'Pods')
    cd /Users/tavishagarwal/Desktop/Vybe/ios/Pods
    

SwiftEmitModule normal arm64 Emitting\ module\ for\ ExpoSymbols (in target 'ExpoSymbols' from project 'Pods')

EmitSwiftModule normal arm64 (in target 'ExpoSymbols' from project 'Pods')
    cd /Users/tavishagarwal/Desktop/Vybe/ios/Pods
    

SwiftEmitModule normal arm64 Emitting\ module\ for\ ExpoGlassEffect (in target 'ExpoGlassEffect' from project 'Pods')

EmitSwiftModule normal arm64 (in target 'ExpoGlassEffect' from project 'Pods')
    cd /Users/tavishagarwal/Desktop/Vybe/ios/Pods
    

SwiftEmitModule normal arm64 Emitting\ module\ for\ ExpoFont (in target 'ExpoFont' from project 'Pods')

EmitSwiftModule normal arm64 (in target 'ExpoFont' from project 'Pods')
    cd /Users/tavishagarwal/Desktop/Vybe/ios/Pods
    
/Users/tavishagarwal/Desktop/Vybe/node_modules/expo-font/ios/FontExceptions.swift:3:22: warning: class 'FontFileNotFoundException' must restate inherited '@unchecked Sendable' conformance
internal final class FontFileNotFoundException: GenericException<String> {
                     ^
                                                                        , @unchecked Sendable
/Users/tavishagarwal/Desktop/Vybe/node_modules/expo-font/ios/FontExceptions.swift:9:22: warning: class 'FontCreationFailedException' must restate inherited '@unchecked Sendable' conformance
internal final class FontCreationFailedException: GenericException<String> {
                     ^
                                                                          , @unchecked Sendable
/Users/tavishagarwal/Desktop/Vybe/node_modules/expo-font/ios/FontExceptions.swift:15:22: warning: class 'FontNoPostScriptException' must restate inherited '@unchecked Sendable' conformance
internal final class FontNoPostScriptException: GenericException<String> {
                     ^
                                                                        , @unchecked Sendable
/Users/tavishagarwal/Desktop/Vybe/node_modules/expo-font/ios/FontExceptions.swift:27:22: warning: class 'FontRegistrationFailedException' must restate inherited '@unchecked Sendable' conformance
internal final class FontRegistrationFailedException: GenericException<FontRegistrationErrorInfo> {
                     ^
                                                                                                 , @unchecked Sendable
/Users/tavishagarwal/Desktop/Vybe/node_modules/expo-font/ios/FontExceptions.swift:34:22: warning: class 'UnregisteringFontFailedException' must restate inherited '@unchecked Sendable' conformance
internal final class UnregisteringFontFailedException: GenericException<CFError> {
                     ^
                                                                                , @unchecked Sendable
/Users/tavishagarwal/Desktop/Vybe/node_modules/expo-font/ios/FontExceptions.swift:40:22: warning: class 'CreateImageException' must restate inherited '@unchecked Sendable' conformance
internal final class CreateImageException: Exception {
                     ^
                                                    , @unchecked Sendable
/Users/tavishagarwal/Desktop/Vybe/node_modules/expo-font/ios/FontExceptions.swift:46:22: warning: class 'SaveImageException' must restate inherited '@unchecked Sendable' conformance
internal final class SaveImageException: GenericException<String> {
                     ^
                                                                 , @unchecked Sendable

SwiftEmitModule normal arm64 Emitting\ module\ for\ ExpoFileSystem (in target 'ExpoFileSystem' from project 'Pods')

EmitSwiftModule normal arm64 (in target 'ExpoFileSystem' from project 'Pods')
    cd /Users/tavishagarwal/Desktop/Vybe/ios/Pods
    

SwiftEmitModule normal arm64 Emitting\ module\ for\ Expo (in target 'Expo' from project 'Pods')

EmitSwiftModule normal arm64 (in target 'Expo' from project 'Pods')
    cd /Users/tavishagarwal/Desktop/Vybe/ios/Pods
    

SwiftCompile normal arm64 Compiling\ ExpoVideoView.swift,\ VideoViewModule.swift /Users/tavishagarwal/Desktop/Vybe/node_modules/expo-av/ios/EXAV/ExpoVideoView.swift /Users/tavishagarwal/Desktop/Vybe/node_modules/expo-av/ios/EXAV/Video/VideoViewModule.swift (in target 'EXAV' from project 'Pods')
Failed frontend command:
/Applications/Xcode.app/Contents/Developer/Toolchains/XcodeDefault.xctoolchain/usr/bin/swift-frontend -frontend -c /Users/tavishagarwal/Desktop/Vybe/node_modules/expo-av/ios/EXAV/ExpoVideoView.swift /Users/tavishagarwal/Desktop/Vybe/node_modules/expo-av/ios/EXAV/Video/VideoViewModule.swift -emit-module-path /Users/tavishagarwal/Library/Developer/Xcode/DerivedData/Vybe-eypqtupuvqzwmybaqlzhbqpdfpou/Build/Intermediates.noindex/Pods.build/Debug-iphonesimulator/EXAV.build/Objects-normal/arm64/EXAV.swiftmodule -emit-module-doc-path /Users/tavishagarwal/Library/Developer/Xcode/DerivedData/Vybe-eypqtupuvqzwmybaqlzhbqpdfpou/Build/Intermediates.noindex/Pods.build/Debug-iphonesimulator/EXAV.build/Objects-normal/arm64/EXAV.swiftdoc -emit-module-source-info-path /Users/tavishagarwal/Library/Developer/Xcode/DerivedData/Vybe-eypqtupuvqzwmybaqlzhbqpdfpou/Build/Intermediates.noindex/Pods.build/Debug-iphonesimulator/EXAV.build/Objects-normal/arm64/EXAV.swiftsourceinfo -emit-dependencies-path /Users/tavishagarwal/Library/Developer/Xcode/DerivedData/Vybe-eypqtupuvqzwmybaqlzhbqpdfpou/Build/Intermediates.noindex/Pods.build/Debug-iphonesimulator/EXAV.build/Objects-normal/arm64/EXAV-primary.d -emit-const-values-path /Users/tavishagarwal/Library/Developer/Xcode/DerivedData/Vybe-eypqtupuvqzwmybaqlzhbqpdfpou/Build/Intermediates.noindex/Pods.build/Debug-iphonesimulator/EXAV.build/Objects-normal/arm64/EXAV-primary.swiftconstvalues -serialize-diagnostics-path /Users/tavishagarwal/Library/Developer/Xcode/DerivedData/Vybe-eypqtupuvqzwmybaqlzhbqpdfpou/Build/Intermediates.noindex/Pods.build/Debug-iphonesimulator/EXAV.build/Objects-normal/arm64/EXAV-primary.dia -emit-objc-header-path /Users/tavishagarwal/Library/Developer/Xcode/DerivedData/Vybe-eypqtupuvqzwmybaqlzhbqpdfpou/Build/Intermediates.noindex/Pods.build/Debug-iphonesimulator/EXAV.build/Objects-normal/arm64/EXAV-Swift.h -emit-abi-descriptor-path /Users/tavishagarwal/Library/Developer/Xcode/DerivedData/Vybe-eypqtupuvqzwmybaqlzhbqpdfpou/Build/Intermediates.noindex/Pods.build/Debug-iphonesimulator/EXAV.build/Objects-normal/arm64/EXAV.abi.json -target arm64-apple-ios15.1-simulator -Xllvm -aarch64-use-tbi -enable-objc-interop -sdk /Applications/Xcode.app/Contents/Developer/Platforms/iPhoneSimulator.platform/Developer/SDKs/iPhoneSimulator26.4.sdk -I /Users/tavishagarwal/Library/Developer/Xcode/DerivedData/Vybe-eypqtupuvqzwmybaqlzhbqpdfpou/Build/Products/Debug-iphonesimulator/EXAV -I /Users/tavishagarwal/Library/Developer/Xcode/DerivedData/Vybe-eypqtupuvqzwmybaqlzhbqpdfpou/Build/Products/Debug-iphonesimulator/ExpoModulesCore -I /Users/tavishagarwal/Library/Developer/Xcode/DerivedData/Vybe-eypqtupuvqzwmybaqlzhbqpdfpou/Build/Products/Debug-iphonesimulator/RCTSwiftUI -F /Users/tavishagarwal/Library/Developer/Xcode/DerivedData/Vybe-eypqtupuvqzwmybaqlzhbqpdfpou/Build/Products/Debug-iphonesimulator/EXAV -F /Users/tavishagarwal/Desktop/Vybe/ios/Pods/React-Core-prebuilt -F /Users/tavishagarwal/Desktop/Vybe/ios/Pods/ReactNativeDependencies/framework/packages/react-native -F /Users/tavishagarwal/Desktop/Vybe/ios/Pods/hermes-engine/destroot/Library/Frameworks/universal -F /Users/tavishagarwal/Library/Developer/Xcode/DerivedData/Vybe-eypqtupuvqzwmybaqlzhbqpdfpou/Build/Products/Debug-iphonesimulator/XCFrameworkIntermediates/React-Core-prebuilt -F /Users/tavishagarwal/Library/Developer/Xcode/DerivedData/Vybe-eypqtupuvqzwmybaqlzhbqpdfpou/Build/Products/Debug-iphonesimulator/XCFrameworkIntermediates/ReactNativeDependencies -F /Users/tavishagarwal/Library/Developer/Xcode/DerivedData/Vybe-eypqtupuvqzwmybaqlzhbqpdfpou/Build/Products/Debug-iphonesimulator/XCFrameworkIntermediates/hermes-engine/Pre-built -no-color-diagnostics -Xcc -fno-color-diagnostics -enable-testing -g -debug-info-format\=dwarf -dwarf-version\=4 -import-underlying-module -module-cache-path /Users/tavishagarwal/Library/Developer/Xcode/DerivedData/ModuleCache.noindex -swift-version 5 -Onone -D DEBUG -D COCOAPODS -serialize-debugging-options -const-gather-protocols-file /Users/tavishagarwal/Library/Developer/Xcode/DerivedData/Vybe-eypqtupuvqzwmybaqlzhbqpdfpou/Build/Intermediates.noindex/Pods.build/Debug-iphonesimulator/EXAV.build/Objects-normal/arm64/EXAV_const_extract_protocols.json -enable-experimental-feature DebugDescriptionMacro -enable-bare-slash-regex -empty-abi-descriptor -validate-clang-modules-once -clang-build-session-file /Users/tavishagarwal/Library/Developer/Xcode/DerivedData/ModuleCache.noindex/Session.modulevalidation -Xcc -working-directory -Xcc /Users/tavishagarwal/Desktop/Vybe/ios/Pods -enable-anonymous-context-mangled-names -file-compilation-dir /Users/tavishagarwal/Desktop/Vybe/ios/Pods -Xcc -fmodule-map-file\=/Users/tavishagarwal/Library/Developer/Xcode/DerivedData/Vybe-eypqtupuvqzwmybaqlzhbqpdfpou/Build/Products/Debug-iphonesimulator/ExpoModulesCore/ExpoModulesCore.modulemap -Xcc -fmodule-map-file\=/Users/tavishagarwal/Library/Developer/Xcode/DerivedData/Vybe-eypqtupuvqzwmybaqlzhbqpdfpou/Build/Products/Debug-iphonesimulator/RCTSwiftUI/RCTSwiftUI.modulemap -Xcc -fmodule-map-file\=/Users/tavishagarwal/Desktop/Vybe/ios/Pods/Headers/Public/ExpoModulesJSI/ExpoModulesJSI.modulemap -Xcc -fmodule-map-file\=/Users/tavishagarwal/Desktop/Vybe/ios/Pods/Headers/Public/RNWorklets/RNWorklets.modulemap -Xcc -fmodule-map-file\=/Users/tavishagarwal/Desktop/Vybe/ios/Pods/Headers/Public/ReactCodegen/ReactCodegen.modulemap -Xcc -fmodule-map-file\=/Users/tavishagarwal/Desktop/Vybe/ios/Pods/Headers/Public/EXAV/EXAV.modulemap -Xcc -D_LIBCPP_HARDENING_MODE\=_LIBCPP_HARDENING_MODE_DEBUG -Xcc -ivfsstatcache -Xcc /Users/tavishagarwal/Library/Developer/Xcode/DerivedData/SDKStatCaches.noindex/iphonesimulator26.4-23E252-686eebb5dc1d8ecb277353a59184f4aa.sdkstatcache -Xcc -I/Users/tavishagarwal/Library/Developer/Xcode/DerivedData/Vybe-eypqtupuvqzwmybaqlzhbqpdfpou/Build/Intermediates.noindex/Pods.build/Debug-iphonesimulator/EXAV.build/swift-overrides.hmap -Xcc -iquote -Xcc /Users/tavishagarwal/Library/Developer/Xcode/DerivedData/Vybe-eypqtupuvqzwmybaqlzhbqpdfpou/Build/Intermediates.noindex/Pods.build/Debug-iphonesimulator/EXAV.build/EXAV-generated-files.hmap -Xcc -I/Users/tavishagarwal/Library/Developer/Xcode/DerivedData/Vybe-eypqtupuvqzwmybaqlzhbqpdfpou/Build/Intermediates.noindex/Pods.build/Debug-iphonesimulator/EXAV.build/EXAV-own-target-headers.hmap -Xcc -I/Users/tavishagarwal/Library/Developer/Xcode/DerivedData/Vybe-eypqtupuvqzwmybaqlzhbqpdfpou/Build/Intermediates.noindex/Pods.build/Debug-iphonesimulator/EXAV.build/EXAV-all-non-framework-target-headers.hmap -Xcc -ivfsoverlay -Xcc /Users/tavishagarwal/Library/Developer/Xcode/DerivedData/Vybe-eypqtupuvqzwmybaqlzhbqpdfpou/Build/Intermediates.noindex/Pods.build/Debug-iphonesimulator/Pods-8699adb1dd336b26511df848a716bd42-VFS-iphonesimulator/all-product-headers.yaml -Xcc -iquote -Xcc /Users/tavishagarwal/Library/Developer/Xcode/DerivedData/Vybe-eypqtupuvqzwmybaqlzhbqpdfpou/Build/Intermediates.noindex/Pods.build/Debug-iphonesimulator/EXAV.build/EXAV-project-headers.hmap -Xcc -I/Users/tavishagarwal/Library/Developer/Xcode/DerivedData/Vybe-eypqtupuvqzwmybaqlzhbqpdfpou/Build/Products/Debug-iphonesimulator/EXAV/include -Xcc -I/Users/tavishagarwal/Desktop/Vybe/ios/Pods/Headers/Private -Xcc -I/Users/tavishagarwal/Desktop/Vybe/ios/Pods/Headers/Private/EXAV -Xcc -I/Users/tavishagarwal/Desktop/Vybe/ios/Pods/Headers/Public -Xcc -I/Users/tavishagarwal/Desktop/Vybe/ios/Pods/Headers/Public/ExpoModulesCore -Xcc -I/Users/tavishagarwal/Desktop/Vybe/ios/Pods/Headers/Public/ExpoModulesJSI -Xcc -I/Users/tavishagarwal/Desktop/Vybe/ios/Pods/Headers/Public/FBLazyVector -Xcc -I/Users/tavishagarwal/Desktop/Vybe/ios/Pods/Headers/Public/RCTRequired -Xcc -I/Users/tavishagarwal/Desktop/Vybe/ios/Pods/Headers/Public/RCTSwiftUIWrapper -Xcc -I/Users/tavishagarwal/Desktop/Vybe/ios/Pods/Headers/Public/RCTTypeSafety -Xcc -I/Users/tavishagarwal/Desktop/Vybe/ios/Pods/Headers/Public/RNWorklets -Xcc -I/Users/tavishagarwal/Desktop/Vybe/ios/Pods/Headers/Public/React-Core -Xcc -I/Users/tavishagarwal/Desktop/Vybe/ios/Pods/Headers/Public/React-Core-prebuilt -Xcc -I/Users/tavishagarwal/Desktop/Vybe/ios/Pods/Headers/Public/React-CoreModules -Xcc -I/Users/tavishagarwal/Desktop/Vybe/ios/Pods/Headers/Public/React-Fabric -Xcc -I/Users/tavishagarwal/Desktop/Vybe/ios/Pods/Headers/Public/React-FabricComponents -Xcc -I/Users/tavishagarwal/Desktop/Vybe/ios/Pods/Headers/Public/React-FabricImage -Xcc -I/Users/tavishagarwal/Desktop/Vybe/ios/Pods/Headers/Public/React-ImageManager -Xcc -I/Users/tavishagarwal/Desktop/Vybe/ios/Pods/Headers/Public/React-Mapbuffer -Xcc -I/Users/tavishagarwal/Desktop/Vybe/ios/Pods/Headers/Public/React-NativeModulesApple -Xcc -I/Users/tavishagarwal/Desktop/Vybe/ios/Pods/Headers/Public/React-RCTAnimation -Xcc -I/Users/tavishagarwal/Desktop/Vybe/ios/Pods/Headers/Public/React-RCTBlob -Xcc -I/Users/tavishagarwal/Desktop/Vybe/ios/Pods/Headers/Public/React-RCTFBReactNativeSpec -Xcc -I/Users/tavishagarwal/Desktop/Vybe/ios/Pods/Headers/Public/React-RCTFabric -Xcc -I/Users/tavishagarwal/Desktop/Vybe/ios/Pods/Headers/Public/React-RCTImage -Xcc -I/Users/tavishagarwal/Desktop/Vybe/ios/Pods/Headers/Public/React-RCTRuntime -Xcc -I/Users/tavishagarwal/Desktop/Vybe/ios/Pods/Headers/Public/React-RCTText -Xcc -I/Users/tavishagarwal/Desktop/Vybe/ios/Pods/Headers/Public/React-RuntimeApple -Xcc -I/Users/tavishagarwal/Desktop/Vybe/ios/Pods/Headers/Public/React-RuntimeCore -Xcc -I/Users/tavishagarwal/Desktop/Vybe/ios/Pods/Headers/Public/React-RuntimeHermes -Xcc -I/Users/tavishagarwal/Desktop/Vybe/ios/Pods/Headers/Public/React-callinvoker -Xcc -I/Users/tavishagarwal/Desktop/Vybe/ios/Pods/Headers/Public/React-cxxreact -Xcc -I/Users/tavishagarwal/Desktop/Vybe/ios/Pods/Headers/Public/React-debug -Xcc -I/Users/tavishagarwal/Desktop/Vybe/ios/Pods/Headers/Public/React-defaultsnativemodule -Xcc -I/Users/tavishagarwal/Desktop/Vybe/ios/Pods/Headers/Public/React-domnativemodule -Xcc -I/Users/tavishagarwal/Desktop/Vybe/ios/Pods/Headers/Public/React-featureflags -Xcc -I/Users/tavishagarwal/Desktop/Vybe/ios/Pods/Headers/Public/React-featureflagsnativemodule -Xcc -I/Users/tavishagarwal/Desktop/Vybe/ios/Pods/Headers/Public/React-graphics -Xcc -I/Users/tavishagarwal/Desktop/Vybe/ios/Pods/Headers/Public/React-hermes -Xcc -I/Users/tavishagarwal/Desktop/Vybe/ios/Pods/Headers/Public/React-idlecallbacksnativemodule -Xcc -I/Users/tavishagarwal/Desktop/Vybe/ios/Pods/Headers/Public/React-intersectionobservernativemodule -Xcc -I/Users/tavishagarwal/Desktop/Vybe/ios/Pods/Headers/Public/React-jserrorhandler -Xcc -I/Users/tavishagarwal/Desktop/Vybe/ios/Pods/Headers/Public/React-jsi -Xcc -I/Users/tavishagarwal/Desktop/Vybe/ios/Pods/Headers/Public/React-jsiexecutor -Xcc -I/Users/tavishagarwal/Desktop/Vybe/ios/Pods/Headers/Public/React-jsinspector -Xcc -I/Users/tavishagarwal/Desktop/Vybe/ios/Pods/Headers/Public/React-jsinspectorcdp -Xcc -I/Users/tavishagarwal/Desktop/Vybe/ios/Pods/Headers/Public/React-jsinspectornetwork -Xcc -I/Users/tavishagarwal/Desktop/Vybe/ios/Pods/Headers/Public/React-jsinspectortracing -Xcc -I/Users/tavishagarwal/Desktop/Vybe/ios/Pods/Headers/Public/React-jsitooling -Xcc -I/Users/tavishagarwal/Desktop/Vybe/ios/Pods/Headers/Public/React-logger -Xcc -I/Users/tavishagarwal/Desktop/Vybe/ios/Pods/Headers/Public/React-microtasksnativemodule -Xcc -I/Users/tavishagarwal/Desktop/Vybe/ios/Pods/Headers/Public/React-networking -Xcc -I/Users/tavishagarwal/Desktop/Vybe/ios/Pods/Headers/Public/React-oscompat -Xcc -I/Users/tavishagarwal/Desktop/Vybe/ios/Pods/Headers/Public/React-perflogger -Xcc -I/Users/tavishagarwal/Desktop/Vybe/ios/Pods/Headers/Public/React-performancecdpmetrics -Xcc -I/Users/tavishagarwal/Desktop/Vybe/ios/Pods/Headers/Public/React-performancetimeline -Xcc -I/Users/tavishagarwal/Desktop/Vybe/ios/Pods/Headers/Public/React-rendererconsistency -Xcc -I/Users/tavishagarwal/Desktop/Vybe/ios/Pods/Headers/Public/React-renderercss -Xcc -I/Users/tavishagarwal/Desktop/Vybe/ios/Pods/Headers/Public/React-rendererdebug -Xcc -I/Users/tavishagarwal/Desktop/Vybe/ios/Pods/Headers/Public/React-runtimeexecutor -Xcc -I/Users/tavishagarwal/Desktop/Vybe/ios/Pods/Headers/Public/React-runtimescheduler -Xcc -I/Users/tavishagarwal/Desktop/Vybe/ios/Pods/Headers/Public/React-timing -Xcc -I/Users/tavishagarwal/Desktop/Vybe/ios/Pods/Headers/Public/React-utils -Xcc -I/Users/tavishagarwal/Desktop/Vybe/ios/Pods/Headers/Public/React-webperformancenativemodule -Xcc -I/Users/tavishagarwal/Desktop/Vybe/ios/Pods/Headers/Public/ReactCodegen -Xcc -I/Users/tavishagarwal/Desktop/Vybe/ios/Pods/Headers/Public/ReactCommon -Xcc -I/Users/tavishagarwal/Desktop/Vybe/ios/Pods/Headers/Public/ReactNativeDependencies -Xcc -I/Users/tavishagarwal/Desktop/Vybe/ios/Pods/Headers/Public/Yoga -Xcc -I/Users/tavishagarwal/Desktop/Vybe/ios/Pods/Headers/Public/hermes-engine -Xcc -I/Users/tavishagarwal/Library/Developer/Xcode/DerivedData/Vybe-eypqtupuvqzwmybaqlzhbqpdfpou/Build/Intermediates.noindex/Pods.build/Debug-iphonesimulator/EXAV.build/DerivedSources-normal/arm64 -Xcc -I/Users/tavishagarwal/Library/Developer/Xcode/DerivedData/Vybe-eypqtupuvqzwmybaqlzhbqpdfpou/Build/Intermediates.noindex/Pods.build/Debug-iphonesimulator/EXAV.build/DerivedSources/arm64 -Xcc -I/Users/tavishagarwal/Library/Developer/Xcode/DerivedData/Vybe-eypqtupuvqzwmybaqlzhbqpdfpou/Build/Intermediates.noindex/Pods.build/Debug-iphonesimulator/EXAV.build/DerivedSources -Xcc -DPOD_CONFIGURATION_DEBUG\=1 -Xcc -DDEBUG\=1 -Xcc -DCOCOAPODS\=1 -no-auto-bridging-header-chaining -module-name EXAV -frontend-parseable-output -disable-clang-spi -target-sdk-version 26.4 -target-sdk-name iphonesimulator26.4 -external-plugin-path /Applications/Xcode.app/Contents/Developer/Platforms/iPhoneOS.platform/Developer/usr/lib/swift/host/plugins\#/Applications/Xcode.app/Contents/Developer/Platforms/iPhoneOS.platform/Developer/usr/bin/swift-plugin-server -external-plugin-path /Applications/Xcode.app/Contents/Developer/Platforms/iPhoneOS.platform/Developer/usr/local/lib/swift/host/plugins\#/Applications/Xcode.app/Contents/Developer/Platforms/iPhoneOS.platform/Developer/usr/bin/swift-plugin-server -in-process-plugin-server-path /Applications/Xcode.app/Contents/Developer/Toolchains/XcodeDefault.xctoolchain/usr/lib/swift/host/libSwiftInProcPluginServer.dylib -plugin-path /Applications/Xcode.app/Contents/Developer/Toolchains/XcodeDefault.xctoolchain/usr/lib/swift/host/plugins -plugin-path /Applications/Xcode.app/Contents/Developer/Toolchains/XcodeDefault.xctoolchain/usr/local/lib/swift/host/plugins -num-threads 10 -o /Users/tavishagarwal/Library/Developer/Xcode/DerivedData/Vybe-eypqtupuvqzwmybaqlzhbqpdfpou/Build/Intermediates.noindex/Pods.build/Debug-iphonesimulator/EXAV.build/Objects-normal/arm64/ExpoVideoView.o -o /Users/tavishagarwal/Library/Developer/Xcode/DerivedData/Vybe-eypqtupuvqzwmybaqlzhbqpdfpou/Build/Intermediates.noindex/Pods.build/Debug-iphonesimulator/EXAV.build/Objects-normal/arm64/VideoViewModule.o -index-unit-output-path /Pods.build/Debug-iphonesimulator/EXAV.build/Objects-normal/arm64/ExpoVideoView.o -index-unit-output-path /Pods.build/Debug-iphonesimulator/EXAV.build/Objects-normal/arm64/VideoViewModule.o -index-store-path /Users/tavishagarwal/Library/Developer/Xcode/DerivedData/Vybe-eypqtupuvqzwmybaqlzhbqpdfpou/Index.noindex/DataStore -index-system-modules

CompileSwift normal arm64 (in target 'EXAV' from project 'Pods')
    cd /Users/tavishagarwal/Desktop/Vybe/ios/Pods
    
<module-includes>:1:9: note: in file included from <module-includes>:1:
#import "EXAV-umbrella.h"
        ^
/Users/tavishagarwal/Desktop/Vybe/ios/Pods/Headers/Public/EXAV/EXAV-umbrella.h:15:9: note: in file included from /Users/tavishagarwal/Desktop/Vybe/ios/Pods/Headers/Public/EXAV/EXAV-umbrella.h:15:
#import "EXAV+AudioSampleCallback.h"
        ^
/Users/tavishagarwal/Desktop/Vybe/ios/Pods/Headers/Public/EXAV/EXAV+AudioSampleCallback.h:5:9: note: in file included from /Users/tavishagarwal/Desktop/Vybe/ios/Pods/Headers/Public/EXAV/EXAV+AudioSampleCallback.h:5:
#import <EXAV/EXAV.h>
        ^
/Users/tavishagarwal/Desktop/Vybe/node_modules/expo-av/ios/EXAV/EXAV.h:10:9: error: 'ExpoModulesCore/EXEventEmitter.h' file not found
#import <ExpoModulesCore/EXEventEmitter.h>
        ^
<unknown>:0: error: could not build Objective-C module 'EXAV'

SwiftEmitModule normal arm64 Emitting\ module\ for\ ExpoMediaLibrary (in target 'ExpoMediaLibrary' from project 'Pods')

SwiftEmitModule normal arm64 Emitting\ module\ for\ ExpoImage (in target 'ExpoImage' from project 'Pods')

CompileC /Users/tavishagarwal/Library/Developer/Xcode/DerivedData/Vybe-eypqtupuvqzwmybaqlzhbqpdfpou/Build/Intermediates.noindex/Pods.build/Debug-iphonesimulator/ExpoMediaLibrary.build/Objects-normal/arm64/MediaLibraryImageLoader.o /Users/tavishagarwal/Desktop/Vybe/node_modules/expo-media-library/ios/MediaLibraryImageLoader.m normal arm64 objective-c com.apple.compilers.llvm.clang.1_0.compiler (in target 'ExpoMediaLibrary' from project 'Pods')
    cd /Users/tavishagarwal/Desktop/Vybe/ios/Pods
    
    Using response file: /Users/tavishagarwal/Library/Developer/Xcode/DerivedData/Vybe-eypqtupuvqzwmybaqlzhbqpdfpou/Build/Intermediates.noindex/Pods.build/Debug-iphonesimulator/ExpoMediaLibrary.build/Objects-normal/arm64/e6072d4f65d7061329687fe24e3d63a7-common-args.resp
    
    /Applications/Xcode.app/Contents/Developer/Toolchains/XcodeDefault.xctoolchain/usr/bin/clang -x objective-c -ivfsstatcache /Users/tavishagarwal/Library/Developer/Xcode/DerivedData/SDKStatCaches.noindex/iphonesimulator26.4-23E252-686eebb5dc1d8ecb277353a59184f4aa.sdkstatcache -target arm64-apple-ios15.1-simulator -fmessage-length\=0 -fdiagnostics-show-note-include-stack -fmacro-backtrace-limit\=0 -fno-color-diagnostics -fmodules-prune-interval\=86400 -fmodules-prune-after\=345600 -fbuild-session-file\=/Users/tavishagarwal/Library/Developer/Xcode/DerivedData/ModuleCache.noindex/Session.modulevalidation -fmodules-validate-once-per-build-session -Wnon-modular-include-in-framework-module -Werror\=non-modular-include-in-framework-module -Wno-trigraphs -Wno-missing-field-initializers -Wno-missing-prototypes -Werror\=return-type -Wdocumentation -Wunreachable-code -Wno-implicit-atomic-properties -Werror\=deprecated-objc-isa-usage -Wno-objc-interface-ivars -Werror\=objc-root-class -Wno-arc-repeated-use-of-weak -Wimplicit-retain-self -Wduplicate-method-match -Wno-missing-braces -Wparentheses -Wswitch -Wunused-function -Wno-unused-label -Wno-unused-parameter -Wunused-variable -Wunused-value -Wempty-body -Wuninitialized -Wconditional-uninitialized -Wno-unknown-pragmas -Wno-shadow -Wno-four-char-constants -Wno-conversion -Wconstant-conversion -Wint-conversion -Wbool-conversion -Wenum-conversion -Wno-float-conversion -Wnon-literal-null-conversion -Wobjc-literal-conversion -Wshorten-64-to-32 -Wpointer-sign -Wno-newline-eof -Wno-selector -Wno-strict-selector-match -Wundeclared-selector -Wdeprecated-implementations -Wno-implicit-fallthrough -isysroot /Applications/Xcode.app/Contents/Developer/Platforms/iPhoneSimulator.platform/Developer/SDKs/iPhoneSimulator26.4.sdk -fstrict-aliasing -Wprotocol -Wdeprecated-declarations -Wno-sign-conversion -Winfinite-recursion -Wcomma -Wblock-capture-autoreleasing -Wstrict-prototypes -Wno-semicolon-before-method-body -Wunguarded-availability -index-store-path /Users/tavishagarwal/Library/Developer/Xcode/DerivedData/Vybe-eypqtupuvqzwmybaqlzhbqpdfpou/Index.noindex/DataStore @/Users/tavishagarwal/Library/Developer/Xcode/DerivedData/Vybe-eypqtupuvqzwmybaqlzhbqpdfpou/Build/Intermediates.noindex/Pods.build/Debug-iphonesimulator/ExpoMediaLibrary.build/Objects-normal/arm64/e6072d4f65d7061329687fe24e3d63a7-common-args.resp -include /Users/tavishagarwal/Desktop/Vybe/ios/Pods/Target\ Support\ Files/ExpoMediaLibrary/ExpoMediaLibrary-prefix.pch -MMD -MT dependencies -MF /Users/tavishagarwal/Library/Developer/Xcode/DerivedData/Vybe-eypqtupuvqzwmybaqlzhbqpdfpou/Build/Intermediates.noindex/Pods.build/Debug-iphonesimulator/ExpoMediaLibrary.build/Objects-normal/arm64/MediaLibraryImageLoader.d --serialize-diagnostics /Users/tavishagarwal/Library/Developer/Xcode/DerivedData/Vybe-eypqtupuvqzwmybaqlzhbqpdfpou/Build/Intermediates.noindex/Pods.build/Debug-iphonesimulator/ExpoMediaLibrary.build/Objects-normal/arm64/MediaLibraryImageLoader.dia -c /Users/tavishagarwal/Desktop/Vybe/node_modules/expo-media-library/ios/MediaLibraryImageLoader.m -o /Users/tavishagarwal/Library/Developer/Xcode/DerivedData/Vybe-eypqtupuvqzwmybaqlzhbqpdfpou/Build/Intermediates.noindex/Pods.build/Debug-iphonesimulator/ExpoMediaLibrary.build/Objects-normal/arm64/MediaLibraryImageLoader.o -index-unit-output-path /Pods.build/Debug-iphonesimulator/ExpoMediaLibrary.build/Objects-normal/arm64/MediaLibraryImageLoader.o
Failed frontend command:
/Applications/Xcode.app/Contents/Developer/Toolchains/XcodeDefault.xctoolchain/usr/bin/clang -cc1 -Wundef-prefix\=TARGET_OS_ -fdiagnostics-show-note-include-stack -fmacro-backtrace-limit\=0 -ferror-limit 19 -serialize-diagnostic-file /Users/tavishagarwal/Library/Developer/Xcode/DerivedData/Vybe-eypqtupuvqzwmybaqlzhbqpdfpou/Build/Intermediates.noindex/Pods.build/Debug-iphonesimulator/ExpoMediaLibrary.build/Objects-normal/arm64/MediaLibraryImageLoader.dia -Wdeprecated-objc-isa-usage -Werror\=deprecated-objc-isa-usage -Werror\=implicit-function-declaration -Wnon-modular-include-in-framework-module -Werror\=non-modular-include-in-framework-module -Wno-trigraphs -Wno-missing-field-initializers -Wno-missing-prototypes -Werror\=return-type -Wdocumentation -Wunreachable-code -Wno-implicit-atomic-properties -Werror\=deprecated-objc-isa-usage -Wno-objc-interface-ivars -Werror\=objc-root-class -Wno-arc-repeated-use-of-weak -Wimplicit-retain-self -Wduplicate-method-match -Wno-missing-braces -Wparentheses -Wswitch -Wunused-function -Wno-unused-label -Wno-unused-parameter -Wunused-variable -Wunused-value -Wempty-body -Wuninitialized -Wconditional-uninitialized -Wno-unknown-pragmas -Wno-shadow -Wno-four-char-constants -Wno-conversion -Wconstant-conversion -Wint-conversion -Wbool-conversion -Wenum-conversion -Wno-float-conversion -Wnon-literal-null-conversion -Wobjc-literal-conversion -Wshorten-64-to-32 -Wpointer-sign -Wno-newline-eof -Wno-selector -Wno-strict-selector-match -Wundeclared-selector -Wdeprecated-implementations -Wno-implicit-fallthrough -Wprotocol -Wdeprecated-declarations -Wno-sign-conversion -Winfinite-recursion -Wcomma -Wblock-capture-autoreleasing -Wstrict-prototypes -Wno-semicolon-before-method-body -Wunguarded-availability -Wno-elaborated-enum-base -Wno-error\=allocator-wrappers -index-store-path /Users/tavishagarwal/Library/Developer/Xcode/DerivedData/Vybe-eypqtupuvqzwmybaqlzhbqpdfpou/Index.noindex/DataStore -index-unit-output-path /Pods.build/Debug-iphonesimulator/ExpoMediaLibrary.build/Objects-normal/arm64/MediaLibraryImageLoader.o -fmodule-map-file\=/Users/tavishagarwal/Library/Developer/Xcode/DerivedData/Vybe-eypqtupuvqzwmybaqlzhbqpdfpou/Build/Products/Debug-iphonesimulator/ExpoModulesCore/ExpoModulesCore.modulemap -fmodule-map-file\=/Users/tavishagarwal/Library/Developer/Xcode/DerivedData/Vybe-eypqtupuvqzwmybaqlzhbqpdfpou/Build/Products/Debug-iphonesimulator/RCTSwiftUI/RCTSwiftUI.modulemap -fmodule-map-file\=/Users/tavishagarwal/Desktop/Vybe/ios/Pods/Headers/Public/ExpoModulesJSI/ExpoModulesJSI.modulemap -fmodule-map-file\=/Users/tavishagarwal/Desktop/Vybe/ios/Pods/Headers/Public/RNWorklets/RNWorklets.modulemap -fmodule-map-file\=/Users/tavishagarwal/Desktop/Vybe/ios/Pods/Headers/Public/ReactCodegen/ReactCodegen.modulemap -fmodule-map-file\=/Applications/Xcode.app/Contents/Developer/Platforms/iPhoneSimulator.platform/Developer/SDKs/iPhoneSimulator.sdk/usr/include/DarwinFoundation1.modulemap -fmodule-map-file\=/Applications/Xcode.app/Contents/Developer/Toolchains/XcodeDefault.xctoolchain/usr/lib/clang/21/include/module.modulemap -fmodule-map-file\=/Applications/Xcode.app/Contents/Developer/Toolchains/XcodeDefault.xctoolchain/usr/lib/clang/21/include/module.modulemap -fmodule-map-file\=/Applications/Xcode.app/Contents/Developer/Toolchains/XcodeDefault.xctoolchain/usr/lib/clang/21/include/module.modulemap -fmodule-map-file\=/Applications/Xcode.app/Contents/Developer/Platforms/iPhoneSimulator.platform/Developer/SDKs/iPhoneSimulator.sdk/System/Library/Frameworks/Foundation.framework/Modules/module.modulemap -fmodule-map-file\=/Applications/Xcode.app/Contents/Developer/Platforms/iPhoneSimulator.platform/Developer/SDKs/iPhoneSimulator.sdk/System/Library/Frameworks/CoreGraphics.framework/Modules/module.modulemap -fmodule-map-file\=/Applications/Xcode.app/Contents/Developer/Platforms/iPhoneSimulator.platform/Developer/SDKs/iPhoneSimulator.sdk/System/Library/Frameworks/QuartzCore.framework/Modules/module.modulemap -fmodule-map-file\=/Applications/Xcode.app/Contents/Developer/Platforms/iPhoneSimulator.platform/Developer/SDKs/iPhoneSimulator.sdk/System/Library/Frameworks/UIKit.framework/Modules/module.modulemap -fmodule-map-file\=/Applications/Xcode.app/Contents/Developer/Platforms/iPhoneSimulator.platform/Developer/SDKs/iPhoneSimulator.sdk/System/Library/Frameworks/Photos.framework/Modules/module.modulemap -o /Users/tavishagarwal/Library/Developer/Xcode/DerivedData/Vybe-eypqtupuvqzwmybaqlzhbqpdfpou/Build/Intermediates.noindex/Pods.build/Debug-iphonesimulator/ExpoMediaLibrary.build/Objects-normal/arm64/MediaLibraryImageLoader.o -disable-free -emit-obj -x objective-c /Users/tavishagarwal/Desktop/Vybe/node_modules/expo-media-library/ios/MediaLibraryImageLoader.m -target-abi darwinpcs -target-cpu apple-m1 -target-feature +v8.5a -target-feature +aes -target-feature +altnzcv -target-feature +ccdp -target-feature +ccpp -target-feature +complxnum -target-feature +crc -target-feature +dotprod -target-feature +flagm -target-feature +fp-armv8 -target-feature +fp16fml -target-feature +fptoint -target-feature +fullfp16 -target-feature +jsconv -target-feature +lse -target-feature +neon -target-feature +pauth -target-feature +perfmon -target-feature +predres -target-feature +ras -target-feature +rcpc -target-feature +rdm -target-feature +sb -target-feature +sha2 -target-feature +sha3 -target-feature +specrestrict -target-feature +ssbs -triple arm64-apple-ios15.1.0-simulator -target-linker-version 1266.8 -target-sdk-version\=26.4 -fmodules-validate-system-headers -fno-modulemap-allow-subdirectory-search -isysroot /Applications/Xcode.app/Contents/Developer/Platforms/iPhoneSimulator.platform/Developer/SDKs/iPhoneSimulator26.4.sdk -resource-dir /Applications/Xcode.app/Contents/Developer/Toolchains/XcodeDefault.xctoolchain/usr/lib/clang/21 -fmodule-file\=CoreGraphics\=/Users/tavishagarwal/Library/Developer/Xcode/DerivedData/Vybe-eypqtupuvqzwmybaqlzhbqpdfpou/Build/Intermediates.noindex/ExplicitPrecompiledModules/CoreGraphics-44PVK4PU8LGQ8UR8509Z3FTMC.pcm -fmodule-file\=Foundation\=/Users/tavishagarwal/Library/Developer/Xcode/DerivedData/Vybe-eypqtupuvqzwmybaqlzhbqpdfpou/Build/Intermediates.noindex/ExplicitPrecompiledModules/Foundation-673MI2G1JKTUC95SC7SER6UZJ.pcm -fmodule-file\=Photos\=/Users/tavishagarwal/Library/Developer/Xcode/DerivedData/Vybe-eypqtupuvqzwmybaqlzhbqpdfpou/Build/Intermediates.noindex/ExplicitPrecompiledModules/Photos-6JNZFUHCAVFRUS0V5KTW3SEK5.pcm -fmodule-file\=QuartzCore\=/Users/tavishagarwal/Library/Developer/Xcode/DerivedData/Vybe-eypqtupuvqzwmybaqlzhbqpdfpou/Build/Intermediates.noindex/ExplicitPrecompiledModules/QuartzCore-CWAB7D29L05DBT0C3VL6CYIF8.pcm -fmodule-file\=UIKit\=/Users/tavishagarwal/Library/Developer/Xcode/DerivedData/Vybe-eypqtupuvqzwmybaqlzhbqpdfpou/Build/Intermediates.noindex/ExplicitPrecompiledModules/UIKit-6O0FSS5Q26FQ0WZJKKJ31S4EO.pcm -fmodule-file\=_Builtin_stdarg\=/Users/tavishagarwal/Library/Developer/Xcode/DerivedData/Vybe-eypqtupuvqzwmybaqlzhbqpdfpou/Build/Intermediates.noindex/ExplicitPrecompiledModules/_Builtin_stdarg-D92UYMCLVCVGNCCW2L7DDOOB4.pcm -fmodule-file\=_Builtin_stdbool\=/Users/tavishagarwal/Library/Developer/Xcode/DerivedData/Vybe-eypqtupuvqzwmybaqlzhbqpdfpou/Build/Intermediates.noindex/ExplicitPrecompiledModules/_Builtin_stdbool-9U1WN39DNLCMO4YYHCLD03TBY.pcm -fmodule-file\=_Builtin_stddef\=/Users/tavishagarwal/Library/Developer/Xcode/DerivedData/Vybe-eypqtupuvqzwmybaqlzhbqpdfpou/Build/Intermediates.noindex/ExplicitPrecompiledModules/_Builtin_stddef-86TMSPIUJTZMIEUIUK68QY7WJ.pcm -fmodule-file\=_DarwinFoundation1\=/Users/tavishagarwal/Library/Developer/Xcode/DerivedData/Vybe-eypqtupuvqzwmybaqlzhbqpdfpou/Build/Intermediates.noindex/ExplicitPrecompiledModules/_DarwinFoundation1-BE2FE08XVPTCXC4I8VMJNB6YR.pcm -I /Users/tavishagarwal/Library/Developer/Xcode/DerivedData/Vybe-eypqtupuvqzwmybaqlzhbqpdfpou/Build/Intermediates.noindex/Pods.build/Debug-iphonesimulator/ExpoMediaLibrary.build/ExpoMediaLibrary-own-target-headers.hmap -I /Users/tavishagarwal/Library/Developer/Xcode/DerivedData/Vybe-eypqtupuvqzwmybaqlzhbqpdfpou/Build/Intermediates.noindex/Pods.build/Debug-iphonesimulator/ExpoMediaLibrary.build/ExpoMediaLibrary-all-non-framework-target-headers.hmap -I /Users/tavishagarwal/Library/Developer/Xcode/DerivedData/Vybe-eypqtupuvqzwmybaqlzhbqpdfpou/Build/Products/Debug-iphonesimulator/ExpoMediaLibrary/include -I /Users/tavishagarwal/Desktop/Vybe/ios/Pods/Headers/Private -I /Users/tavishagarwal/Desktop/Vybe/ios/Pods/Headers/Private/ExpoMediaLibrary -I /Users/tavishagarwal/Desktop/Vybe/ios/Pods/Headers/Public -I /Users/tavishagarwal/Desktop/Vybe/ios/Pods/Headers/Public/ExpoModulesCore -I /Users/tavishagarwal/Desktop/Vybe/ios/Pods/Headers/Public/ExpoModulesJSI -I /Users/tavishagarwal/Desktop/Vybe/ios/Pods/Headers/Public/FBLazyVector -I /Users/tavishagarwal/Desktop/Vybe/ios/Pods/Headers/Public/RCTRequired -I /Users/tavishagarwal/Desktop/Vybe/ios/Pods/Headers/Public/RCTSwiftUIWrapper -I /Users/tavishagarwal/Desktop/Vybe/ios/Pods/Headers/Public/RCTTypeSafety -I /Users/tavishagarwal/Desktop/Vybe/ios/Pods/Headers/Public/RNWorklets -I /Users/tavishagarwal/Desktop/Vybe/ios/Pods/Headers/Public/React-Core -I /Users/tavishagarwal/Desktop/Vybe/ios/Pods/Headers/Public/React-Core-prebuilt -I /Users/tavishagarwal/Desktop/Vybe/ios/Pods/Headers/Public/React-CoreModules -I /Users/tavishagarwal/Desktop/Vybe/ios/Pods/Headers/Public/React-Fabric -I /Users/tavishagarwal/Desktop/Vybe/ios/Pods/Headers/Public/React-FabricComponents -I /Users/tavishagarwal/Desktop/Vybe/ios/Pods/Headers/Public/React-FabricImage -I /Users/tavishagarwal/Desktop/Vybe/ios/Pods/Headers/Public/React-ImageManager -I /Users/tavishagarwal/Desktop/Vybe/ios/Pods/Headers/Public/React-Mapbuffer -I /Users/tavishagarwal/Desktop/Vybe/ios/Pods/Headers/Public/React-NativeModulesApple -I /Users/tavishagarwal/Desktop/Vybe/ios/Pods/Headers/Public/React-RCTAnimation -I /Users/tavishagarwal/Desktop/Vybe/ios/Pods/Headers/Public/React-RCTBlob -I /Users/tavishagarwal/Desktop/Vybe/ios/Pods/Headers/Public/React-RCTFBReactNativeSpec -I /Users/tavishagarwal/Desktop/Vybe/ios/Pods/Headers/Public/React-RCTFabric -I /Users/tavishagarwal/Desktop/Vybe/ios/Pods/Headers/Public/React-RCTImage -I /Users/tavishagarwal/Desktop/Vybe/ios/Pods/Headers/Public/React-RCTRuntime -I /Users/tavishagarwal/Desktop/Vybe/ios/Pods/Headers/Public/React-RCTText -I /Users/tavishagarwal/Desktop/Vybe/ios/Pods/Headers/Public/React-RuntimeApple -I /Users/tavishagarwal/Desktop/Vybe/ios/Pods/Headers/Public/React-RuntimeCore -I /Users/tavishagarwal/Desktop/Vybe/ios/Pods/Headers/Public/React-RuntimeHermes -I /Users/tavishagarwal/Desktop/Vybe/ios/Pods/Headers/Public/React-callinvoker -I /Users/tavishagarwal/Desktop/Vybe/ios/Pods/Headers/Public/React-cxxreact -I /Users/tavishagarwal/Desktop/Vybe/ios/Pods/Headers/Public/React-debug -I /Users/tavishagarwal/Desktop/Vybe/ios/Pods/Headers/Public/React-defaultsnativemodule -I /Users/tavishagarwal/Desktop/Vybe/ios/Pods/Headers/Public/React-domnativemodule -I /Users/tavishagarwal/Desktop/Vybe/ios/Pods/Headers/Public/React-featureflags -I /Users/tavishagarwal/Desktop/Vybe/ios/Pods/Headers/Public/React-featureflagsnativemodule -I /Users/tavishagarwal/Desktop/Vybe/ios/Pods/Headers/Public/React-graphics -I /Users/tavishagarwal/Desktop/Vybe/ios/Pods/Headers/Public/React-hermes -I /Users/tavishagarwal/Desktop/Vybe/ios/Pods/Headers/Public/React-idlecallbacksnativemodule -I /Users/tavishagarwal/Desktop/Vybe/ios/Pods/Headers/Public/React-intersectionobservernativemodule -I /Users/tavishagarwal/Desktop/Vybe/ios/Pods/Headers/Public/React-jserrorhandler -I /Users/tavishagarwal/Desktop/Vybe/ios/Pods/Headers/Public/React-jsi -I /Users/tavishagarwal/Desktop/Vybe/ios/Pods/Headers/Public/React-jsiexecutor -I /Users/tavishagarwal/Desktop/Vybe/ios/Pods/Headers/Public/React-jsinspector -I /Users/tavishagarwal/Desktop/Vybe/ios/Pods/Headers/Public/React-jsinspectorcdp -I /Users/tavishagarwal/Desktop/Vybe/ios/Pods/Headers/Public/React-jsinspectornetwork -I /Users/tavishagarwal/Desktop/Vybe/ios/Pods/Headers/Public/React-jsinspectortracing -I /Users/tavishagarwal/Desktop/Vybe/ios/Pods/Headers/Public/React-jsitooling -I /Users/tavishagarwal/Desktop/Vybe/ios/Pods/Headers/Public/React-logger -I /Users/tavishagarwal/Desktop/Vybe/ios/Pods/Headers/Public/React-microtasksnativemodule -I /Users/tavishagarwal/Desktop/Vybe/ios/Pods/Headers/Public/React-networking -I /Users/tavishagarwal/Desktop/Vybe/ios/Pods/Headers/Public/React-oscompat -I /Users/tavishagarwal/Desktop/Vybe/ios/Pods/Headers/Public/React-perflogger -I /Users/tavishagarwal/Desktop/Vybe/ios/Pods/Headers/Public/React-performancecdpmetrics -I /Users/tavishagarwal/Desktop/Vybe/ios/Pods/Headers/Public/React-performancetimeline -I /Users/tavishagarwal/Desktop/Vybe/ios/Pods/Headers/Public/React-rendererconsistency -I /Users/tavishagarwal/Desktop/Vybe/ios/Pods/Headers/Public/React-renderercss -I /Users/tavishagarwal/Desktop/Vybe/ios/Pods/Headers/Public/React-rendererdebug -I /Users/tavishagarwal/Desktop/Vybe/ios/Pods/Headers/Public/React-runtimeexecutor -I /Users/tavishagarwal/Desktop/Vybe/ios/Pods/Headers/Public/React-runtimescheduler -I /Users/tavishagarwal/Desktop/Vybe/ios/Pods/Headers/Public/React-timing -I /Users/tavishagarwal/Desktop/Vybe/ios/Pods/Headers/Public/React-utils -I /Users/tavishagarwal/Desktop/Vybe/ios/Pods/Headers/Public/React-webperformancenativemodule -I /Users/tavishagarwal/Desktop/Vybe/ios/Pods/Headers/Public/ReactCodegen -I /Users/tavishagarwal/Desktop/Vybe/ios/Pods/Headers/Public/ReactCommon -I /Users/tavishagarwal/Desktop/Vybe/ios/Pods/Headers/Public/ReactNativeDependencies -I /Users/tavishagarwal/Desktop/Vybe/ios/Pods/Headers/Public/Yoga -I /Users/tavishagarwal/Desktop/Vybe/ios/Pods/Headers/Public/hermes-engine -I /Users/tavishagarwal/Library/Developer/Xcode/DerivedData/Vybe-eypqtupuvqzwmybaqlzhbqpdfpou/Build/Intermediates.noindex/Pods.build/Debug-iphonesimulator/ExpoMediaLibrary.build/DerivedSources-normal/arm64 -I /Users/tavishagarwal/Library/Developer/Xcode/DerivedData/Vybe-eypqtupuvqzwmybaqlzhbqpdfpou/Build/Intermediates.noindex/Pods.build/Debug-iphonesimulator/ExpoMediaLibrary.build/DerivedSources/arm64 -I /Users/tavishagarwal/Library/Developer/Xcode/DerivedData/Vybe-eypqtupuvqzwmybaqlzhbqpdfpou/Build/Intermediates.noindex/Pods.build/Debug-iphonesimulator/ExpoMediaLibrary.build/DerivedSources -F /Users/tavishagarwal/Library/Developer/Xcode/DerivedData/Vybe-eypqtupuvqzwmybaqlzhbqpdfpou/Build/Products/Debug-iphonesimulator/ExpoMediaLibrary -F /Users/tavishagarwal/Desktop/Vybe/ios/Pods/React-Core-prebuilt -F /Users/tavishagarwal/Desktop/Vybe/ios/Pods/ReactNativeDependencies/framework/packages/react-native -F /Users/tavishagarwal/Desktop/Vybe/ios/Pods/hermes-engine/destroot/Library/Frameworks/universal -F /Users/tavishagarwal/Library/Developer/Xcode/DerivedData/Vybe-eypqtupuvqzwmybaqlzhbqpdfpou/Build/Products/Debug-iphonesimulator/XCFrameworkIntermediates/React-Core-prebuilt -F /Users/tavishagarwal/Library/Developer/Xcode/DerivedData/Vybe-eypqtupuvqzwmybaqlzhbqpdfpou/Build/Products/Debug-iphonesimulator/XCFrameworkIntermediates/ReactNativeDependencies -F /Users/tavishagarwal/Library/Developer/Xcode/DerivedData/Vybe-eypqtupuvqzwmybaqlzhbqpdfpou/Build/Products/Debug-iphonesimulator/XCFrameworkIntermediates/hermes-engine/Pre-built -iquote /Users/tavishagarwal/Library/Developer/Xcode/DerivedData/Vybe-eypqtupuvqzwmybaqlzhbqpdfpou/Build/Intermediates.noindex/Pods.build/Debug-iphonesimulator/ExpoMediaLibrary.build/ExpoMediaLibrary-generated-files.hmap -iquote /Users/tavishagarwal/Library/Developer/Xcode/DerivedData/Vybe-eypqtupuvqzwmybaqlzhbqpdfpou/Build/Intermediates.noindex/Pods.build/Debug-iphonesimulator/ExpoMediaLibrary.build/ExpoMediaLibrary-project-headers.hmap -isystem /Applications/Xcode.app/Contents/Developer/Platforms/iPhoneSimulator.platform/Developer/SDKs/iPhoneSimulator26.4.sdk/usr/local/include -isystem /Applications/Xcode.app/Contents/Developer/Toolchains/XcodeDefault.xctoolchain/usr/lib/clang/21/include -internal-externc-isystem /Applications/Xcode.app/Contents/Developer/Platforms/iPhoneSimulator.platform/Developer/SDKs/iPhoneSimulator26.4.sdk/usr/include -internal-externc-isystem /Applications/Xcode.app/Contents/Developer/Toolchains/XcodeDefault.xctoolchain/usr/include -internal-iframework /Applications/Xcode.app/Contents/Developer/Platforms/iPhoneSimulator.platform/Developer/SDKs/iPhoneSimulator26.4.sdk/System/Library/Frameworks -internal-iframework /Applications/Xcode.app/Contents/Developer/Platforms/iPhoneSimulator.platform/Developer/SDKs/iPhoneSimulator26.4.sdk/System/Library/SubFrameworks -internal-iframework /Applications/Xcode.app/Contents/Developer/Platforms/iPhoneSimulator.platform/Developer/SDKs/iPhoneSimulator26.4.sdk/Library/Frameworks -ivfsstatcache /Users/tavishagarwal/Library/Developer/Xcode/DerivedData/SDKStatCaches.noindex/iphonesimulator26.4-23E252-686eebb5dc1d8ecb277353a59184f4aa.sdkstatcache -ivfsoverlay /Users/tavishagarwal/Library/Developer/Xcode/DerivedData/Vybe-eypqtupuvqzwmybaqlzhbqpdfpou/Build/Intermediates.noindex/Pods.build/Debug-iphonesimulator/Pods-8699adb1dd336b26511df848a716bd42-VFS-iphonesimulator/all-product-headers.yaml -std\=gnu11 -fexceptions -fskip-odr-check-in-gmf -fmodules -fmodule-name\=ExpoMediaLibrary -fno-implicit-modules -fobjc-exceptions -fmax-type-align\=16 -fpascal-strings -fvisibility-inlines-hidden-static-local-var -mdarwin-stkchk-strong-link -fno-odr-hash-protocols -pic-level 2 -fencode-extended-block-signature -stack-protector 1 -fobjc-runtime\=ios-15.1.0 -fobjc-arc -fobjc-runtime-has-weak -fobjc-weak -fgnuc-version\=4.2.1 -fblocks -fno-convergent-functions -ffp-contract\=on -fclang-abi-compat\=4.0 -fno-experimental-relative-c++-abi-vtables -fno-file-reproducible -clang-vendor-feature\=+disableNonDependentMemberExprInCurrentInstantiation -clang-vendor-feature\=+enableAggressiveVLAFolding -clang-vendor-feature\=+revert09abecef7bbf -clang-vendor-feature\=+thisNoAlignAttr -clang-vendor-feature\=+thisNoNullAttr -clang-vendor-feature\=+disableAtImportPrivateFrameworkInImplementationError -O0 -fno-assume-unique-vtables -fdebug-compilation-dir\=/Users/tavishagarwal/Desktop/Vybe/ios/Pods -fcoverage-compilation-dir\=/Users/tavishagarwal/Desktop/Vybe/ios/Pods -fdwarf2-cfi-asm -fobjc-msgsend-selector-stubs -fregister-global-dtors-with-atexit -fno-strict-return -dwarf-version\=4 -debugger-tuning\=lldb -disable-llvm-verifier -funwind-tables\=1 -enable-tlsdesc -clear-ast-before-backend -discard-value-names -main-file-name MediaLibraryImageLoader.m -mframe-pointer\=non-leaf -debug-info-kind\=standalone -fno-loop-interchange -fdiagnostics-hotness-threshold\=0 -fdiagnostics-misexpect-tolerance\=0 -D COCOAPODS\=1 -D DEBUG\=1 -D OBJC_OLD_DISPATCH_PROTOTYPES\=0 -D POD_CONFIGURATION_DEBUG\=1 -include /Users/tavishagarwal/Desktop/Vybe/ios/Pods/Target\ Support\ Files/ExpoMediaLibrary/ExpoMediaLibrary-prefix.pch -fdefine-target-os-macros -MT dependencies -dependency-file /Users/tavishagarwal/Library/Developer/Xcode/DerivedData/Vybe-eypqtupuvqzwmybaqlzhbqpdfpou/Build/Intermediates.noindex/Pods.build/Debug-iphonesimulator/ExpoMediaLibrary.build/Objects-normal/arm64/MediaLibraryImageLoader.d -skip-unused-modulemap-deps

CompileC /Users/tavishagarwal/Library/Developer/Xcode/DerivedData/Vybe-eypqtupuvqzwmybaqlzhbqpdfpou/Build/Intermediates.noindex/Pods.build/Debug-iphonesimulator/ExpoMediaLibrary.build/Objects-normal/arm64/ExpoMediaLibrary-dummy.o /Users/tavishagarwal/Desktop/Vybe/ios/Pods/Target\ Support\ Files/ExpoMediaLibrary/ExpoMediaLibrary-dummy.m normal arm64 objective-c com.apple.compilers.llvm.clang.1_0.compiler (in target 'ExpoMediaLibrary' from project 'Pods')
    cd /Users/tavishagarwal/Desktop/Vybe/ios/Pods
    
    Using response file: /Users/tavishagarwal/Library/Developer/Xcode/DerivedData/Vybe-eypqtupuvqzwmybaqlzhbqpdfpou/Build/Intermediates.noindex/Pods.build/Debug-iphonesimulator/ExpoMediaLibrary.build/Objects-normal/arm64/e6072d4f65d7061329687fe24e3d63a7-common-args.resp
    
    /Applications/Xcode.app/Contents/Developer/Toolchains/XcodeDefault.xctoolchain/usr/bin/clang -x objective-c -ivfsstatcache /Users/tavishagarwal/Library/Developer/Xcode/DerivedData/SDKStatCaches.noindex/iphonesimulator26.4-23E252-686eebb5dc1d8ecb277353a59184f4aa.sdkstatcache -target arm64-apple-ios15.1-simulator -fmessage-length\=0 -fdiagnostics-show-note-include-stack -fmacro-backtrace-limit\=0 -fno-color-diagnostics -fmodules-prune-interval\=86400 -fmodules-prune-after\=345600 -fbuild-session-file\=/Users/tavishagarwal/Library/Developer/Xcode/DerivedData/ModuleCache.noindex/Session.modulevalidation -fmodules-validate-once-per-build-session -Wnon-modular-include-in-framework-module -Werror\=non-modular-include-in-framework-module -Wno-trigraphs -Wno-missing-field-initializers -Wno-missing-prototypes -Werror\=return-type -Wdocumentation -Wunreachable-code -Wno-implicit-atomic-properties -Werror\=deprecated-objc-isa-usage -Wno-objc-interface-ivars -Werror\=objc-root-class -Wno-arc-repeated-use-of-weak -Wimplicit-retain-self -Wduplicate-method-match -Wno-missing-braces -Wparentheses -Wswitch -Wunused-function -Wno-unused-label -Wno-unused-parameter -Wunused-variable -Wunused-value -Wempty-body -Wuninitialized -Wconditional-uninitialized -Wno-unknown-pragmas -Wno-shadow -Wno-four-char-constants -Wno-conversion -Wconstant-conversion -Wint-conversion -Wbool-conversion -Wenum-conversion -Wno-float-conversion -Wnon-literal-null-conversion -Wobjc-literal-conversion -Wshorten-64-to-32 -Wpointer-sign -Wno-newline-eof -Wno-selector -Wno-strict-selector-match -Wundeclared-selector -Wdeprecated-implementations -Wno-implicit-fallthrough -isysroot /Applications/Xcode.app/Contents/Developer/Platforms/iPhoneSimulator.platform/Developer/SDKs/iPhoneSimulator26.4.sdk -fstrict-aliasing -Wprotocol -Wdeprecated-declarations -Wno-sign-conversion -Winfinite-recursion -Wcomma -Wblock-capture-autoreleasing -Wstrict-prototypes -Wno-semicolon-before-method-body -Wunguarded-availability -index-store-path /Users/tavishagarwal/Library/Developer/Xcode/DerivedData/Vybe-eypqtupuvqzwmybaqlzhbqpdfpou/Index.noindex/DataStore @/Users/tavishagarwal/Library/Developer/Xcode/DerivedData/Vybe-eypqtupuvqzwmybaqlzhbqpdfpou/Build/Intermediates.noindex/Pods.build/Debug-iphonesimulator/ExpoMediaLibrary.build/Objects-normal/arm64/e6072d4f65d7061329687fe24e3d63a7-common-args.resp -include /Users/tavishagarwal/Desktop/Vybe/ios/Pods/Target\ Support\ Files/ExpoMediaLibrary/ExpoMediaLibrary-prefix.pch -MMD -MT dependencies -MF /Users/tavishagarwal/Library/Developer/Xcode/DerivedData/Vybe-eypqtupuvqzwmybaqlzhbqpdfpou/Build/Intermediates.noindex/Pods.build/Debug-iphonesimulator/ExpoMediaLibrary.build/Objects-normal/arm64/ExpoMediaLibrary-dummy.d --serialize-diagnostics /Users/tavishagarwal/Library/Developer/Xcode/DerivedData/Vybe-eypqtupuvqzwmybaqlzhbqpdfpou/Build/Intermediates.noindex/Pods.build/Debug-iphonesimulator/ExpoMediaLibrary.build/Objects-normal/arm64/ExpoMediaLibrary-dummy.dia -c /Users/tavishagarwal/Desktop/Vybe/ios/Pods/Target\ Support\ Files/ExpoMediaLibrary/ExpoMediaLibrary-dummy.m -o /Users/tavishagarwal/Library/Developer/Xcode/DerivedData/Vybe-eypqtupuvqzwmybaqlzhbqpdfpou/Build/Intermediates.noindex/Pods.build/Debug-iphonesimulator/ExpoMediaLibrary.build/Objects-normal/arm64/ExpoMediaLibrary-dummy.o -index-unit-output-path /Pods.build/Debug-iphonesimulator/ExpoMediaLibrary.build/Objects-normal/arm64/ExpoMediaLibrary-dummy.o
Failed frontend command:
/Applications/Xcode.app/Contents/Developer/Toolchains/XcodeDefault.xctoolchain/usr/bin/clang -cc1 -Wundef-prefix\=TARGET_OS_ -fdiagnostics-show-note-include-stack -fmacro-backtrace-limit\=0 -ferror-limit 19 -serialize-diagnostic-file /Users/tavishagarwal/Library/Developer/Xcode/DerivedData/Vybe-eypqtupuvqzwmybaqlzhbqpdfpou/Build/Intermediates.noindex/Pods.build/Debug-iphonesimulator/ExpoMediaLibrary.build/Objects-normal/arm64/ExpoMediaLibrary-dummy.dia -Wdeprecated-objc-isa-usage -Werror\=deprecated-objc-isa-usage -Werror\=implicit-function-declaration -Wnon-modular-include-in-framework-module -Werror\=non-modular-include-in-framework-module -Wno-trigraphs -Wno-missing-field-initializers -Wno-missing-prototypes -Werror\=return-type -Wdocumentation -Wunreachable-code -Wno-implicit-atomic-properties -Werror\=deprecated-objc-isa-usage -Wno-objc-interface-ivars -Werror\=objc-root-class -Wno-arc-repeated-use-of-weak -Wimplicit-retain-self -Wduplicate-method-match -Wno-missing-braces -Wparentheses -Wswitch -Wunused-function -Wno-unused-label -Wno-unused-parameter -Wunused-variable -Wunused-value -Wempty-body -Wuninitialized -Wconditional-uninitialized -Wno-unknown-pragmas -Wno-shadow -Wno-four-char-constants -Wno-conversion -Wconstant-conversion -Wint-conversion -Wbool-conversion -Wenum-conversion -Wno-float-conversion -Wnon-literal-null-conversion -Wobjc-literal-conversion -Wshorten-64-to-32 -Wpointer-sign -Wno-newline-eof -Wno-selector -Wno-strict-selector-match -Wundeclared-selector -Wdeprecated-implementations -Wno-implicit-fallthrough -Wprotocol -Wdeprecated-declarations -Wno-sign-conversion -Winfinite-recursion -Wcomma -Wblock-capture-autoreleasing -Wstrict-prototypes -Wno-semicolon-before-method-body -Wunguarded-availability -Wno-elaborated-enum-base -Wno-error\=allocator-wrappers -index-store-path /Users/tavishagarwal/Library/Developer/Xcode/DerivedData/Vybe-eypqtupuvqzwmybaqlzhbqpdfpou/Index.noindex/DataStore -index-unit-output-path /Pods.build/Debug-iphonesimulator/ExpoMediaLibrary.build/Objects-normal/arm64/ExpoMediaLibrary-dummy.o -fmodule-map-file\=/Users/tavishagarwal/Library/Developer/Xcode/DerivedData/Vybe-eypqtupuvqzwmybaqlzhbqpdfpou/Build/Products/Debug-iphonesimulator/ExpoModulesCore/ExpoModulesCore.modulemap -fmodule-map-file\=/Users/tavishagarwal/Library/Developer/Xcode/DerivedData/Vybe-eypqtupuvqzwmybaqlzhbqpdfpou/Build/Products/Debug-iphonesimulator/RCTSwiftUI/RCTSwiftUI.modulemap -fmodule-map-file\=/Users/tavishagarwal/Desktop/Vybe/ios/Pods/Headers/Public/ExpoModulesJSI/ExpoModulesJSI.modulemap -fmodule-map-file\=/Users/tavishagarwal/Desktop/Vybe/ios/Pods/Headers/Public/RNWorklets/RNWorklets.modulemap -fmodule-map-file\=/Users/tavishagarwal/Desktop/Vybe/ios/Pods/Headers/Public/ReactCodegen/ReactCodegen.modulemap -fmodule-map-file\=/Applications/Xcode.app/Contents/Developer/Platforms/iPhoneSimulator.platform/Developer/SDKs/iPhoneSimulator.sdk/System/Library/Frameworks/Foundation.framework/Modules/module.modulemap -fmodule-map-file\=/Applications/Xcode.app/Contents/Developer/Platforms/iPhoneSimulator.platform/Developer/SDKs/iPhoneSimulator.sdk/System/Library/Frameworks/UIKit.framework/Modules/module.modulemap -o /Users/tavishagarwal/Library/Developer/Xcode/DerivedData/Vybe-eypqtupuvqzwmybaqlzhbqpdfpou/Build/Intermediates.noindex/Pods.build/Debug-iphonesimulator/ExpoMediaLibrary.build/Objects-normal/arm64/ExpoMediaLibrary-dummy.o -disable-free -emit-obj -x objective-c /Users/tavishagarwal/Desktop/Vybe/ios/Pods/Target\ Support\ Files/ExpoMediaLibrary/ExpoMediaLibrary-dummy.m -target-abi darwinpcs -target-cpu apple-m1 -target-feature +v8.5a -target-feature +aes -target-feature +altnzcv -target-feature +ccdp -target-feature +ccpp -target-feature +complxnum -target-feature +crc -target-feature +dotprod -target-feature +flagm -target-feature +fp-armv8 -target-feature +fp16fml -target-feature +fptoint -target-feature +fullfp16 -target-feature +jsconv -target-feature +lse -target-feature +neon -target-feature +pauth -target-feature +perfmon -target-feature +predres -target-feature +ras -target-feature +rcpc -target-feature +rdm -target-feature +sb -target-feature +sha2 -target-feature +sha3 -target-feature +specrestrict -target-feature +ssbs -triple arm64-apple-ios15.1.0-simulator -target-linker-version 1266.8 -target-sdk-version\=26.4 -fmodules-validate-system-headers -fno-modulemap-allow-subdirectory-search -isysroot /Applications/Xcode.app/Contents/Developer/Platforms/iPhoneSimulator.platform/Developer/SDKs/iPhoneSimulator26.4.sdk -resource-dir /Applications/Xcode.app/Contents/Developer/Toolchains/XcodeDefault.xctoolchain/usr/lib/clang/21 -fmodule-file\=Foundation\=/Users/tavishagarwal/Library/Developer/Xcode/DerivedData/Vybe-eypqtupuvqzwmybaqlzhbqpdfpou/Build/Intermediates.noindex/ExplicitPrecompiledModules/Foundation-673MI2G1JKTUC95SC7SER6UZJ.pcm -fmodule-file\=UIKit\=/Users/tavishagarwal/Library/Developer/Xcode/DerivedData/Vybe-eypqtupuvqzwmybaqlzhbqpdfpou/Build/Intermediates.noindex/ExplicitPrecompiledModules/UIKit-6O0FSS5Q26FQ0WZJKKJ31S4EO.pcm -I /Users/tavishagarwal/Library/Developer/Xcode/DerivedData/Vybe-eypqtupuvqzwmybaqlzhbqpdfpou/Build/Intermediates.noindex/Pods.build/Debug-iphonesimulator/ExpoMediaLibrary.build/ExpoMediaLibrary-own-target-headers.hmap -I /Users/tavishagarwal/Library/Developer/Xcode/DerivedData/Vybe-eypqtupuvqzwmybaqlzhbqpdfpou/Build/Intermediates.noindex/Pods.build/Debug-iphonesimulator/ExpoMediaLibrary.build/ExpoMediaLibrary-all-non-framework-target-headers.hmap -I /Users/tavishagarwal/Library/Developer/Xcode/DerivedData/Vybe-eypqtupuvqzwmybaqlzhbqpdfpou/Build/Products/Debug-iphonesimulator/ExpoMediaLibrary/include -I /Users/tavishagarwal/Desktop/Vybe/ios/Pods/Headers/Private -I /Users/tavishagarwal/Desktop/Vybe/ios/Pods/Headers/Private/ExpoMediaLibrary -I /Users/tavishagarwal/Desktop/Vybe/ios/Pods/Headers/Public -I /Users/tavishagarwal/Desktop/Vybe/ios/Pods/Headers/Public/ExpoModulesCore -I /Users/tavishagarwal/Desktop/Vybe/ios/Pods/Headers/Public/ExpoModulesJSI -I /Users/tavishagarwal/Desktop/Vybe/ios/Pods/Headers/Public/FBLazyVector -I /Users/tavishagarwal/Desktop/Vybe/ios/Pods/Headers/Public/RCTRequired -I /Users/tavishagarwal/Desktop/Vybe/ios/Pods/Headers/Public/RCTSwiftUIWrapper -I /Users/tavishagarwal/Desktop/Vybe/ios/Pods/Headers/Public/RCTTypeSafety -I /Users/tavishagarwal/Desktop/Vybe/ios/Pods/Headers/Public/RNWorklets -I /Users/tavishagarwal/Desktop/Vybe/ios/Pods/Headers/Public/React-Core -I /Users/tavishagarwal/Desktop/Vybe/ios/Pods/Headers/Public/React-Core-prebuilt -I /Users/tavishagarwal/Desktop/Vybe/ios/Pods/Headers/Public/React-CoreModules -I /Users/tavishagarwal/Desktop/Vybe/ios/Pods/Headers/Public/React-Fabric -I /Users/tavishagarwal/Desktop/Vybe/ios/Pods/Headers/Public/React-FabricComponents -I /Users/tavishagarwal/Desktop/Vybe/ios/Pods/Headers/Public/React-FabricImage -I /Users/tavishagarwal/Desktop/Vybe/ios/Pods/Headers/Public/React-ImageManager -I /Users/tavishagarwal/Desktop/Vybe/ios/Pods/Headers/Public/React-Mapbuffer -I /Users/tavishagarwal/Desktop/Vybe/ios/Pods/Headers/Public/React-NativeModulesApple -I /Users/tavishagarwal/Desktop/Vybe/ios/Pods/Headers/Public/React-RCTAnimation -I /Users/tavishagarwal/Desktop/Vybe/ios/Pods/Headers/Public/React-RCTBlob -I /Users/tavishagarwal/Desktop/Vybe/ios/Pods/Headers/Public/React-RCTFBReactNativeSpec -I /Users/tavishagarwal/Desktop/Vybe/ios/Pods/Headers/Public/React-RCTFabric -I /Users/tavishagarwal/Desktop/Vybe/ios/Pods/Headers/Public/React-RCTImage -I /Users/tavishagarwal/Desktop/Vybe/ios/Pods/Headers/Public/React-RCTRuntime -I /Users/tavishagarwal/Desktop/Vybe/ios/Pods/Headers/Public/React-RCTText -I /Users/tavishagarwal/Desktop/Vybe/ios/Pods/Headers/Public/React-RuntimeApple -I /Users/tavishagarwal/Desktop/Vybe/ios/Pods/Headers/Public/React-RuntimeCore -I /Users/tavishagarwal/Desktop/Vybe/ios/Pods/Headers/Public/React-RuntimeHermes -I /Users/tavishagarwal/Desktop/Vybe/ios/Pods/Headers/Public/React-callinvoker -I /Users/tavishagarwal/Desktop/Vybe/ios/Pods/Headers/Public/React-cxxreact -I /Users/tavishagarwal/Desktop/Vybe/ios/Pods/Headers/Public/React-debug -I /Users/tavishagarwal/Desktop/Vybe/ios/Pods/Headers/Public/React-defaultsnativemodule -I /Users/tavishagarwal/Desktop/Vybe/ios/Pods/Headers/Public/React-domnativemodule -I /Users/tavishagarwal/Desktop/Vybe/ios/Pods/Headers/Public/React-featureflags -I /Users/tavishagarwal/Desktop/Vybe/ios/Pods/Headers/Public/React-featureflagsnativemodule -I /Users/tavishagarwal/Desktop/Vybe/ios/Pods/Headers/Public/React-graphics -I /Users/tavishagarwal/Desktop/Vybe/ios/Pods/Headers/Public/React-hermes -I /Users/tavishagarwal/Desktop/Vybe/ios/Pods/Headers/Public/React-idlecallbacksnativemodule -I /Users/tavishagarwal/Desktop/Vybe/ios/Pods/Headers/Public/React-intersectionobservernativemodule -I /Users/tavishagarwal/Desktop/Vybe/ios/Pods/Headers/Public/React-jserrorhandler -I /Users/tavishagarwal/Desktop/Vybe/ios/Pods/Headers/Public/React-jsi -I /Users/tavishagarwal/Desktop/Vybe/ios/Pods/Headers/Public/React-jsiexecutor -I /Users/tavishagarwal/Desktop/Vybe/ios/Pods/Headers/Public/React-jsinspector -I /Users/tavishagarwal/Desktop/Vybe/ios/Pods/Headers/Public/React-jsinspectorcdp -I /Users/tavishagarwal/Desktop/Vybe/ios/Pods/Headers/Public/React-jsinspectornetwork -I /Users/tavishagarwal/Desktop/Vybe/ios/Pods/Headers/Public/React-jsinspectortracing -I /Users/tavishagarwal/Desktop/Vybe/ios/Pods/Headers/Public/React-jsitooling -I /Users/tavishagarwal/Desktop/Vybe/ios/Pods/Headers/Public/React-logger -I /Users/tavishagarwal/Desktop/Vybe/ios/Pods/Headers/Public/React-microtasksnativemodule -I /Users/tavishagarwal/Desktop/Vybe/ios/Pods/Headers/Public/React-networking -I /Users/tavishagarwal/Desktop/Vybe/ios/Pods/Headers/Public/React-oscompat -I /Users/tavishagarwal/Desktop/Vybe/ios/Pods/Headers/Public/React-perflogger -I /Users/tavishagarwal/Desktop/Vybe/ios/Pods/Headers/Public/React-performancecdpmetrics -I /Users/tavishagarwal/Desktop/Vybe/ios/Pods/Headers/Public/React-performancetimeline -I /Users/tavishagarwal/Desktop/Vybe/ios/Pods/Headers/Public/React-rendererconsistency -I /Users/tavishagarwal/Desktop/Vybe/ios/Pods/Headers/Public/React-renderercss -I /Users/tavishagarwal/Desktop/Vybe/ios/Pods/Headers/Public/React-rendererdebug -I /Users/tavishagarwal/Desktop/Vybe/ios/Pods/Headers/Public/React-runtimeexecutor -I /Users/tavishagarwal/Desktop/Vybe/ios/Pods/Headers/Public/React-runtimescheduler -I /Users/tavishagarwal/Desktop/Vybe/ios/Pods/Headers/Public/React-timing -I /Users/tavishagarwal/Desktop/Vybe/ios/Pods/Headers/Public/React-utils -I /Users/tavishagarwal/Desktop/Vybe/ios/Pods/Headers/Public/React-webperformancenativemodule -I /Users/tavishagarwal/Desktop/Vybe/ios/Pods/Headers/Public/ReactCodegen -I /Users/tavishagarwal/Desktop/Vybe/ios/Pods/Headers/Public/ReactCommon -I /Users/tavishagarwal/Desktop/Vybe/ios/Pods/Headers/Public/ReactNativeDependencies -I /Users/tavishagarwal/Desktop/Vybe/ios/Pods/Headers/Public/Yoga -I /Users/tavishagarwal/Desktop/Vybe/ios/Pods/Headers/Public/hermes-engine -I /Users/tavishagarwal/Library/Developer/Xcode/DerivedData/Vybe-eypqtupuvqzwmybaqlzhbqpdfpou/Build/Intermediates.noindex/Pods.build/Debug-iphonesimulator/ExpoMediaLibrary.build/DerivedSources-normal/arm64 -I /Users/tavishagarwal/Library/Developer/Xcode/DerivedData/Vybe-eypqtupuvqzwmybaqlzhbqpdfpou/Build/Intermediates.noindex/Pods.build/Debug-iphonesimulator/ExpoMediaLibrary.build/DerivedSources/arm64 -I /Users/tavishagarwal/Library/Developer/Xcode/DerivedData/Vybe-eypqtupuvqzwmybaqlzhbqpdfpou/Build/Intermediates.noindex/Pods.build/Debug-iphonesimulator/ExpoMediaLibrary.build/DerivedSources -F /Users/tavishagarwal/Library/Developer/Xcode/DerivedData/Vybe-eypqtupuvqzwmybaqlzhbqpdfpou/Build/Products/Debug-iphonesimulator/ExpoMediaLibrary -F /Users/tavishagarwal/Desktop/Vybe/ios/Pods/React-Core-prebuilt -F /Users/tavishagarwal/Desktop/Vybe/ios/Pods/ReactNativeDependencies/framework/packages/react-native -F /Users/tavishagarwal/Desktop/Vybe/ios/Pods/hermes-engine/destroot/Library/Frameworks/universal -F /Users/tavishagarwal/Library/Developer/Xcode/DerivedData/Vybe-eypqtupuvqzwmybaqlzhbqpdfpou/Build/Products/Debug-iphonesimulator/XCFrameworkIntermediates/React-Core-prebuilt -F /Users/tavishagarwal/Library/Developer/Xcode/DerivedData/Vybe-eypqtupuvqzwmybaqlzhbqpdfpou/Build/Products/Debug-iphonesimulator/XCFrameworkIntermediates/ReactNativeDependencies -F /Users/tavishagarwal/Library/Developer/Xcode/DerivedData/Vybe-eypqtupuvqzwmybaqlzhbqpdfpou/Build/Products/Debug-iphonesimulator/XCFrameworkIntermediates/hermes-engine/Pre-built -iquote /Users/tavishagarwal/Library/Developer/Xcode/DerivedData/Vybe-eypqtupuvqzwmybaqlzhbqpdfpou/Build/Intermediates.noindex/Pods.build/Debug-iphonesimulator/ExpoMediaLibrary.build/ExpoMediaLibrary-generated-files.hmap -iquote /Users/tavishagarwal/Library/Developer/Xcode/DerivedData/Vybe-eypqtupuvqzwmybaqlzhbqpdfpou/Build/Intermediates.noindex/Pods.build/Debug-iphonesimulator/ExpoMediaLibrary.build/ExpoMediaLibrary-project-headers.hmap -isystem /Applications/Xcode.app/Contents/Developer/Platforms/iPhoneSimulator.platform/Developer/SDKs/iPhoneSimulator26.4.sdk/usr/local/include -isystem /Applications/Xcode.app/Contents/Developer/Toolchains/XcodeDefault.xctoolchain/usr/lib/clang/21/include -internal-externc-isystem /Applications/Xcode.app/Contents/Developer/Platforms/iPhoneSimulator.platform/Developer/SDKs/iPhoneSimulator26.4.sdk/usr/include -internal-externc-isystem /Applications/Xcode.app/Contents/Developer/Toolchains/XcodeDefault.xctoolchain/usr/include -internal-iframework /Applications/Xcode.app/Contents/Developer/Platforms/iPhoneSimulator.platform/Developer/SDKs/iPhoneSimulator26.4.sdk/System/Library/Frameworks -internal-iframework /Applications/Xcode.app/Contents/Developer/Platforms/iPhoneSimulator.platform/Developer/SDKs/iPhoneSimulator26.4.sdk/System/Library/SubFrameworks -internal-iframework /Applications/Xcode.app/Contents/Developer/Platforms/iPhoneSimulator.platform/Developer/SDKs/iPhoneSimulator26.4.sdk/Library/Frameworks -ivfsstatcache /Users/tavishagarwal/Library/Developer/Xcode/DerivedData/SDKStatCaches.noindex/iphonesimulator26.4-23E252-686eebb5dc1d8ecb277353a59184f4aa.sdkstatcache -ivfsoverlay /Users/tavishagarwal/Library/Developer/Xcode/DerivedData/Vybe-eypqtupuvqzwmybaqlzhbqpdfpou/Build/Intermediates.noindex/Pods.build/Debug-iphonesimulator/Pods-8699adb1dd336b26511df848a716bd42-VFS-iphonesimulator/all-product-headers.yaml -std\=gnu11 -fexceptions -fskip-odr-check-in-gmf -fmodules -fmodule-name\=ExpoMediaLibrary -fno-implicit-modules -fobjc-exceptions -fmax-type-align\=16 -fpascal-strings -fvisibility-inlines-hidden-static-local-var -mdarwin-stkchk-strong-link -fno-odr-hash-protocols -pic-level 2 -fencode-extended-block-signature -stack-protector 1 -fobjc-runtime\=ios-15.1.0 -fobjc-arc -fobjc-runtime-has-weak -fobjc-weak -fgnuc-version\=4.2.1 -fblocks -fno-convergent-functions -ffp-contract\=on -fclang-abi-compat\=4.0 -fno-experimental-relative-c++-abi-vtables -fno-file-reproducible -clang-vendor-feature\=+disableNonDependentMemberExprInCurrentInstantiation -clang-vendor-feature\=+enableAggressiveVLAFolding -clang-vendor-feature\=+revert09abecef7bbf -clang-vendor-feature\=+thisNoAlignAttr -clang-vendor-feature\=+thisNoNullAttr -clang-vendor-feature\=+disableAtImportPrivateFrameworkInImplementationError -O0 -fno-assume-unique-vtables -fdebug-compilation-dir\=/Users/tavishagarwal/Desktop/Vybe/ios/Pods -fcoverage-compilation-dir\=/Users/tavishagarwal/Desktop/Vybe/ios/Pods -fdwarf2-cfi-asm -fobjc-msgsend-selector-stubs -fregister-global-dtors-with-atexit -fno-strict-return -dwarf-version\=4 -debugger-tuning\=lldb -disable-llvm-verifier -funwind-tables\=1 -enable-tlsdesc -clear-ast-before-backend -discard-value-names -main-file-name ExpoMediaLibrary-dummy.m -mframe-pointer\=non-leaf -debug-info-kind\=standalone -fno-loop-interchange -fdiagnostics-hotness-threshold\=0 -fdiagnostics-misexpect-tolerance\=0 -D COCOAPODS\=1 -D DEBUG\=1 -D OBJC_OLD_DISPATCH_PROTOTYPES\=0 -D POD_CONFIGURATION_DEBUG\=1 -include /Users/tavishagarwal/Desktop/Vybe/ios/Pods/Target\ Support\ Files/ExpoMediaLibrary/ExpoMediaLibrary-prefix.pch -fdefine-target-os-macros -MT dependencies -dependency-file /Users/tavishagarwal/Library/Developer/Xcode/DerivedData/Vybe-eypqtupuvqzwmybaqlzhbqpdfpou/Build/Intermediates.noindex/Pods.build/Debug-iphonesimulator/ExpoMediaLibrary.build/Objects-normal/arm64/ExpoMediaLibrary-dummy.d -skip-unused-modulemap-deps

note: Run script build phase '[CP-User] Generate app.config for prebuilt Constants.manifest' will be run during every build because the option to run the script phase "Based on dependency analysis" is unchecked. (in target 'EXConstants' from project 'Pods')
note: Run script build phase 'Bundle React Native code and images' will be run during every build because the option to run the script phase "Based on dependency analysis" is unchecked. (in target 'Vybe' from project 'Vybe')
note: Run script build phase '[Expo] Configure project' will be run during every build because the option to run the script phase "Based on dependency analysis" is unchecked. (in target 'Vybe' from project 'Vybe')
warning: Run script build phase 'Upload Debug Symbols to Sentry' will be run during every build because it does not specify any outputs. To address this issue, either add output dependencies to the script phase, or configure it to run in every build by unchecking "Based on dependency analysis" in the script phase. (in target 'Vybe' from project 'Vybe')
warning: Run script build phase '[CP-User] [Hermes] Replace Hermes for the right configuration, if needed' will be run during every build because it does not specify any outputs. To address this issue, either add output dependencies to the script phase, or configure it to run in every build by unchecking "Based on dependency analysis" in the script phase. (in target 'hermes-engine' from project 'Pods')
note: Run script build phase '[CP-User] [RNDeps] Replace React Native Dependencies for the right configuration, if needed' will be run during every build because the option to run the script phase "Based on dependency analysis" is unchecked. (in target 'ReactNativeDependencies' from project 'Pods')
/Users/tavishagarwal/Desktop/Vybe/ios/Pods/Pods.xcodeproj: warning: The iOS Simulator deployment target 'IPHONEOS_DEPLOYMENT_TARGET' is set to 11.0, but the range of supported deployment target versions is 12.0 to 26.4.99. (in target 'Sentry-Sentry' from project 'Pods')
/Users/tavishagarwal/Desktop/Vybe/ios/Pods/Pods.xcodeproj: warning: The iOS Simulator deployment target 'IPHONEOS_DEPLOYMENT_TARGET' is set to 9.0, but the range of supported deployment target versions is 12.0 to 26.4.99. (in target 'SDWebImage-SDWebImage' from project 'Pods')
** BUILD FAILED **


The following build commands failed:
	SwiftCompile normal arm64 Compiling\ ExpoVideoView.swift,\ VideoViewModule.swift /Users/tavishagarwal/Desktop/Vybe/node_modules/expo-av/ios/EXAV/ExpoVideoView.swift /Users/tavishagarwal/Desktop/Vybe/node_modules/expo-av/ios/EXAV/Video/VideoViewModule.swift (in target 'EXAV' from project 'Pods')
	CompileSwift normal arm64 (in target 'EXAV' from project 'Pods')
	Building workspace Vybe with scheme Vybe and configuration Debug
(3 failures)
